Invoice,StockCode,Description,Quantity,InvoiceDate,Price,Customer ID,Country
561901,21212,PACK OF 72 RETROSPOT CAKE CASES,360,2011-07-31 15:42:00,0.55,14156.0,EIRE
561906,21212,PACK OF 72 RETROSPOT CAKE CASES,24,2011-08-01 10:03:00,0.55,12921.0,United Kingdom
561908,85099B,JUMBO BAG RED RETROSPOT,10,2011-08-01 10:09:00,2.08,14239.0,United Kingdom
561910,85123A,WHITE HANGING HEART T-LIGHT HOLDER,12,2011-08-01 10:23:00,2.95,17053.0,United Kingdom
561911,84879,ASSORTED COLOUR BIRD ORNAMENT,8,2011-08-01 10:26:00,1.69,12534.0,Germany
561914,85123A,WHITE HANGING HEART T-LIGHT HOLDER,6,2011-08-01 11:13:00,2.95,17676.0,United Kingdom
561915,84879,ASSORTED COLOUR BIRD ORNAMENT,16,2011-08-01 11:23:00,1.69,14408.0,United Kingdom
561917,85099B,JUMBO BAG RED RETROSPOT,1,2011-08-01 11:57:00,2.08,16904.0,United Kingdom
561923,85123A,WHITE HANGING HEART T-LIGHT HOLDER,6,2011-08-01 12:16:00,2.95,14112.0,United Kingdom
561923,85099B,JUMBO BAG RED RETROSPOT,10,2011-08-01 12:16:00,2.08,14112.0,United Kingdom
561926,23166,MEDIUM CERAMIC TOP STORAGE JAR,12,2011-08-01 12:48:00,1.25,12749.0,United Kingdom
561926,84879,ASSORTED COLOUR BIRD ORNAMENT,8,2011-08-01 12:48:00,1.69,12749.0,United Kingdom
561933,85123A,WHITE HANGING HEART T-LIGHT HOLDER,12,2011-08-01 12:56:00,2.95,12949.0,United Kingdom
561933,84879,ASSORTED COLOUR BIRD ORNAMENT,16,2011-08-01 12:56:00,1.69,12949.0,United Kingdom
561933,23166,MEDIUM CERAMIC TOP STORAGE JAR,12,2011-08-01 12:56:00,1.25,12949.0,United Kingdom
561933,22197,POPCORN HOLDER,12,2011-08-01 12:56:00,0.85,12949.0,United Kingdom
561968,22197,POPCORN HOLDER,1,2011-08-01 13:29:00,0.85,16332.0,United Kingdom
561969,22197,POPCORN HOLDER,8,2011-08-01 13:31:00,0.85,17757.0,United Kingdom
562002,85123A,WHITE HANGING HEART T-LIGHT HOLDER,12,2011-08-01 13:48:00,2.95,14567.0,United Kingdom
562014,85099B,JUMBO BAG RED RETROSPOT,10,2011-08-01 14:05:00,2.08,14341.0,United Kingdom
562017,85123A,WHITE HANGING HEART T-LIGHT HOLDER,12,2011-08-01 14:16:00,2.95,14937.0,Channel Islands
562019,85099B,JUMBO BAG RED RETROSPOT,10,2011-08-01 14:57:00,2.08,14709.0,United Kingdom
562024,23084,RABBIT NIGHT LIGHT,2,2011-08-01 16:07:00,4.13,,United Kingdom
562024,84879,ASSORTED COLOUR BIRD ORNAMENT,8,2011-08-01 16:07:00,1.69,,United Kingdom
562024,85123A,WHITE HANGING HEART T-LIGHT HOLDER,1,2011-08-01 16:07:00,5.79,,United Kingdom
562024,22616,PACK OF 12 LONDON TISSUES ,1,2011-08-01 16:07:00,0.83,,United Kingdom
562029,85099B,JUMBO BAG RED RETROSPOT,300,2011-08-01 16:41:00,1.79,16182.0,United Kingdom
562031,23166,MEDIUM CERAMIC TOP STORAGE JAR,3,2011-08-01 17:37:00,1.25,16984.0,United Kingdom
562031,84879,ASSORTED COLOUR BIRD ORNAMENT,32,2011-08-01 17:37:00,1.69,16984.0,United Kingdom
562031,85099B,JUMBO BAG RED RETROSPOT,7,2011-08-01 17:37:00,2.08,16984.0,United Kingdom
562038,85099B,JUMBO BAG RED RETROSPOT,10,2011-08-02 09:35:00,2.08,12633.0,Germany
562042,23166,MEDIUM CERAMIC TOP STORAGE JAR,24,2011-08-02 10:19:00,1.25,13075.0,United Kingdom
562046,21212,PACK OF 72 RETROSPOT CAKE CASES,24,2011-08-02 10:34:00,0.55,12378.0,Switzerland
562049,22197,POPCORN HOLDER,36,2011-08-02 11:33:00,0.85,14133.0,United Kingdom
562093,85123A,WHITE HANGING HEART T-LIGHT HOLDER,32,2011-08-02 12:59:00,2.55,13777.0,United Kingdom
562093,85099B,JUMBO BAG RED RETROSPOT,20,2011-08-02 12:59:00,1.79,13777.0,United Kingdom
562096,23166,MEDIUM CERAMIC TOP STORAGE JAR,1,2011-08-02 13:16:00,1.25,15311.0,United Kingdom
562099,85099B,JUMBO BAG RED RETROSPOT,10,2011-08-02 13:46:00,2.08,14688.0,United Kingdom
562101,23166,MEDIUM CERAMIC TOP STORAGE JAR,12,2011-08-02 14:04:00,1.25,13850.0,United Kingdom
562101,85099B,JUMBO BAG RED RETROSPOT,10,2011-08-02 14:04:00,2.08,13850.0,United Kingdom
562104,21212,PACK OF 72 RETROSPOT CAKE CASES,16,2011-08-02 14:31:00,2.08,,United Kingdom
562106,23166,MEDIUM CERAMIC TOP STORAGE JAR,1,2011-08-02 15:19:00,1.25,14076.0,United Kingdom
562106,23166,MEDIUM CERAMIC TOP STORAGE JAR,3,2011-08-02 15:19:00,1.25,14076.0,United Kingdom
562113,85099B,JUMBO BAG RED RETROSPOT,1,2011-08-02 16:11:00,4.13,,United Kingdom
562113,84879,ASSORTED COLOUR BIRD ORNAMENT,16,2011-08-02 16:11:00,1.69,,United Kingdom
562113,22197,POPCORN HOLDER,9,2011-08-02 16:11:00,1.63,,United Kingdom
562114,23084,RABBIT NIGHT LIGHT,1,2011-08-02 16:14:00,4.13,,United Kingdom
562114,85099B,JUMBO BAG RED RETROSPOT,3,2011-08-02 16:14:00,4.13,,United Kingdom
562120,84879,ASSORTED COLOUR BIRD ORNAMENT,8,2011-08-02 17:04:00,1.69,13756.0,United Kingdom
562129,85099B,JUMBO BAG RED RETROSPOT,10,2011-08-03 09:09:00,2.08,13186.0,United Kingdom
562129,85123A,WHITE HANGING HEART T-LIGHT HOLDER,6,2011-08-03 09:09:00,2.95,13186.0,United Kingdom
562131,85099B,JUMBO BAG RED RETROSPOT,10,2011-08-03 09:30:00,2.08,18178.0,United Kingdom
562131,22197,POPCORN HOLDER,12,2011-08-03 09:30:00,0.85,18178.0,United Kingdom
562133,84879,ASSORTED COLOUR BIRD ORNAMENT,2,2011-08-03 09:47:00,1.69,16419.0,United Kingdom
562146,84879,ASSORTED COLOUR BIRD ORNAMENT,32,2011-08-03 10:45:00,1.69,17675.0,United Kingdom
562152,85123A,WHITE HANGING HEART T-LIGHT HOLDER,32,2011-08-03 10:56:00,2.55,16168.0,United Kingdom
562155,22616,PACK OF 12 LONDON TISSUES ,216,2011-08-03 11:24:00,0.25,17940.0,United Kingdom
562161,23166,MEDIUM CERAMIC TOP STORAGE JAR,4,2011-08-03 11:58:00,1.25,17841.0,United Kingdom
562163,85123A,WHITE HANGING HEART T-LIGHT HOLDER,12,2011-08-03 12:06:00,2.95,15628.0,United Kingdom
562163,23166,MEDIUM CERAMIC TOP STORAGE JAR,12,2011-08-03 12:06:00,1.25,15628.0,United Kingdom
562173,85123A,WHITE HANGING HEART T-LIGHT HOLDER,5,2011-08-03 12:12:00,2.95,14530.0,United Kingdom
562199,85099B,JUMBO BAG RED RETROSPOT,2,2011-08-03 12:20:00,2.08,12748.0,United Kingdom
562202,84879,ASSORTED COLOUR BIRD ORNAMENT,8,2011-08-03 12:33:00,1.69,15290.0,United Kingdom
562204,85123A,WHITE HANGING HEART T-LIGHT HOLDER,1,2011-08-03 12:54:00,2.95,16324.0,United Kingdom
562204,85123A,WHITE HANGING HEART T-LIGHT HOLDER,3,2011-08-03 12:54:00,2.95,16324.0,United Kingdom
562205,84879,ASSORTED COLOUR BIRD ORNAMENT,16,2011-08-03 12:55:00,1.69,18055.0,United Kingdom
562207,21212,PACK OF 72 RETROSPOT CAKE CASES,120,2011-08-03 12:56:00,0.42,12643.0,France
562210,85123A,WHITE HANGING HEART T-LIGHT HOLDER,6,2011-08-03 13:10:00,2.95,13486.0,United Kingdom
562213,21212,PACK OF 72 RETROSPOT CAKE CASES,6,2011-08-03 13:39:00,0.55,13975.0,United Kingdom
562214,84879,ASSORTED COLOUR BIRD ORNAMENT,16,2011-08-03 13:39:00,1.69,17731.0,United Kingdom
562216,85099B,JUMBO BAG RED RETROSPOT,10,2011-08-03 13:50:00,2.08,16835.0,United Kingdom
562218,85123A,WHITE HANGING HEART T-LIGHT HOLDER,12,2011-08-03 14:07:00,2.95,13851.0,United Kingdom
562218,84077,WORLD WAR 2 GLIDERS ASSTD DESIGNS,48,2011-08-03 14:07:00,0.29,13851.0,United Kingdom
562219,85123A,WHITE HANGING HEART T-LIGHT HOLDER,12,2011-08-03 14:14:00,2.95,15089.0,United Kingdom
562220,84879,ASSORTED COLOUR BIRD ORNAMENT,8,2011-08-03 14:19:00,1.69,15150.0,United Kingdom
562224,22616,PACK OF 12 LONDON TISSUES ,432,2011-08-03 14:35:00,0.25,17306.0,United Kingdom
562258,22197,POPCORN HOLDER,2,2011-08-03 15:28:00,0.85,16348.0,United Kingdom
562263,85099B,JUMBO BAG RED RETROSPOT,4,2011-08-03 15:45:00,2.08,17514.0,United Kingdom
562263,85123A,WHITE HANGING HEART T-LIGHT HOLDER,2,2011-08-03 15:45:00,2.95,17514.0,United Kingdom
562264,85099B,JUMBO BAG RED RETROSPOT,2,2011-08-03 16:14:00,4.13,,United Kingdom
562264,21212,PACK OF 72 RETROSPOT CAKE CASES,1,2011-08-03 16:14:00,1.25,,United Kingdom
562264,22197,POPCORN HOLDER,1,2011-08-03 16:14:00,1.63,,United Kingdom
562271,84077,WORLD WAR 2 GLIDERS ASSTD DESIGNS,48,2011-08-03 17:05:00,0.29,16098.0,United Kingdom
562274,85099B,JUMBO BAG RED RETROSPOT,10,2011-08-04 10:00:00,2.08,12704.0,Finland
562276,21212,PACK OF 72 RETROSPOT CAKE CASES,24,2011-08-04 10:23:00,0.55,17735.0,United Kingdom
562276,85099B,JUMBO BAG RED RETROSPOT,20,2011-08-04 10:23:00,2.08,17735.0,United Kingdom
562282,85099B,JUMBO BAG RED RETROSPOT,100,2011-08-04 10:38:00,1.79,13098.0,United Kingdom
562339,22197,POPCORN HOLDER,8,2011-08-04 11:59:00,0.85,13571.0,United Kingdom
562340,85099B,JUMBO BAG RED RETROSPOT,10,2011-08-04 12:05:00,2.08,13985.0,United Kingdom
562343,22616,PACK OF 12 LONDON TISSUES ,1008,2011-08-04 12:13:00,0.29,17381.0,United Kingdom
562342,85099B,JUMBO BAG RED RETROSPOT,10,2011-08-04 12:13:00,2.08,16929.0,United Kingdom
562341,85123A,WHITE HANGING HEART T-LIGHT HOLDER,3,2011-08-04 12:13:00,2.95,15005.0,United Kingdom
562345,21212,PACK OF 72 RETROSPOT CAKE CASES,120,2011-08-04 12:14:00,0.42,13694.0,United Kingdom
562346,85099B,JUMBO BAG RED RETROSPOT,20,2011-08-04 12:14:00,2.08,16187.0,United Kingdom
562347,85123A,WHITE HANGING HEART T-LIGHT HOLDER,4,2011-08-04 12:22:00,2.95,13263.0,United Kingdom
562348,84879,ASSORTED COLOUR BIRD ORNAMENT,160,2011-08-04 12:36:00,1.45,17511.0,United Kingdom
562348,85123A,WHITE HANGING HEART T-LIGHT HOLDER,64,2011-08-04 12:36:00,2.55,17511.0,United Kingdom
562348,85099B,JUMBO BAG RED RETROSPOT,100,2011-08-04 12:36:00,1.79,17511.0,United Kingdom
562348,22197,POPCORN HOLDER,100,2011-08-04 12:36:00,0.72,17511.0,United Kingdom
562351,85099B,JUMBO BAG RED RETROSPOT,10,2011-08-04 13:10:00,2.08,16626.0,United Kingdom
562365,85123A,WHITE HANGING HEART T-LIGHT HOLDER,4,2011-08-04 13:51:00,2.95,14344.0,United Kingdom
562368,21212,PACK OF 72 RETROSPOT CAKE CASES,24,2011-08-04 14:06:00,0.55,16570.0,United Kingdom
562368,84879,ASSORTED COLOUR BIRD ORNAMENT,48,2011-08-04 14:06:00,1.69,16570.0,United Kingdom
562371,23166,MEDIUM CERAMIC TOP STORAGE JAR,12,2011-08-04 14:30:00,1.25,13709.0,United Kingdom
562374,23166,MEDIUM CERAMIC TOP STORAGE JAR,12,2011-08-04 14:40:00,1.25,14911.0,EIRE
562377,85123A,WHITE HANGING HEART T-LIGHT HOLDER,12,2011-08-04 15:04:00,2.95,14535.0,United Kingdom
562377,23166,MEDIUM CERAMIC TOP STORAGE JAR,12,2011-08-04 15:04:00,1.25,14535.0,United Kingdom
562378,84879,ASSORTED COLOUR BIRD ORNAMENT,160,2011-08-04 15:07:00,1.45,15046.0,United Kingdom
562379,85123A,WHITE HANGING HEART T-LIGHT HOLDER,12,2011-08-04 15:17:00,2.95,15134.0,United Kingdom
562381,21212,PACK OF 72 RETROSPOT CAKE CASES,24,2011-08-04 15:33:00,0.55,16873.0,United Kingdom
562381,85099B,JUMBO BAG RED RETROSPOT,10,2011-08-04 15:33:00,2.08,16873.0,United Kingdom
562388,22197,POPCORN HOLDER,4,2011-08-04 15:52:00,0.85,18099.0,United Kingdom
562388,21212,PACK OF 72 RETROSPOT CAKE CASES,6,2011-08-04 15:52:00,0.55,18099.0,United Kingdom
562388,22616,PACK OF 12 LONDON TISSUES ,12,2011-08-04 15:52:00,0.29,18099.0,United Kingdom
562393,84879,ASSORTED COLOUR BIRD ORNAMENT,24,2011-08-04 16:17:00,1.69,18172.0,United Kingdom
562393,85123A,WHITE HANGING HEART T-LIGHT HOLDER,24,2011-08-04 16:17:00,2.95,18172.0,United Kingdom
562417,85099B,JUMBO BAG RED RETROSPOT,1,2011-08-04 16:32:00,4.13,,United Kingdom
562417,84879,ASSORTED COLOUR BIRD ORNAMENT,16,2011-08-04 16:32:00,1.69,,United Kingdom
562419,85099B,JUMBO BAG RED RETROSPOT,50,2011-08-04 16:36:00,2.08,14667.0,United Kingdom
562420,84077,WORLD WAR 2 GLIDERS ASSTD DESIGNS,2,2011-08-04 16:38:00,0.63,,United Kingdom
562420,84879,ASSORTED COLOUR BIRD ORNAMENT,8,2011-08-04 16:38:00,1.69,,United Kingdom
562420,85099B,JUMBO BAG RED RETROSPOT,2,2011-08-04 16:38:00,4.13,,United Kingdom
562420,85123A,WHITE HANGING HEART T-LIGHT HOLDER,3,2011-08-04 16:38:00,5.79,,United Kingdom
562420,22197,POPCORN HOLDER,6,2011-08-04 16:38:00,1.63,,United Kingdom
562420,23166,MEDIUM CERAMIC TOP STORAGE JAR,8,2011-08-04 16:38:00,2.46,,United Kingdom
562420,23084,RABBIT NIGHT LIGHT,3,2011-08-04 16:38:00,4.13,,United Kingdom
562420,22616,PACK OF 12 LONDON TISSUES ,1,2011-08-04 16:38:00,0.83,,United Kingdom
562427,84879,ASSORTED COLOUR BIRD ORNAMENT,3,2011-08-04 17:19:00,1.69,17267.0,United Kingdom
562429,84879,ASSORTED COLOUR BIRD ORNAMENT,36,2011-08-04 17:23:00,1.69,13767.0,United Kingdom
562430,22197,POPCORN HOLDER,6,2011-08-04 17:26:00,0.85,18109.0,United Kingdom
562432,85099B,JUMBO BAG RED RETROSPOT,10,2011-08-04 17:38:00,2.08,14004.0,United Kingdom
562433,85099B,JUMBO BAG RED RETROSPOT,100,2011-08-04 17:40:00,1.79,17677.0,United Kingdom
562433,22197,POPCORN HOLDER,12,2011-08-04 17:40:00,0.85,17677.0,United Kingdom
562439,84879,ASSORTED COLOUR BIRD ORNAMENT,2880,2011-08-04 18:06:00,1.45,12931.0,United Kingdom
562439,22197,POPCORN HOLDER,1900,2011-08-04 18:06:00,0.72,12931.0,United Kingdom
562444,85123A,WHITE HANGING HEART T-LIGHT HOLDER,4,2011-08-04 18:44:00,2.95,14713.0,United Kingdom
562448,84879,ASSORTED COLOUR BIRD ORNAMENT,24,2011-08-04 19:22:00,1.69,17428.0,United Kingdom
562451,22197,POPCORN HOLDER,12,2011-08-05 09:25:00,0.85,15110.0,United Kingdom
562455,84879,ASSORTED COLOUR BIRD ORNAMENT,8,2011-08-05 10:32:00,1.69,18097.0,United Kingdom
562456,84879,ASSORTED COLOUR BIRD ORNAMENT,24,2011-08-05 10:39:00,1.69,15194.0,United Kingdom
562457,21212,PACK OF 72 RETROSPOT CAKE CASES,24,2011-08-05 11:00:00,0.55,18079.0,United Kingdom
562459,85099B,JUMBO BAG RED RETROSPOT,100,2011-08-05 11:17:00,1.74,16029.0,United Kingdom
562460,22616,PACK OF 12 LONDON TISSUES ,14,2011-08-05 11:19:00,0.29,17841.0,United Kingdom
562460,85123A,WHITE HANGING HEART T-LIGHT HOLDER,3,2011-08-05 11:19:00,2.95,17841.0,United Kingdom
562465,84879,ASSORTED COLOUR BIRD ORNAMENT,8,2011-08-05 11:46:00,1.69,13908.0,United Kingdom
562516,85123A,WHITE HANGING HEART T-LIGHT HOLDER,12,2011-08-05 12:25:00,2.95,15129.0,United Kingdom
562519,85123A,WHITE HANGING HEART T-LIGHT HOLDER,8,2011-08-05 12:37:00,2.95,16764.0,United Kingdom
562526,22616,PACK OF 12 LONDON TISSUES ,24,2011-08-05 13:46:00,0.29,16880.0,United Kingdom
562526,22197,POPCORN HOLDER,10,2011-08-05 13:46:00,0.85,16880.0,United Kingdom
562528,85123A,WHITE HANGING HEART T-LIGHT HOLDER,6,2011-08-05 13:52:00,2.95,12610.0,Italy
562534,84879,ASSORTED COLOUR BIRD ORNAMENT,24,2011-08-05 14:49:00,1.69,14031.0,United Kingdom
562539,22197,POPCORN HOLDER,10,2011-08-05 15:30:00,0.85,17220.0,United Kingdom
562539,84879,ASSORTED COLOUR BIRD ORNAMENT,1,2011-08-05 15:30:00,1.69,17220.0,United Kingdom
562539,84879,ASSORTED COLOUR BIRD ORNAMENT,2,2011-08-05 15:30:00,1.69,17220.0,United Kingdom
562542,85123A,WHITE HANGING HEART T-LIGHT HOLDER,5,2011-08-05 15:40:00,2.95,17377.0,United Kingdom
562543,85099B,JUMBO BAG RED RETROSPOT,10,2011-08-05 15:45:00,2.08,13552.0,United Kingdom
562551,84879,ASSORTED COLOUR BIRD ORNAMENT,3,2011-08-05 16:19:00,1.69,17231.0,United Kingdom
562553,85123A,WHITE HANGING HEART T-LIGHT HOLDER,4,2011-08-05 16:34:00,5.79,,United Kingdom
562553,84879,ASSORTED COLOUR BIRD ORNAMENT,16,2011-08-05 16:34:00,1.69,,United Kingdom
562558,22616,PACK OF 12 LONDON TISSUES ,3,2011-08-05 16:43:00,0.29,13451.0,United Kingdom
562558,21212,PACK OF 72 RETROSPOT CAKE CASES,6,2011-08-05 16:43:00,0.55,13451.0,United Kingdom
562558,22197,POPCORN HOLDER,29,2011-08-05 16:43:00,0.85,13451.0,United Kingdom
562560,85099B,JUMBO BAG RED RETROSPOT,4,2011-08-05 17:12:00,2.08,14156.0,EIRE
562562,85099B,JUMBO BAG RED RETROSPOT,20,2011-08-05 17:43:00,2.08,16271.0,United Kingdom
562565,85123A,WHITE HANGING HEART T-LIGHT HOLDER,2,2011-08-07 10:45:00,2.95,16206.0,United Kingdom
562571,85123A,WHITE HANGING HEART T-LIGHT HOLDER,2,2011-08-07 12:21:00,2.95,13782.0,United Kingdom
562574,21212,PACK OF 72 RETROSPOT CAKE CASES,2,2011-08-07 12:42:00,0.55,14903.0,United Kingdom
562574,85099B,JUMBO BAG RED RETROSPOT,3,2011-08-07 12:42:00,2.08,14903.0,United Kingdom
562574,84879,ASSORTED COLOUR BIRD ORNAMENT,1,2011-08-07 12:42:00,1.69,14903.0,United Kingdom
562575,85123A,WHITE HANGING HEART T-LIGHT HOLDER,6,2011-08-07 12:54:00,2.95,15411.0,United Kingdom
562579,85123A,WHITE HANGING HEART T-LIGHT HOLDER,32,2011-08-07 13:30:00,2.55,16950.0,United Kingdom
562580,85099B,JUMBO BAG RED RETROSPOT,10,2011-08-07 13:31:00,2.08,14024.0,United Kingdom
562587,21212,PACK OF 72 RETROSPOT CAKE CASES,24,2011-08-07 14:34:00,0.55,15640.0,United Kingdom
562587,85123A,WHITE HANGING HEART T-LIGHT HOLDER,32,2011-08-07 14:34:00,2.55,15640.0,United Kingdom
562587,84879,ASSORTED COLOUR BIRD ORNAMENT,160,2011-08-07 14:34:00,1.45,15640.0,United Kingdom
562587,85099B,JUMBO BAG RED RETROSPOT,10,2011-08-07 14:34:00,2.08,15640.0,United Kingdom
562593,22616,PACK OF 12 LONDON TISSUES ,4,2011-08-07 15:43:00,0.29,16549.0,United Kingdom
562593,85123A,WHITE HANGING HEART T-LIGHT HOLDER,9,2011-08-07 15:43:00,2.95,16549.0,United Kingdom
562595,85123A,WHITE HANGING HEART T-LIGHT HOLDER,6,2011-08-07 15:52:00,2.95,17602.0,United Kingdom
562599,84879,ASSORTED COLOUR BIRD ORNAMENT,8,2011-08-08 10:01:00,1.69,13013.0,United Kingdom
562604,84077,WORLD WAR 2 GLIDERS ASSTD DESIGNS,48,2011-08-08 10:51:00,0.29,17611.0,United Kingdom
562604,85123A,WHITE HANGING HEART T-LIGHT HOLDER,6,2011-08-08 10:51:00,2.95,17611.0,United Kingdom
562605,85099B,JUMBO BAG RED RETROSPOT,20,2011-08-08 10:59:00,2.08,12530.0,Germany
562608,22197,POPCORN HOLDER,200,2011-08-08 11:45:00,0.72,15502.0,United Kingdom
562607,84879,ASSORTED COLOUR BIRD ORNAMENT,8,2011-08-08 11:45:00,1.69,12885.0,United Kingdom
562611,85123A,WHITE HANGING HEART T-LIGHT HOLDER,32,2011-08-08 11:58:00,2.55,17716.0,United Kingdom
562611,21212,PACK OF 72 RETROSPOT CAKE CASES,24,2011-08-08 11:58:00,0.55,17716.0,United Kingdom
562612,84077,WORLD WAR 2 GLIDERS ASSTD DESIGNS,48,2011-08-08 12:00:00,0.29,16637.0,United Kingdom
562615,85123A,WHITE HANGING HEART T-LIGHT HOLDER,5,2011-08-08 12:20:00,2.95,16458.0,United Kingdom
562615,85099B,JUMBO BAG RED RETROSPOT,10,2011-08-08 12:20:00,2.08,16458.0,United Kingdom
562616,85099B,JUMBO BAG RED RETROSPOT,10,2011-08-08 12:28:00,2.08,14748.0,United Kingdom
562616,22197,POPCORN HOLDER,12,2011-08-08 12:28:00,0.85,14748.0,United Kingdom
562621,85099B,JUMBO BAG RED RETROSPOT,10,2011-08-08 12:36:00,2.08,14415.0,United Kingdom
562649,22197,POPCORN HOLDER,1,2011-08-08 13:11:00,0.85,14606.0,United Kingdom
562652,85099B,JUMBO BAG RED RETROSPOT,200,2011-08-08 13:34:00,1.79,14844.0,United Kingdom
562652,85123A,WHITE HANGING HEART T-LIGHT HOLDER,6,2011-08-08 13:34:00,2.95,14844.0,United Kingdom
562670,21212,PACK OF 72 RETROSPOT CAKE CASES,24,2011-08-08 13:42:00,0.55,14911.0,EIRE
562680,85099B,JUMBO BAG RED RETROSPOT,4,2011-08-08 13:46:00,2.08,17954.0,United Kingdom
562688,85123A,WHITE HANGING HEART T-LIGHT HOLDER,9,2011-08-08 13:53:00,2.95,13869.0,United Kingdom
562688,84879,ASSORTED COLOUR BIRD ORNAMENT,16,2011-08-08 13:53:00,1.69,13869.0,United Kingdom
562701,84879,ASSORTED COLOUR BIRD ORNAMENT,48,2011-08-08 13:59:00,1.69,13767.0,United Kingdom
562708,85123A,WHITE HANGING HEART T-LIGHT HOLDER,4,2011-08-08 14:15:00,2.95,17085.0,United Kingdom
562710,22197,POPCORN HOLDER,36,2011-08-08 14:37:00,0.72,14298.0,United Kingdom
562711,85123A,WHITE HANGING HEART T-LIGHT HOLDER,5,2011-08-08 14:53:00,2.95,16788.0,United Kingdom
562715,21212,PACK OF 72 RETROSPOT CAKE CASES,2,2011-08-08 15:34:00,1.25,,United Kingdom
562715,84879,ASSORTED COLOUR BIRD ORNAMENT,16,2011-08-08 15:34:00,1.69,,United Kingdom
562715,85099B,JUMBO BAG RED RETROSPOT,4,2011-08-08 15:34:00,4.13,,United Kingdom
562716,85123A,WHITE HANGING HEART T-LIGHT HOLDER,6,2011-08-08 15:35:00,2.95,14257.0,United Kingdom
562716,84879,ASSORTED COLOUR BIRD ORNAMENT,8,2011-08-08 15:35:00,1.69,14257.0,United Kingdom
562717,84879,ASSORTED COLOUR BIRD ORNAMENT,24,2011-08-08 15:42:00,1.69,,United Kingdom
562717,21212,PACK OF 72 RETROSPOT CAKE CASES,1,2011-08-08 15:42:00,1.25,,United Kingdom
562717,22197,POPCORN HOLDER,8,2011-08-08 15:42:00,1.63,,United Kingdom
562722,85099B,JUMBO BAG RED RETROSPOT,100,2011-08-08 16:43:00,1.79,13798.0,United Kingdom
562733,85123A,WHITE HANGING HEART T-LIGHT HOLDER,32,2011-08-09 10:20:00,2.55,14626.0,United Kingdom
562733,84879,ASSORTED COLOUR BIRD ORNAMENT,24,2011-08-09 10:20:00,1.69,14626.0,United Kingdom
562767,84879,ASSORTED COLOUR BIRD ORNAMENT,8,2011-08-09 10:47:00,1.69,13769.0,United Kingdom
562767,85123A,WHITE HANGING HEART T-LIGHT HOLDER,6,2011-08-09 10:47:00,2.95,13769.0,United Kingdom
562768,85099B,JUMBO BAG RED RETROSPOT,10,2011-08-09 10:49:00,2.08,14127.0,United Kingdom
562769,85099B,JUMBO BAG RED RETROSPOT,20,2011-08-09 10:52:00,2.08,14409.0,United Kingdom
562770,85123A,WHITE HANGING HEART T-LIGHT HOLDER,12,2011-08-09 11:56:00,2.95,17139.0,United Kingdom
562774,23166,MEDIUM CERAMIC TOP STORAGE JAR,12,2011-08-09 12:20:00,1.25,13500.0,United Kingdom
562775,85099B,JUMBO BAG RED RETROSPOT,20,2011-08-09 12:21:00,2.08,15078.0,United Kingdom
562777,85123A,WHITE HANGING HEART T-LIGHT HOLDER,32,2011-08-09 12:52:00,2.55,15247.0,United Kingdom
562779,85099B,JUMBO BAG RED RETROSPOT,1,2011-08-09 12:58:00,2.08,17841.0,United Kingdom
562784,85123A,WHITE HANGING HEART T-LIGHT HOLDER,2,2011-08-09 13:22:00,2.95,16791.0,United Kingdom
562789,85099B,JUMBO BAG RED RETROSPOT,200,2011-08-09 13:50:00,1.79,14646.0,Netherlands
562792,85123A,WHITE HANGING HEART T-LIGHT HOLDER,2,2011-08-09 14:18:00,2.95,17634.0,United Kingdom
562807,85099B,JUMBO BAG RED RETROSPOT,10,2011-08-09 14:57:00,2.08,16053.0,United Kingdom
562807,23166,MEDIUM CERAMIC TOP STORAGE JAR,12,2011-08-09 14:57:00,1.25,16053.0,United Kingdom
562807,21212,PACK OF 72 RETROSPOT CAKE CASES,120,2011-08-09 14:57:00,0.42,16053.0,United Kingdom
562809,85123A,WHITE HANGING HEART T-LIGHT HOLDER,3,2011-08-09 15:12:00,2.95,16775.0,United Kingdom
562839,22616,PACK OF 12 LONDON TISSUES ,12,2011-08-09 16:17:00,0.29,14056.0,United Kingdom
562840,85099B,JUMBO BAG RED RETROSPOT,2,2011-08-09 16:27:00,2.08,14527.0,United Kingdom
562841,21212,PACK OF 72 RETROSPOT CAKE CASES,24,2011-08-09 16:42:00,0.55,17675.0,United Kingdom
562842,85123A,WHITE HANGING HEART T-LIGHT HOLDER,32,2011-08-09 16:44:00,2.55,17675.0,United Kingdom
562843,84879,ASSORTED COLOUR BIRD ORNAMENT,16,2011-08-09 17:37:00,1.69,,United Kingdom
562843,22197,POPCORN HOLDER,3,2011-08-09 17:37:00,1.63,,United Kingdom
562843,23084,RABBIT NIGHT LIGHT,1,2011-08-09 17:37:00,4.13,,United Kingdom
562844,84879,ASSORTED COLOUR BIRD ORNAMENT,8,2011-08-10 08:41:00,1.69,12444.0,Norway
562846,21212,PACK OF 72 RETROSPOT CAKE CASES,33,2011-08-10 09:29:00,2.08,,United Kingdom
562847,84879,ASSORTED COLOUR BIRD ORNAMENT,8,2011-08-10 09:34:00,1.69,16245.0,United Kingdom
562849,84879,ASSORTED COLOUR BIRD ORNAMENT,8,2011-08-10 09:52:00,1.69,16700.0,United Kingdom
562849,85099B,JUMBO BAG RED RETROSPOT,10,2011-08-10 09:52:00,2.08,16700.0,United Kingdom
562849,22616,PACK OF 12 LONDON TISSUES ,24,2011-08-10 09:52:00,0.29,16700.0,United Kingdom
562850,85099B,JUMBO BAG RED RETROSPOT,300,2011-08-10 10:08:00,1.79,14680.0,United Kingdom
562878,85123A,WHITE HANGING HEART T-LIGHT HOLDER,2,2011-08-10 10:45:00,2.95,16241.0,United Kingdom
562880,85099B,JUMBO BAG RED RETROSPOT,200,2011-08-10 10:53:00,1.79,15838.0,United Kingdom
562888,85099B,JUMBO BAG RED RETROSPOT,10,2011-08-10 11:58:00,2.08,14388.0,United Kingdom
562893,84879,ASSORTED COLOUR BIRD ORNAMENT,8,2011-08-10 12:25:00,1.69,17442.0,United Kingdom
562907,84879,ASSORTED COLOUR BIRD ORNAMENT,16,2011-08-10 12:44:00,1.69,14116.0,United Kingdom
562917,22197,POPCORN HOLDER,600,2011-08-10 13:43:00,0.72,17949.0,United Kingdom
562918,85099B,JUMBO BAG RED RETROSPOT,20,2011-08-10 13:51:00,2.08,15615.0,United Kingdom
562918,85123A,WHITE HANGING HEART T-LIGHT HOLDER,32,2011-08-10 13:51:00,2.55,15615.0,United Kingdom
562923,84879,ASSORTED COLOUR BIRD ORNAMENT,40,2011-08-10 14:34:00,1.69,16996.0,United Kingdom
562924,23166,MEDIUM CERAMIC TOP STORAGE JAR,14,2011-08-10 14:49:00,1.25,16750.0,United Kingdom
562928,84077,WORLD WAR 2 GLIDERS ASSTD DESIGNS,96,2011-08-10 15:29:00,0.29,15494.0,United Kingdom
562928,22616,PACK OF 12 LONDON TISSUES ,36,2011-08-10 15:29:00,0.29,15494.0,United Kingdom
562930,85123A,WHITE HANGING HEART T-LIGHT HOLDER,32,2011-08-10 16:01:00,2.55,14209.0,United Kingdom
562933,23084,RABBIT NIGHT LIGHT,1,2011-08-10 16:51:00,4.13,,United Kingdom
562933,85099B,JUMBO BAG RED RETROSPOT,5,2011-08-10 16:51:00,4.13,,United Kingdom
562933,85123A,WHITE HANGING HEART T-LIGHT HOLDER,2,2011-08-10 16:51:00,5.79,,United Kingdom
562933,84879,ASSORTED COLOUR BIRD ORNAMENT,8,2011-08-10 16:51:00,1.69,,United Kingdom
562933,84077,WORLD WAR 2 GLIDERS ASSTD DESIGNS,1,2011-08-10 16:51:00,0.63,,United Kingdom
562934,22616,PACK OF 12 LONDON TISSUES ,2,2011-08-10 16:56:00,0.83,,United Kingdom
562934,85099B,JUMBO BAG RED RETROSPOT,2,2011-08-10 16:56:00,4.13,,United Kingdom
562934,21212,PACK OF 72 RETROSPOT CAKE CASES,3,2011-08-10 16:56:00,1.25,,United Kingdom
562935,85123A,WHITE HANGING HEART T-LIGHT HOLDER,64,2011-08-10 17:11:00,2.55,14156.0,EIRE
562935,85099B,JUMBO BAG RED RETROSPOT,10,2011-08-10 17:11:00,2.08,14156.0,EIRE
562936,23084,RABBIT NIGHT LIGHT,1,2011-08-10 17:12:00,2.08,,United Kingdom
562939,22616,PACK OF 12 LONDON TISSUES ,24,2011-08-11 08:37:00,0.29,15498.0,United Kingdom
562944,85099B,JUMBO BAG RED RETROSPOT,10,2011-08-11 09:34:00,2.08,13985.0,United Kingdom
562955,22197,POPCORN HOLDER,31,2011-08-11 10:14:00,1.63,,United Kingdom
562955,23166,MEDIUM CERAMIC TOP STORAGE JAR,4,2011-08-11 10:14:00,2.46,,United Kingdom
562955,23084,RABBIT NIGHT LIGHT,7,2011-08-11 10:14:00,4.13,,United Kingdom
562955,22616,PACK OF 12 LONDON TISSUES ,1,2011-08-11 10:14:00,0.79,,United Kingdom
562955,85099B,JUMBO BAG RED RETROSPOT,94,2011-08-11 10:14:00,4.13,,United Kingdom
562960,22197,POPCORN HOLDER,24,2011-08-11 10:22:00,0.85,14911.0,EIRE
562964,84879,ASSORTED COLOUR BIRD ORNAMENT,8,2011-08-11 10:29:00,1.69,13488.0,United Kingdom
562964,84077,WORLD WAR 2 GLIDERS ASSTD DESIGNS,96,2011-08-11 10:29:00,0.29,13488.0,United Kingdom
562964,85123A,WHITE HANGING HEART T-LIGHT HOLDER,12,2011-08-11 10:29:00,2.95,13488.0,United Kingdom
562980,85099B,JUMBO BAG RED RETROSPOT,10,2011-08-11 11:44:00,2.08,17686.0,United Kingdom
562999,21212,PACK OF 72 RETROSPOT CAKE CASES,24,2011-08-11 11:51:00,0.55,15117.0,United Kingdom
563011,22197,POPCORN HOLDER,24,2011-08-11 12:00:00,0.85,16283.0,United Kingdom
563012,21212,PACK OF 72 RETROSPOT CAKE CASES,3,2011-08-11 12:00:00,0.55,17284.0,United Kingdom
563014,85123A,WHITE HANGING HEART T-LIGHT HOLDER,32,2011-08-11 12:17:00,2.55,13408.0,United Kingdom
563016,84077,WORLD WAR 2 GLIDERS ASSTD DESIGNS,192,2011-08-11 12:44:00,0.29,15358.0,United Kingdom
563020,85099B,JUMBO BAG RED RETROSPOT,20,2011-08-11 12:58:00,2.08,12428.0,Finland
563023,84879,ASSORTED COLOUR BIRD ORNAMENT,16,2011-08-11 13:39:00,1.69,14639.0,United Kingdom
563024,23166,MEDIUM CERAMIC TOP STORAGE JAR,12,2011-08-11 13:41:00,1.25,14639.0,United Kingdom
563030,22197,POPCORN HOLDER,12,2011-08-11 14:36:00,0.85,14834.0,United Kingdom
563030,84879,ASSORTED COLOUR BIRD ORNAMENT,16,2011-08-11 14:36:00,1.69,14834.0,United Kingdom
563031,85123A,WHITE HANGING HEART T-LIGHT HOLDER,1,2011-08-11 14:38:00,2.95,13263.0,United Kingdom
563034,85099B,JUMBO BAG RED RETROSPOT,10,2011-08-11 14:53:00,2.08,17644.0,United Kingdom
563035,85123A,WHITE HANGING HEART T-LIGHT HOLDER,3,2011-08-11 14:54:00,2.95,17790.0,United Kingdom
563070,22616,PACK OF 12 LONDON TISSUES ,12,2011-08-11 15:34:00,0.29,14099.0,United Kingdom
563073,84077,WORLD WAR 2 GLIDERS ASSTD DESIGNS,48,2011-08-11 15:56:00,0.29,18235.0,United Kingdom
563074,84879,ASSORTED COLOUR BIRD ORNAMENT,968,2011-08-11 15:58:00,1.45,12931.0,United Kingdom
563074,22197,POPCORN HOLDER,600,2011-08-11 15:58:00,0.72,12931.0,United Kingdom
563089,85123A,WHITE HANGING HEART T-LIGHT HOLDER,12,2011-08-11 16:54:00,2.95,15469.0,United Kingdom
563093,85099B,JUMBO BAG RED RETROSPOT,3,2011-08-11 17:28:00,4.13,,United Kingdom
563095,22197,POPCORN HOLDER,12,2011-08-12 09:04:00,0.85,13158.0,United Kingdom
563097,85099B,JUMBO BAG RED RETROSPOT,10,2011-08-12 09:11:00,2.08,17642.0,United Kingdom
563098,21212,PACK OF 72 RETROSPOT CAKE CASES,24,2011-08-12 09:14:00,0.55,14911.0,EIRE
563104,85123A,WHITE HANGING HEART T-LIGHT HOLDER,6,2011-08-12 10:13:00,2.95,13888.0,United Kingdom
563110,84879,ASSORTED COLOUR BIRD ORNAMENT,24,2011-08-12 11:07:00,1.69,14849.0,United Kingdom
563110,21212,PACK OF 72 RETROSPOT CAKE CASES,24,2011-08-12 11:07:00,0.55,14849.0,United Kingdom
563112,84077,WORLD WAR 2 GLIDERS ASSTD DESIGNS,48,2011-08-12 11:09:00,0.29,14849.0,United Kingdom
563137,23166,MEDIUM CERAMIC TOP STORAGE JAR,4,2011-08-12 11:22:00,1.25,14534.0,United Kingdom
563155,85099B,JUMBO BAG RED RETROSPOT,2,2011-08-12 11:48:00,2.08,13069.0,United Kingdom
563163,22197,SMALL POPCORN HOLDER,100,2011-08-12 12:16:00,0.72,16013.0,United Kingdom
563169,21212,PACK OF 72 RETROSPOT CAKE CASES,24,2011-08-12 12:42:00,0.55,14911.0,EIRE
563169,85123A,WHITE HANGING HEART T-LIGHT HOLDER,12,2011-08-12 12:42:00,2.95,14911.0,EIRE
563169,22197,POPCORN HOLDER,48,2011-08-12 12:42:00,0.85,14911.0,EIRE
563181,85123A,WHITE HANGING HEART T-LIGHT HOLDER,6,2011-08-12 14:32:00,2.95,16612.0,United Kingdom
563182,84879,ASSORTED COLOUR BIRD ORNAMENT,8,2011-08-12 14:33:00,1.69,17122.0,United Kingdom
563184,85123A,WHITE HANGING HEART T-LIGHT HOLDER,4,2011-08-12 14:50:00,2.95,17516.0,United Kingdom
563191,22616,PACK OF 12 LONDON TISSUES ,24,2011-08-12 16:07:00,0.29,16678.0,United Kingdom
563193,23166,MEDIUM CERAMIC TOP STORAGE JAR,1,2011-08-12 16:30:00,2.46,,United Kingdom
563195,22616,PACK OF 12 LONDON TISSUES ,2,2011-08-12 16:36:00,0.83,,United Kingdom
563195,21212,PACK OF 72 RETROSPOT CAKE CASES,2,2011-08-12 16:36:00,1.25,,United Kingdom
563195,85099B,JUMBO BAG RED RETROSPOT,14,2011-08-12 16:36:00,4.13,,United Kingdom
563198,85123A,WHITE HANGING HEART T-LIGHT HOLDER,32,2011-08-14 10:38:00,2.55,15270.0,United Kingdom
563200,84879,ASSORTED COLOUR BIRD ORNAMENT,3,2011-08-14 10:49:00,1.69,13838.0,United Kingdom
563200,85099B,JUMBO BAG RED RETROSPOT,1,2011-08-14 10:49:00,2.08,13838.0,United Kingdom
563205,22197,POPCORN HOLDER,24,2011-08-14 12:03:00,0.85,14040.0,United Kingdom
563206,85123A,WHITE HANGING HEART T-LIGHT HOLDER,10,2011-08-14 12:08:00,2.95,17613.0,United Kingdom
563209,84879,ASSORTED COLOUR BIRD ORNAMENT,8,2011-08-14 12:23:00,1.69,13527.0,United Kingdom
563210,85123A,WHITE HANGING HEART T-LIGHT HOLDER,6,2011-08-14 12:27:00,2.95,16466.0,United Kingdom
563211,85099B,JUMBO BAG RED RETROSPOT,10,2011-08-14 12:33:00,2.08,17049.0,United Kingdom
563213,85099B,JUMBO BAG RED RETROSPOT,1,2011-08-14 12:55:00,2.08,16115.0,United Kingdom
563213,85099B,JUMBO BAG RED RETROSPOT,2,2011-08-14 12:55:00,2.08,16115.0,United Kingdom
563214,85099B,JUMBO BAG RED RETROSPOT,1,2011-08-14 12:56:00,2.08,16370.0,United Kingdom
563214,85099B,JUMBO BAG RED RETROSPOT,5,2011-08-14 12:56:00,2.08,16370.0,United Kingdom
563214,21212,PACK OF 72 RETROSPOT CAKE CASES,3,2011-08-14 12:56:00,0.55,16370.0,United Kingdom
563214,85123A,WHITE HANGING HEART T-LIGHT HOLDER,4,2011-08-14 12:56:00,2.95,16370.0,United Kingdom
563216,22616,PACK OF 12 LONDON TISSUES ,1,2011-08-14 13:14:00,0.29,17841.0,United Kingdom
563231,85099B,JUMBO BAG RED RETROSPOT,2,2011-08-14 15:42:00,2.08,14658.0,United Kingdom
563238,84077,WORLD WAR 2 GLIDERS ASSTD DESIGNS,144,2011-08-15 09:59:00,0.29,15093.0,United Kingdom
563238,84879,ASSORTED COLOUR BIRD ORNAMENT,64,2011-08-15 09:59:00,1.69,15093.0,United Kingdom
563239,22616,PACK OF 12 LONDON TISSUES ,24,2011-08-15 10:02:00,0.29,15048.0,United Kingdom
563239,23166,MEDIUM CERAMIC TOP STORAGE JAR,1,2011-08-15 10:02:00,1.25,15048.0,United Kingdom
563241,85099B,JUMBO BAG RED RETROSPOT,20,2011-08-15 10:22:00,2.08,12758.0,Portugal
563242,85123A,WHITE HANGING HEART T-LIGHT HOLDER,12,2011-08-15 10:28:00,2.95,17173.0,United Kingdom
563245,85099B,JUMBO BAG RED RETROSPOT,10,2011-08-15 10:53:00,2.08,16272.0,United Kingdom
563248,21212,PACK OF 72 RETROSPOT CAKE CASES,6,2011-08-15 11:30:00,0.55,14702.0,United Kingdom
563250,85123A,WHITE HANGING HEART T-LIGHT HOLDER,12,2011-08-15 11:38:00,2.95,15624.0,United Kingdom
563253,85099B,JUMBO BAG RED RETROSPOT,20,2011-08-15 12:04:00,2.08,15218.0,United Kingdom
563253,85123A,WHITE HANGING HEART T-LIGHT HOLDER,32,2011-08-15 12:04:00,2.55,15218.0,United Kingdom
563257,85123A,WHITE HANGING HEART T-LIGHT HOLDER,6,2011-08-15 12:07:00,2.95,13799.0,United Kingdom
563256,85099B,JUMBO BAG RED RETROSPOT,10,2011-08-15 12:07:00,2.08,18143.0,United Kingdom
563262,22197,POPCORN HOLDER,100,2011-08-15 12:44:00,0.72,15311.0,United Kingdom
563262,85099B,JUMBO BAG RED RETROSPOT,2,2011-08-15 12:44:00,2.08,15311.0,United Kingdom
563345,21212,PACK OF 72 RETROSPOT CAKE CASES,48,2011-08-15 13:22:00,0.55,12619.0,Germany
563351,23166,MEDIUM CERAMIC TOP STORAGE JAR,8,2011-08-15 14:17:00,1.25,16902.0,United Kingdom
563352,85123A,WHITE HANGING HEART T-LIGHT HOLDER,6,2011-08-15 14:32:00,2.95,15706.0,United Kingdom
563354,85123A,WHITE HANGING HEART T-LIGHT HOLDER,4,2011-08-15 14:35:00,2.95,15271.0,United Kingdom
563360,85123A,WHITE HANGING HEART T-LIGHT HOLDER,32,2011-08-15 15:06:00,2.55,15023.0,United Kingdom
563362,21212,PACK OF 72 RETROSPOT CAKE CASES,24,2011-08-15 16:13:00,0.55,15114.0,United Kingdom
563376,85099B,JUMBO BAG RED RETROSPOT,5,2011-08-16 10:36:00,2.08,15752.0,United Kingdom
563377,84879,ASSORTED COLOUR BIRD ORNAMENT,16,2011-08-16 10:44:00,1.69,15002.0,United Kingdom
563377,85123A,WHITE HANGING HEART T-LIGHT HOLDER,12,2011-08-16 10:44:00,2.95,15002.0,United Kingdom
563377,22197,POPCORN HOLDER,24,2011-08-16 10:44:00,0.85,15002.0,United Kingdom
563404,85099B,JUMBO BAG RED RETROSPOT,30,2011-08-16 11:04:00,2.08,16303.0,United Kingdom
563427,84077,WORLD WAR 2 GLIDERS ASSTD DESIGNS,48,2011-08-16 11:40:00,0.29,16470.0,United Kingdom
563429,85099B,JUMBO BAG RED RETROSPOT,10,2011-08-16 11:48:00,2.08,13999.0,United Kingdom
563430,21212,PACK OF 72 RETROSPOT CAKE CASES,24,2011-08-16 11:50:00,0.55,14918.0,United Kingdom
563430,85123A,WHITE HANGING HEART T-LIGHT HOLDER,32,2011-08-16 11:50:00,2.55,14918.0,United Kingdom
563434,22616,PACK OF 12 LONDON TISSUES ,48,2011-08-16 12:21:00,0.29,14057.0,United Kingdom
563435,84879,ASSORTED COLOUR BIRD ORNAMENT,24,2011-08-16 12:29:00,1.69,16131.0,United Kingdom
563435,85123A,WHITE HANGING HEART T-LIGHT HOLDER,32,2011-08-16 12:29:00,2.55,16131.0,United Kingdom
563437,84077,WORLD WAR 2 GLIDERS ASSTD DESIGNS,48,2011-08-16 12:52:00,0.29,14232.0,United Kingdom
563438,84077,WORLD WAR 2 GLIDERS ASSTD DESIGNS,48,2011-08-16 12:59:00,0.29,13743.0,United Kingdom
563439,21212,PACK OF 72 RETROSPOT CAKE CASES,1,2011-08-16 13:05:00,5.0,,United Kingdom
563439,21212,PACK OF 72 RETROSPOT CAKE CASES,26,2011-08-16 13:05:00,2.08,,United Kingdom
563439,22197,POPCORN HOLDER,9,2011-08-16 13:05:00,1.63,,United Kingdom
563441,85123A,WHITE HANGING HEART T-LIGHT HOLDER,5,2011-08-16 13:13:00,2.95,13140.0,United Kingdom
563442,84879,ASSORTED COLOUR BIRD ORNAMENT,8,2011-08-16 13:25:00,1.69,17637.0,United Kingdom
563444,84879,ASSORTED COLOUR BIRD ORNAMENT,4,2011-08-16 13:50:00,1.69,16033.0,United Kingdom
563444,85123A,WHITE HANGING HEART T-LIGHT HOLDER,6,2011-08-16 13:50:00,2.95,16033.0,United Kingdom
563476,84879,ASSORTED COLOUR BIRD ORNAMENT,8,2011-08-16 15:22:00,1.69,17682.0,United Kingdom
563502,85123A,WHITE HANGING HEART T-LIGHT HOLDER,32,2011-08-17 08:50:00,2.55,12722.0,France
563504,85099B,JUMBO BAG RED RETROSPOT,10,2011-08-17 09:16:00,2.08,16218.0,United Kingdom
563532,85099B,JUMBO BAG RED RETROSPOT,100,2011-08-17 11:04:00,1.79,17511.0,United Kingdom
563532,22197,POPCORN HOLDER,100,2011-08-17 11:04:00,0.72,17511.0,United Kingdom
563533,85099B,JUMBO BAG RED RETROSPOT,1,2011-08-17 11:14:00,2.08,16241.0,United Kingdom
563533,85123A,WHITE HANGING HEART T-LIGHT HOLDER,1,2011-08-17 11:14:00,2.95,16241.0,United Kingdom
563538,22616,PACK OF 12 LONDON TISSUES ,16,2011-08-17 11:48:00,0.29,17841.0,United Kingdom
563540,85099B,JUMBO BAG RED RETROSPOT,10,2011-08-17 12:04:00,2.08,12473.0,Germany
563543,22197,POPCORN HOLDER,15,2011-08-17 12:06:00,0.85,15039.0,United Kingdom
563546,22616,PACK OF 12 LONDON TISSUES ,24,2011-08-17 12:24:00,0.29,16729.0,United Kingdom
563546,85099B,JUMBO BAG RED RETROSPOT,2,2011-08-17 12:24:00,2.08,16729.0,United Kingdom
563549,23084,RABBIT NIGHT LIGHT,1,2011-08-17 12:34:00,4.13,,United Kingdom
563549,85099B,JUMBO BAG RED RETROSPOT,15,2011-08-17 12:34:00,4.13,,United Kingdom
563550,84879,ASSORTED COLOUR BIRD ORNAMENT,8,2011-08-17 12:50:00,1.69,14194.0,United Kingdom
563550,21212,PACK OF 72 RETROSPOT CAKE CASES,24,2011-08-17 12:50:00,0.55,14194.0,United Kingdom
563551,22197,POPCORN HOLDER,10,2011-08-17 13:04:00,0.85,17757.0,United Kingdom
563555,85123A,WHITE HANGING HEART T-LIGHT HOLDER,10,2011-08-17 13:21:00,2.95,16755.0,United Kingdom
563555,85099B,JUMBO BAG RED RETROSPOT,2,2011-08-17 13:21:00,2.08,16755.0,United Kingdom
563555,22197,POPCORN HOLDER,9,2011-08-17 13:21:00,0.85,16755.0,United Kingdom
563556,85099B,JUMBO BAG RED RETROSPOT,10,2011-08-17 13:31:00,2.08,17706.0,United Kingdom
563557,21212,PACK OF 72 RETROSPOT CAKE CASES,24,2011-08-17 13:33:00,0.55,15786.0,United Kingdom
563557,84879,ASSORTED COLOUR BIRD ORNAMENT,16,2011-08-17 13:33:00,1.69,15786.0,United Kingdom
563557,85123A,WHITE HANGING HEART T-LIGHT HOLDER,12,2011-08-17 13:33:00,2.95,15786.0,United Kingdom
563557,22197,POPCORN HOLDER,24,2011-08-17 13:33:00,0.85,15786.0,United Kingdom
563557,22616,PACK OF 12 LONDON TISSUES ,24,2011-08-17 13:33:00,0.29,15786.0,United Kingdom
563560,21212,PACK OF 72 RETROSPOT CAKE CASES,24,2011-08-17 14:00:00,0.55,12971.0,United Kingdom
563562,85099B,JUMBO BAG RED RETROSPOT,100,2011-08-17 14:02:00,1.74,16029.0,United Kingdom
563565,85123A,WHITE HANGING HEART T-LIGHT HOLDER,8,2011-08-17 14:22:00,2.95,17338.0,United Kingdom
563569,84077,WORLD WAR 2 GLIDERS ASSTD DESIGNS,48,2011-08-17 14:47:00,0.29,18257.0,United Kingdom
563569,85123A,WHITE HANGING HEART T-LIGHT HOLDER,6,2011-08-17 14:47:00,2.95,18257.0,United Kingdom
563569,85099B,JUMBO BAG RED RETROSPOT,10,2011-08-17 14:47:00,2.08,18257.0,United Kingdom
563571,85099B,JUMBO BAG RED RETROSPOT,1,2011-08-17 14:58:00,2.08,15541.0,United Kingdom
563578,22197,POPCORN HOLDER,24,2011-08-17 15:11:00,0.85,12949.0,United Kingdom
563580,84879,ASSORTED COLOUR BIRD ORNAMENT,8,2011-08-17 15:53:00,1.69,16706.0,United Kingdom
563584,85099B,JUMBO BAG RED RETROSPOT,20,2011-08-17 16:48:00,2.08,15122.0,United Kingdom
563584,22197,POPCORN HOLDER,12,2011-08-17 16:48:00,0.85,15122.0,United Kingdom
563613,21212,PACK OF 72 RETROSPOT CAKE CASES,24,2011-08-18 08:49:00,0.55,12688.0,Israel
563613,22197,POPCORN HOLDER,24,2011-08-18 08:49:00,0.85,12688.0,Israel
563613,23166,MEDIUM CERAMIC TOP STORAGE JAR,12,2011-08-18 08:49:00,1.25,12688.0,Israel
563614,23166,MEDIUM CERAMIC TOP STORAGE JAR,96,2011-08-18 08:51:00,1.04,12415.0,Australia
563614,85099B,JUMBO BAG RED RETROSPOT,100,2011-08-18 08:51:00,1.79,12415.0,Australia
563616,21212,PACK OF 72 RETROSPOT CAKE CASES,1200,2011-08-18 09:39:00,0.4,13027.0,United Kingdom
563619,85099B,JUMBO BAG RED RETROSPOT,10,2011-08-18 10:01:00,2.08,12839.0,United Kingdom
563620,85099B,JUMBO BAG RED RETROSPOT,10,2011-08-18 10:06:00,2.08,13014.0,United Kingdom
563626,21212,PACK OF 72 RETROSPOT CAKE CASES,24,2011-08-18 10:31:00,0.55,16187.0,United Kingdom
563626,85099B,JUMBO BAG RED RETROSPOT,30,2011-08-18 10:31:00,2.08,16187.0,United Kingdom
563659,85099B,JUMBO BAG RED RETROSPOT,100,2011-08-18 11:00:00,1.75,13694.0,United Kingdom
563661,85099B,JUMBO BAG RED RETROSPOT,10,2011-08-18 11:23:00,2.08,13048.0,United Kingdom
563680,21212,PACK OF 72 RETROSPOT CAKE CASES,24,2011-08-18 12:06:00,0.55,18272.0,United Kingdom
563697,22197,POPCORN HOLDER,14,2011-08-18 13:44:00,0.85,16813.0,United Kingdom
563697,85099B,JUMBO BAG RED RETROSPOT,5,2011-08-18 13:44:00,2.08,16813.0,United Kingdom
563698,85099B,JUMBO BAG RED RETROSPOT,5,2011-08-18 13:46:00,2.08,14667.0,United Kingdom
563698,84879,ASSORTED COLOUR BIRD ORNAMENT,15,2011-08-18 13:46:00,1.69,14667.0,United Kingdom
563699,84879,ASSORTED COLOUR BIRD ORNAMENT,16,2011-08-18 13:47:00,1.69,13381.0,United Kingdom
563699,21212,PACK OF 72 RETROSPOT CAKE CASES,24,2011-08-18 13:47:00,0.55,13381.0,United Kingdom
563706,84879,ASSORTED COLOUR BIRD ORNAMENT,8,2011-08-18 14:48:00,1.69,14189.0,United Kingdom
563706,85123A,WHITE HANGING HEART T-LIGHT HOLDER,6,2011-08-18 14:48:00,2.95,14189.0,United Kingdom
563709,84879,ASSORTED COLOUR BIRD ORNAMENT,8,2011-08-18 15:17:00,1.69,15472.0,United Kingdom
563710,84879,ASSORTED COLOUR BIRD ORNAMENT,16,2011-08-18 15:28:00,1.69,17742.0,United Kingdom
563718,85099B,JUMBO BAG RED RETROSPOT,10,2011-08-18 16:18:00,2.08,15144.0,United Kingdom
563721,21212,PACK OF 72 RETROSPOT CAKE CASES,24,2011-08-18 16:27:00,0.55,15232.0,United Kingdom
563722,84879,ASSORTED COLOUR BIRD ORNAMENT,16,2011-08-18 16:32:00,1.69,17720.0,United Kingdom
563723,84879,ASSORTED COLOUR BIRD ORNAMENT,16,2011-08-18 16:43:00,1.69,13319.0,United Kingdom
563728,21212,PACK OF 72 RETROSPOT CAKE CASES,1,2011-08-18 17:09:00,0.55,17045.0,United Kingdom
563730,85123A,WHITE HANGING HEART T-LIGHT HOLDER,6,2011-08-18 17:43:00,2.95,14221.0,United Kingdom
563732,21212,PACK OF 72 RETROSPOT CAKE CASES,24,2011-08-18 17:50:00,0.55,15125.0,United Kingdom
563732,85099B,JUMBO BAG RED RETROSPOT,100,2011-08-18 17:50:00,1.79,15125.0,United Kingdom
563733,85099B,JUMBO BAG RED RETROSPOT,10,2011-08-18 17:57:00,2.08,18225.0,United Kingdom
563733,21212,PACK OF 72 RETROSPOT CAKE CASES,24,2011-08-18 17:57:00,0.55,18225.0,United Kingdom
563735,22616,PACK OF 12 LONDON TISSUES ,12,2011-08-18 18:15:00,0.29,16743.0,United Kingdom
563738,85123A,WHITE HANGING HEART T-LIGHT HOLDER,3,2011-08-18 19:13:00,2.95,15024.0,United Kingdom
563745,21212,PACK OF 72 RETROSPOT CAKE CASES,24,2011-08-19 09:38:00,0.55,15159.0,United Kingdom
563747,84879,ASSORTED COLOUR BIRD ORNAMENT,160,2011-08-19 10:05:00,1.45,13089.0,United Kingdom
563746,84077,WORLD WAR 2 GLIDERS ASSTD DESIGNS,96,2011-08-19 10:05:00,0.29,14745.0,United Kingdom
563756,84077,WORLD WAR 2 GLIDERS ASSTD DESIGNS,48,2011-08-19 11:08:00,0.29,12418.0,Switzerland
563808,85099B,JUMBO BAG RED RETROSPOT,20,2011-08-19 11:46:00,2.08,12626.0,Germany
563818,85099B,JUMBO BAG RED RETROSPOT,40,2011-08-19 11:55:00,2.08,13327.0,United Kingdom
563822,84879,ASSORTED COLOUR BIRD ORNAMENT,32,2011-08-19 12:13:00,1.69,16184.0,United Kingdom
563832,84879,ASSORTED COLOUR BIRD ORNAMENT,8,2011-08-19 12:33:00,1.69,16419.0,United Kingdom
563832,84879,ASSORTED COLOUR BIRD ORNAMENT,8,2011-08-19 12:33:00,1.69,16419.0,United Kingdom
563834,84879,ASSORTED COLOUR BIRD ORNAMENT,16,2011-08-19 12:50:00,1.69,14401.0,United Kingdom
563837,85099B,JUMBO BAG RED RETROSPOT,20,2011-08-19 13:03:00,2.08,15078.0,United Kingdom
563840,23166,MEDIUM CERAMIC TOP STORAGE JAR,24,2011-08-19 13:33:00,1.25,14712.0,United Kingdom
563845,21212,PACK OF 72 RETROSPOT CAKE CASES,24,2011-08-19 14:39:00,0.55,12991.0,United Kingdom
563845,22197,POPCORN HOLDER,50,2011-08-19 14:39:00,0.85,12991.0,United Kingdom
563848,22197,POPCORN HOLDER,48,2011-08-19 14:57:00,0.85,14911.0,EIRE
563854,21212,PACK OF 72 RETROSPOT CAKE CASES,24,2011-08-19 15:24:00,0.55,12364.0,Belgium
563855,85099B,JUMBO BAG RED RETROSPOT,20,2011-08-19 15:29:00,2.08,14709.0,United Kingdom
563858,85123A,WHITE HANGING HEART T-LIGHT HOLDER,6,2011-08-19 16:04:00,2.95,18170.0,United Kingdom
563900,85099B,JUMBO BAG RED RETROSPOT,200,2011-08-21 11:05:00,1.79,14566.0,Channel Islands
563902,85099B,JUMBO BAG RED RETROSPOT,200,2011-08-21 11:06:00,1.79,17029.0,United Kingdom
563903,21212,PACK OF 72 RETROSPOT CAKE CASES,4,2011-08-21 11:15:00,0.55,17068.0,United Kingdom
563903,85099B,JUMBO BAG RED RETROSPOT,10,2011-08-21 11:15:00,2.08,17068.0,United Kingdom
563905,84879,ASSORTED COLOUR BIRD ORNAMENT,8,2011-08-21 11:43:00,1.69,13267.0,United Kingdom
563911,22197,POPCORN HOLDER,24,2011-08-21 12:39:00,0.85,16265.0,United Kingdom
563912,84879,ASSORTED COLOUR BIRD ORNAMENT,48,2011-08-21 12:58:00,1.69,17675.0,United Kingdom
563912,85099B,JUMBO BAG RED RETROSPOT,10,2011-08-21 12:58:00,2.08,17675.0,United Kingdom
563913,85099B,JUMBO BAG RED RETROSPOT,20,2011-08-21 13:11:00,2.08,14911.0,EIRE
563917,22197,POPCORN HOLDER,11,2011-08-21 13:46:00,0.85,14572.0,United Kingdom
563920,85123A,WHITE HANGING HEART T-LIGHT HOLDER,6,2011-08-21 14:00:00,2.95,16407.0,United Kingdom
563922,84879,ASSORTED COLOUR BIRD ORNAMENT,1,2011-08-21 14:10:00,1.69,14529.0,United Kingdom
563922,85123A,WHITE HANGING HEART T-LIGHT HOLDER,2,2011-08-21 14:10:00,2.95,14529.0,United Kingdom
563922,22616,PACK OF 12 LONDON TISSUES ,1,2011-08-21 14:10:00,0.29,14529.0,United Kingdom
563924,84879,ASSORTED COLOUR BIRD ORNAMENT,8,2011-08-21 14:32:00,1.69,15984.0,United Kingdom
563924,21212,PACK OF 72 RETROSPOT CAKE CASES,3,2011-08-21 14:32:00,0.55,15984.0,United Kingdom
563926,85099B,JUMBO BAG RED RETROSPOT,10,2011-08-21 14:42:00,2.08,12553.0,France
563926,84077,WORLD WAR 2 GLIDERS ASSTD DESIGNS,48,2011-08-21 14:42:00,0.29,12553.0,France
563928,85099B,JUMBO BAG RED RETROSPOT,3,2011-08-21 15:17:00,2.08,17059.0,United Kingdom
563928,21212,PACK OF 72 RETROSPOT CAKE CASES,1,2011-08-21 15:17:00,0.55,17059.0,United Kingdom
563928,84879,ASSORTED COLOUR BIRD ORNAMENT,16,2011-08-21 15:17:00,1.69,17059.0,United Kingdom
563929,22197,POPCORN HOLDER,20,2011-08-21 15:35:00,0.85,15031.0,United Kingdom
563930,85123A,WHITE HANGING HEART T-LIGHT HOLDER,1,2011-08-21 15:43:00,2.95,,United Kingdom
563931,85123A,WHITE HANGING HEART T-LIGHT HOLDER,6,2011-08-21 15:49:00,2.95,14895.0,United Kingdom
563934,85099B,JUMBO BAG RED RETROSPOT,25,2011-08-21 16:02:00,2.08,15313.0,United Kingdom
563938,84879,ASSORTED COLOUR BIRD ORNAMENT,160,2011-08-22 09:21:00,1.45,18144.0,United Kingdom
563939,84879,ASSORTED COLOUR BIRD ORNAMENT,8,2011-08-22 09:28:00,1.69,14959.0,United Kingdom
563940,85099B,JUMBO BAG RED RETROSPOT,10,2011-08-22 09:30:00,2.08,17416.0,United Kingdom
563943,85099B,JUMBO BAG RED RETROSPOT,30,2011-08-22 10:04:00,2.08,13139.0,United Kingdom
563944,22197,POPCORN HOLDER,12,2011-08-22 10:08:00,0.85,17581.0,United Kingdom
563944,85099B,JUMBO BAG RED RETROSPOT,30,2011-08-22 10:08:00,2.08,17581.0,United Kingdom
563952,84879,ASSORTED COLOUR BIRD ORNAMENT,32,2011-08-22 10:44:00,1.69,15572.0,United Kingdom
564017,22616,PACK OF 12 LONDON TISSUES ,48,2011-08-22 11:44:00,0.29,14057.0,United Kingdom
564016,85099B,JUMBO BAG RED RETROSPOT,10,2011-08-22 11:44:00,2.08,15712.0,United Kingdom
564020,23166,MEDIUM CERAMIC TOP STORAGE JAR,12,2011-08-22 11:57:00,1.25,13971.0,United Kingdom
564020,85099B,JUMBO BAG RED RETROSPOT,10,2011-08-22 11:57:00,2.08,13971.0,United Kingdom
564022,85099B,JUMBO BAG RED RETROSPOT,10,2011-08-22 12:10:00,2.08,13269.0,United Kingdom
564022,22197,POPCORN HOLDER,12,2011-08-22 12:10:00,0.85,13269.0,United Kingdom
564034,21212,PACK OF 72 RETROSPOT CAKE CASES,24,2011-08-22 12:22:00,0.55,12935.0,United Kingdom
564034,85099B,JUMBO BAG RED RETROSPOT,10,2011-08-22 12:22:00,2.08,12935.0,United Kingdom
564039,21212,PACK OF 72 RETROSPOT CAKE CASES,24,2011-08-22 12:40:00,0.55,12645.0,Germany
564046,85123A,WHITE HANGING HEART T-LIGHT HOLDER,400,2011-08-22 12:59:00,2.55,16013.0,United Kingdom
564048,85123A,WHITE HANGING HEART T-LIGHT HOLDER,16,2011-08-22 13:20:00,2.55,16013.0,United Kingdom
564049,22616,PACK OF 12 LONDON TISSUES ,1,2011-08-22 13:30:00,0.29,17585.0,United Kingdom
564049,22616,PACK OF 12 LONDON TISSUES ,2,2011-08-22 13:30:00,0.29,17585.0,United Kingdom
564050,21212,PACK OF 72 RETROSPOT CAKE CASES,24,2011-08-22 13:32:00,0.55,17160.0,United Kingdom
564052,84879,ASSORTED COLOUR BIRD ORNAMENT,6,2011-08-22 13:40:00,1.69,15033.0,United Kingdom
564060,84077,WORLD WAR 2 GLIDERS ASSTD DESIGNS,48,2011-08-22 14:37:00,0.29,17073.0,United Kingdom
564061,85123A,WHITE HANGING HEART T-LIGHT HOLDER,4,2011-08-22 14:38:00,2.95,14505.0,United Kingdom
564066,22197,POPCORN HOLDER,12,2011-08-22 15:05:00,0.85,17703.0,United Kingdom
564078,85099B,JUMBO BAG RED RETROSPOT,10,2011-08-22 15:43:00,2.08,17083.0,United Kingdom
564079,85099B,JUMBO BAG RED RETROSPOT,10,2011-08-22 15:55:00,2.08,12627.0,Germany
564083,85099B,JUMBO BAG RED RETROSPOT,10,2011-08-23 08:54:00,2.08,17469.0,United Kingdom
564090,85123A,WHITE HANGING HEART T-LIGHT HOLDER,6,2011-08-23 09:53:00,2.95,17041.0,United Kingdom
564089,85099B,JUMBO BAG RED RETROSPOT,70,2011-08-23 09:53:00,2.08,15971.0,United Kingdom
564090,21212,PACK OF 72 RETROSPOT CAKE CASES,24,2011-08-23 09:53:00,0.55,17041.0,United Kingdom
564092,84879,ASSORTED COLOUR BIRD ORNAMENT,32,2011-08-23 10:24:00,1.69,13767.0,United Kingdom
564093,85099B,JUMBO BAG RED RETROSPOT,10,2011-08-23 10:29:00,2.08,14930.0,Channel Islands
564132,84077,WORLD WAR 2 GLIDERS ASSTD DESIGNS,240,2011-08-23 10:56:00,0.29,12901.0,United Kingdom
564135,21212,PACK OF 72 RETROSPOT CAKE CASES,12,2011-08-23 11:12:00,0.55,16550.0,United Kingdom
564135,22197,POPCORN HOLDER,25,2011-08-23 11:12:00,0.85,16550.0,United Kingdom
564139,85123A,WHITE HANGING HEART T-LIGHT HOLDER,1,2011-08-23 11:41:00,2.95,16904.0,United Kingdom
564145,84879,ASSORTED COLOUR BIRD ORNAMENT,16,2011-08-23 12:18:00,1.69,14329.0,United Kingdom
564147,21212,PACK OF 72 RETROSPOT CAKE CASES,24,2011-08-23 12:21:00,0.55,14004.0,United Kingdom
564147,85099B,JUMBO BAG RED RETROSPOT,20,2011-08-23 12:21:00,2.08,14004.0,United Kingdom
564150,85099B,JUMBO BAG RED RETROSPOT,10,2011-08-23 12:30:00,2.08,14936.0,Channel Islands
564160,85123A,WHITE HANGING HEART T-LIGHT HOLDER,96,2011-08-23 12:47:00,2.55,15569.0,United Kingdom
564162,85099B,JUMBO BAG RED RETROSPOT,10,2011-08-23 13:27:00,2.08,13481.0,United Kingdom
564164,22616,PACK OF 12 LONDON TISSUES ,300,2011-08-23 13:30:00,0.25,17940.0,United Kingdom
564165,85123A,WHITE HANGING HEART T-LIGHT HOLDER,6,2011-08-23 13:35:00,2.95,13593.0,United Kingdom
564167,85099B,JUMBO BAG RED RETROSPOT,10,2011-08-23 13:50:00,2.08,17735.0,United Kingdom
564174,85099B,JUMBO BAG RED RETROSPOT,10,2011-08-23 14:25:00,2.08,14191.0,United Kingdom
564181,22197,POPCORN HOLDER,12,2011-08-23 14:53:00,0.85,13862.0,United Kingdom
564184,21212,PACK OF 72 RETROSPOT CAKE CASES,48,2011-08-23 15:11:00,0.55,,EIRE
564185,85123A,WHITE HANGING HEART T-LIGHT HOLDER,1,2011-08-23 15:14:00,2.95,,United Kingdom
564187,85099B,JUMBO BAG RED RETROSPOT,1,2011-08-23 15:24:00,2.08,15005.0,United Kingdom
564187,85123A,WHITE HANGING HEART T-LIGHT HOLDER,4,2011-08-23 15:24:00,2.95,15005.0,United Kingdom
564189,22197,POPCORN HOLDER,12,2011-08-23 15:34:00,0.85,14769.0,United Kingdom
564191,23166,MEDIUM CERAMIC TOP STORAGE JAR,1,2011-08-23 16:16:00,1.25,17315.0,United Kingdom
564192,23166,MEDIUM CERAMIC TOP STORAGE JAR,24,2011-08-23 16:36:00,1.25,17719.0,United Kingdom
564197,85123A,WHITE HANGING HEART T-LIGHT HOLDER,6,2011-08-23 17:13:00,2.95,13425.0,United Kingdom
564197,21212,PACK OF 72 RETROSPOT CAKE CASES,24,2011-08-23 17:13:00,0.55,13425.0,United Kingdom
564199,85123A,WHITE HANGING HEART T-LIGHT HOLDER,2,2011-08-23 17:31:00,2.95,13263.0,United Kingdom
564201,84879,ASSORTED COLOUR BIRD ORNAMENT,40,2011-08-24 08:09:00,1.69,12540.0,Spain
564201,84077,WORLD WAR 2 GLIDERS ASSTD DESIGNS,48,2011-08-24 08:09:00,0.29,12540.0,Spain
564221,23084,RABBIT NIGHT LIGHT,3,2011-08-24 09:36:00,4.13,,United Kingdom
564221,23166,MEDIUM CERAMIC TOP STORAGE JAR,1,2011-08-24 09:36:00,2.46,,United Kingdom
564221,85099B,JUMBO BAG RED RETROSPOT,38,2011-08-24 09:36:00,4.13,,United Kingdom
564221,22616,PACK OF 12 LONDON TISSUES ,1,2011-08-24 09:36:00,0.79,,United Kingdom
564228,84077,WORLD WAR 2 GLIDERS ASSTD DESIGNS,192,2011-08-24 10:20:00,0.29,13743.0,United Kingdom
564231,84879,ASSORTED COLOUR BIRD ORNAMENT,8,2011-08-24 10:22:00,1.69,13468.0,United Kingdom
564230,21212,PACK OF 72 RETROSPOT CAKE CASES,24,2011-08-24 10:22:00,2.08,,United Kingdom
564230,22197,POPCORN HOLDER,27,2011-08-24 10:22:00,1.63,,United Kingdom
564246,85099B,JUMBO BAG RED RETROSPOT,10,2011-08-24 10:36:00,2.08,13534.0,United Kingdom
564248,85123A,WHITE HANGING HEART T-LIGHT HOLDER,32,2011-08-24 10:37:00,2.55,13798.0,United Kingdom
564256,21212,PACK OF 72 RETROSPOT CAKE CASES,4,2011-08-24 10:45:00,0.55,14796.0,United Kingdom
564300,84077,WORLD WAR 2 GLIDERS ASSTD DESIGNS,96,2011-08-24 11:31:00,0.29,16723.0,United Kingdom
564301,85123A,WHITE HANGING HEART T-LIGHT HOLDER,12,2011-08-24 11:54:00,2.95,14299.0,United Kingdom
564301,22197,POPCORN HOLDER,12,2011-08-24 11:54:00,0.85,14299.0,United Kingdom
564305,84077,WORLD WAR 2 GLIDERS ASSTD DESIGNS,48,2011-08-24 12:20:00,0.29,14875.0,United Kingdom
564305,85099B,JUMBO BAG RED RETROSPOT,10,2011-08-24 12:20:00,2.08,14875.0,United Kingdom
564305,21212,PACK OF 72 RETROSPOT CAKE CASES,24,2011-08-24 12:20:00,0.55,14875.0,United Kingdom
564305,23166,MEDIUM CERAMIC TOP STORAGE JAR,12,2011-08-24 12:20:00,1.25,14875.0,United Kingdom
564310,85099B,JUMBO BAG RED RETROSPOT,200,2011-08-24 12:51:00,1.79,15769.0,United Kingdom
564311,85099B,JUMBO BAG RED RETROSPOT,200,2011-08-24 12:52:00,1.79,15769.0,United Kingdom
564312,85099B,JUMBO BAG RED RETROSPOT,300,2011-08-24 12:52:00,1.79,15769.0,United Kingdom
564313,21212,PACK OF 72 RETROSPOT CAKE CASES,24,2011-08-24 12:54:00,0.55,13728.0,United Kingdom
564315,22197,POPCORN HOLDER,4,2011-08-24 13:07:00,0.85,14730.0,United Kingdom
564316,85099B,JUMBO BAG RED RETROSPOT,10,2011-08-24 13:11:00,2.08,13985.0,United Kingdom
564318,84879,ASSORTED COLOUR BIRD ORNAMENT,24,2011-08-24 13:15:00,1.69,14035.0,United Kingdom
564323,85099B,JUMBO BAG RED RETROSPOT,100,2011-08-24 13:24:00,1.75,13694.0,United Kingdom
564327,85099B,JUMBO BAG RED RETROSPOT,100,2011-08-24 13:33:00,1.74,16029.0,United Kingdom
564327,85099B,JUMBO BAG RED RETROSPOT,100,2011-08-24 13:33:00,1.74,16029.0,United Kingdom
564330,85123A,WHITE HANGING HEART T-LIGHT HOLDER,6,2011-08-24 13:57:00,2.95,13411.0,United Kingdom
564333,22616,PACK OF 12 LONDON TISSUES ,24,2011-08-24 14:14:00,0.29,13199.0,United Kingdom
564334,22197,POPCORN HOLDER,12,2011-08-24 14:19:00,0.85,15812.0,United Kingdom
564335,85123A,WHITE HANGING HEART T-LIGHT HOLDER,2,2011-08-24 14:23:00,2.95,15800.0,United Kingdom
564335,22616,PACK OF 12 LONDON TISSUES ,1,2011-08-24 14:23:00,0.29,15800.0,United Kingdom
564342,21212,PACK OF 72 RETROSPOT CAKE CASES,1,2011-08-24 14:53:00,0.55,16340.0,United Kingdom
564342,21212,PACK OF 72 RETROSPOT CAKE CASES,1,2011-08-24 14:53:00,0.55,16340.0,United Kingdom
564342,84077,WORLD WAR 2 GLIDERS ASSTD DESIGNS,48,2011-08-24 14:53:00,0.29,16340.0,United Kingdom
564346,84077,WORLD WAR 2 GLIDERS ASSTD DESIGNS,48,2011-08-24 14:54:00,0.29,15727.0,United Kingdom
564346,22197,POPCORN HOLDER,21,2011-08-24 14:54:00,0.85,15727.0,United Kingdom
564353,84077,WORLD WAR 2 GLIDERS ASSTD DESIGNS,96,2011-08-24 15:08:00,0.29,15764.0,United Kingdom
564355,85123A,WHITE HANGING HEART T-LIGHT HOLDER,6,2011-08-24 15:12:00,2.95,13507.0,United Kingdom
564357,84879,ASSORTED COLOUR BIRD ORNAMENT,24,2011-08-24 15:51:00,1.69,14973.0,United Kingdom
564359,23084,RABBIT NIGHT LIGHT,4,2011-08-24 16:02:00,2.08,14056.0,United Kingdom
564366,84879,ASSORTED COLOUR BIRD ORNAMENT,24,2011-08-25 08:58:00,1.69,13236.0,United Kingdom
564371,85099B,JUMBO BAG RED RETROSPOT,10,2011-08-25 09:53:00,2.08,17705.0,United Kingdom
564374,85123A,WHITE HANGING HEART T-LIGHT HOLDER,6,2011-08-25 10:00:00,2.95,16589.0,United Kingdom
564375,84879,ASSORTED COLOUR BIRD ORNAMENT,160,2011-08-25 10:16:00,1.45,13078.0,United Kingdom
564376,85123A,WHITE HANGING HEART T-LIGHT HOLDER,64,2011-08-25 10:25:00,2.55,14196.0,United Kingdom
564398,85123A,WHITE HANGING HEART T-LIGHT HOLDER,6,2011-08-25 10:55:00,2.95,18241.0,United Kingdom
564436,22197,POPCORN HOLDER,1,2011-08-25 12:06:00,0.85,17841.0,United Kingdom
564438,85099B,JUMBO BAG RED RETROSPOT,20,2011-08-25 12:11:00,2.08,16628.0,United Kingdom
564476,85123A,WHITE HANGING HEART T-LIGHT HOLDER,12,2011-08-25 12:57:00,2.95,12610.0,Italy
564476,21212,PACK OF 72 RETROSPOT CAKE CASES,24,2011-08-25 12:57:00,0.55,12610.0,Italy
564477,84879,ASSORTED COLOUR BIRD ORNAMENT,8,2011-08-25 12:59:00,1.69,13854.0,United Kingdom
564479,85099B,JUMBO BAG RED RETROSPOT,10,2011-08-25 13:12:00,2.08,12682.0,France
564479,22197,POPCORN HOLDER,12,2011-08-25 13:12:00,0.85,12682.0,France
564484,84879,ASSORTED COLOUR BIRD ORNAMENT,8,2011-08-25 13:46:00,1.69,13634.0,United Kingdom
564484,85099B,JUMBO BAG RED RETROSPOT,3,2011-08-25 13:46:00,2.08,13634.0,United Kingdom
564489,85099B,JUMBO BAG RED RETROSPOT,20,2011-08-25 14:13:00,2.08,15950.0,United Kingdom
564503,84879,ASSORTED COLOUR BIRD ORNAMENT,24,2011-08-25 14:23:00,1.69,13971.0,United Kingdom
564507,22197,POPCORN HOLDER,12,2011-08-25 14:34:00,0.85,15513.0,United Kingdom
564516,23084,RABBIT NIGHT LIGHT,2,2011-08-25 14:45:00,4.13,,United Kingdom
564516,23166,MEDIUM CERAMIC TOP STORAGE JAR,3,2011-08-25 14:45:00,2.46,,United Kingdom
564516,85099B,JUMBO BAG RED RETROSPOT,5,2011-08-25 14:45:00,4.13,,United Kingdom
564526,85099B,JUMBO BAG RED RETROSPOT,10,2011-08-25 14:50:00,2.08,15805.0,United Kingdom
564526,22616,PACK OF 12 LONDON TISSUES ,24,2011-08-25 14:50:00,0.29,15805.0,United Kingdom
564532,84879,ASSORTED COLOUR BIRD ORNAMENT,8,2011-08-25 15:04:00,1.69,14055.0,United Kingdom
564534,85099B,JUMBO BAG RED RETROSPOT,10,2011-08-25 15:09:00,2.08,12748.0,United Kingdom
564535,85123A,WHITE HANGING HEART T-LIGHT HOLDER,6,2011-08-25 15:10:00,2.95,18075.0,United Kingdom
564536,22197,POPCORN HOLDER,5,2011-08-25 15:12:00,0.85,13159.0,United Kingdom
564538,84879,ASSORTED COLOUR BIRD ORNAMENT,160,2011-08-25 15:21:00,1.45,13408.0,United Kingdom
564539,85099B,JUMBO BAG RED RETROSPOT,10,2011-08-25 15:22:00,2.08,12715.0,Sweden
564541,84879,ASSORTED COLOUR BIRD ORNAMENT,8,2011-08-25 15:35:00,1.69,16309.0,United Kingdom
564542,85123A,WHITE HANGING HEART T-LIGHT HOLDER,6,2011-08-25 15:47:00,2.95,16458.0,United Kingdom
564542,85099B,JUMBO BAG RED RETROSPOT,10,2011-08-25 15:47:00,2.08,16458.0,United Kingdom
564552,85123A,WHITE HANGING HEART T-LIGHT HOLDER,6,2011-08-25 17:22:00,2.95,16670.0,United Kingdom
564555,22197,POPCORN HOLDER,4,2011-08-25 19:45:00,0.85,12748.0,United Kingdom
564558,85099B,JUMBO BAG RED RETROSPOT,10,2011-08-26 08:59:00,2.08,12704.0,Finland
564559,84879,ASSORTED COLOUR BIRD ORNAMENT,8,2011-08-26 09:37:00,1.69,15811.0,United Kingdom
564565,21212,PACK OF 72 RETROSPOT CAKE CASES,48,2011-08-26 10:50:00,0.55,14911.0,EIRE
564565,22197,POPCORN HOLDER,12,2011-08-26 10:50:00,0.85,14911.0,EIRE
564572,21212,PACK OF 72 RETROSPOT CAKE CASES,24,2011-08-26 11:18:00,0.55,15078.0,United Kingdom
564572,85099B,JUMBO BAG RED RETROSPOT,20,2011-08-26 11:18:00,2.08,15078.0,United Kingdom
564583,22197,POPCORN HOLDER,600,2011-08-26 11:24:00,0.72,17949.0,United Kingdom
564614,84879,ASSORTED COLOUR BIRD ORNAMENT,16,2011-08-26 11:35:00,1.69,13994.0,United Kingdom
564626,85123A,WHITE HANGING HEART T-LIGHT HOLDER,12,2011-08-26 11:40:00,2.95,18167.0,United Kingdom
564630,23166,MEDIUM CERAMIC TOP STORAGE JAR,12,2011-08-26 11:53:00,1.25,13644.0,United Kingdom
564632,85123A,WHITE HANGING HEART T-LIGHT HOLDER,12,2011-08-26 11:58:00,2.95,16556.0,United Kingdom
564632,84879,ASSORTED COLOUR BIRD ORNAMENT,16,2011-08-26 11:58:00,1.69,16556.0,United Kingdom
564635,85099B,JUMBO BAG RED RETROSPOT,20,2011-08-26 12:41:00,2.08,15615.0,United Kingdom
564642,84077,WORLD WAR 2 GLIDERS ASSTD DESIGNS,48,2011-08-26 13:22:00,0.29,13527.0,United Kingdom
564646,21212,PACK OF 72 RETROSPOT CAKE CASES,5,2011-08-26 13:39:00,2.08,,United Kingdom
564646,22197,POPCORN HOLDER,1,2011-08-26 13:39:00,1.63,,United Kingdom
564647,22616,PACK OF 12 LONDON TISSUES ,12,2011-08-26 13:56:00,0.29,17920.0,United Kingdom
564650,21212,PACK OF 72 RETROSPOT CAKE CASES,120,2011-08-26 14:17:00,0.42,14646.0,Netherlands
564652,23084,RABBIT NIGHT LIGHT,480,2011-08-26 14:20:00,2.08,14646.0,Netherlands
564661,84077,WORLD WAR 2 GLIDERS ASSTD DESIGNS,48,2011-08-26 14:45:00,0.29,12948.0,United Kingdom
564660,23166,MEDIUM CERAMIC TOP STORAGE JAR,12,2011-08-26 14:45:00,1.25,15074.0,United Kingdom
564712,23084,RABBIT NIGHT LIGHT,96,2011-08-28 10:40:00,1.79,15611.0,United Kingdom
564713,85123A,WHITE HANGING HEART T-LIGHT HOLDER,3,2011-08-28 10:43:00,2.95,16768.0,United Kingdom
564713,85123A,WHITE HANGING HEART T-LIGHT HOLDER,2,2011-08-28 10:43:00,2.95,16768.0,United Kingdom
564715,85123A,WHITE HANGING HEART T-LIGHT HOLDER,2,2011-08-28 11:01:00,2.95,14472.0,United Kingdom
564715,84879,ASSORTED COLOUR BIRD ORNAMENT,8,2011-08-28 11:01:00,1.69,14472.0,United Kingdom
564717,23084,RABBIT NIGHT LIGHT,48,2011-08-28 11:19:00,1.79,15669.0,United Kingdom
564719,84879,ASSORTED COLOUR BIRD ORNAMENT,4,2011-08-28 11:55:00,1.69,15325.0,United Kingdom
564721,84879,ASSORTED COLOUR BIRD ORNAMENT,32,2011-08-28 12:01:00,1.69,15095.0,United Kingdom
564722,85123A,WHITE HANGING HEART T-LIGHT HOLDER,5,2011-08-28 12:06:00,2.95,16456.0,United Kingdom
564723,23084,RABBIT NIGHT LIGHT,6,2011-08-28 12:11:00,2.08,16168.0,United Kingdom
564724,85123A,WHITE HANGING HEART T-LIGHT HOLDER,2,2011-08-28 12:16:00,2.95,15555.0,United Kingdom
564725,21212,PACK OF 72 RETROSPOT CAKE CASES,1,2011-08-28 12:28:00,0.55,18041.0,United Kingdom
564726,23084,RABBIT NIGHT LIGHT,4,2011-08-28 12:29:00,2.08,18077.0,United Kingdom
564727,23084,RABBIT NIGHT LIGHT,2,2011-08-28 12:31:00,2.08,16686.0,United Kingdom
564727,84077,WORLD WAR 2 GLIDERS ASSTD DESIGNS,48,2011-08-28 12:31:00,0.29,16686.0,United Kingdom
564728,23084,RABBIT NIGHT LIGHT,48,2011-08-28 12:43:00,1.79,13199.0,United Kingdom
564729,21212,PACK OF 72 RETROSPOT CAKE CASES,4,2011-08-28 12:44:00,0.55,13137.0,United Kingdom
564729,85099B,JUMBO BAG RED RETROSPOT,2,2011-08-28 12:44:00,2.08,13137.0,United Kingdom
564731,84879,ASSORTED COLOUR BIRD ORNAMENT,8,2011-08-28 12:57:00,1.69,16186.0,United Kingdom
564732,85123A,WHITE HANGING HEART T-LIGHT HOLDER,6,2011-08-28 13:08:00,2.95,16466.0,United Kingdom
564732,85123A,WHITE HANGING HEART T-LIGHT HOLDER,8,2011-08-28 13:08:00,2.95,16466.0,United Kingdom
564733,85099B,JUMBO BAG RED RETROSPOT,6,2011-08-28 13:18:00,2.08,17841.0,United Kingdom
564733,23166,MEDIUM CERAMIC TOP STORAGE JAR,3,2011-08-28 13:18:00,1.25,17841.0,United Kingdom
564734,22197,POPCORN HOLDER,18,2011-08-28 13:32:00,0.85,12484.0,Spain
564734,84077,WORLD WAR 2 GLIDERS ASSTD DESIGNS,48,2011-08-28 13:32:00,0.29,12484.0,Spain
564735,84879,ASSORTED COLOUR BIRD ORNAMENT,8,2011-08-28 13:35:00,1.69,15856.0,United Kingdom
564737,85123A,WHITE HANGING HEART T-LIGHT HOLDER,12,2011-08-28 14:00:00,2.95,15312.0,United Kingdom
564739,23084,RABBIT NIGHT LIGHT,1,2011-08-28 14:28:00,2.08,16931.0,United Kingdom
564740,85123A,WHITE HANGING HEART T-LIGHT HOLDER,2,2011-08-28 14:39:00,2.95,14044.0,United Kingdom
564741,23084,RABBIT NIGHT LIGHT,48,2011-08-28 14:53:00,1.79,16107.0,United Kingdom
564742,85099B,JUMBO BAG RED RETROSPOT,3,2011-08-28 15:01:00,2.08,17346.0,United Kingdom
564742,23084,RABBIT NIGHT LIGHT,2,2011-08-28 15:01:00,2.08,17346.0,United Kingdom
564745,23166,MEDIUM CERAMIC TOP STORAGE JAR,2,2011-08-28 15:27:00,1.25,16806.0,United Kingdom
564746,23084,RABBIT NIGHT LIGHT,24,2011-08-28 15:58:00,1.79,17633.0,United Kingdom
564750,21212,PACK OF 72 RETROSPOT CAKE CASES,24,2011-08-30 09:36:00,0.55,17690.0,United Kingdom
564753,23166,MEDIUM CERAMIC TOP STORAGE JAR,12,2011-08-30 10:20:00,1.25,13709.0,United Kingdom
564754,23166,MEDIUM CERAMIC TOP STORAGE JAR,2,2011-08-30 10:29:00,2.46,,United Kingdom
564754,22197,POPCORN HOLDER,1,2011-08-30 10:29:00,1.63,,United Kingdom
564755,23166,MEDIUM CERAMIC TOP STORAGE JAR,1,2011-08-30 10:31:00,2.46,,United Kingdom
564755,21212,PACK OF 72 RETROSPOT CAKE CASES,2,2011-08-30 10:31:00,1.25,,United Kingdom
564756,85123A,WHITE HANGING HEART T-LIGHT HOLDER,1,2011-08-30 10:33:00,5.79,,United Kingdom
564756,22616,PACK OF 12 LONDON TISSUES ,1,2011-08-30 10:33:00,0.83,,United Kingdom
564757,84077,WORLD WAR 2 GLIDERS ASSTD DESIGNS,2,2011-08-30 10:36:00,0.63,,United Kingdom
564757,21212,PACK OF 72 RETROSPOT CAKE CASES,3,2011-08-30 10:36:00,1.25,,United Kingdom
564758,23084,RABBIT NIGHT LIGHT,1,2011-08-30 10:39:00,4.13,,United Kingdom
564758,85099B,JUMBO BAG RED RETROSPOT,4,2011-08-30 10:39:00,4.13,,United Kingdom
564758,85123A,WHITE HANGING HEART T-LIGHT HOLDER,2,2011-08-30 10:39:00,2.95,,United Kingdom
564758,21212,PACK OF 72 RETROSPOT CAKE CASES,1,2011-08-30 10:39:00,1.25,,United Kingdom
564760,85099B,JUMBO BAG RED RETROSPOT,1,2011-08-30 10:47:00,4.13,,United Kingdom
564760,23084,RABBIT NIGHT LIGHT,4,2011-08-30 10:47:00,4.13,,United Kingdom
564760,22616,PACK OF 12 LONDON TISSUES ,14,2011-08-30 10:47:00,0.83,,United Kingdom
564760,21212,PACK OF 72 RETROSPOT CAKE CASES,1,2011-08-30 10:47:00,1.25,,United Kingdom
564814,23084,RABBIT NIGHT LIGHT,120,2011-08-30 11:54:00,1.79,12931.0,United Kingdom
564817,21212,PACK OF 72 RETROSPOT CAKE CASES,1,2011-08-30 12:02:00,1.25,,United Kingdom
564817,85099B,JUMBO BAG RED RETROSPOT,3,2011-08-30 12:02:00,4.13,,United Kingdom
564818,23084,RABBIT NIGHT LIGHT,2,2011-08-30 12:10:00,4.13,,United Kingdom
564818,85123A,WHITE HANGING HEART T-LIGHT HOLDER,6,2011-08-30 12:10:00,2.95,,United Kingdom
564818,85099B,JUMBO BAG RED RETROSPOT,5,2011-08-30 12:10:00,4.13,,United Kingdom
564818,22197,POPCORN HOLDER,2,2011-08-30 12:10:00,1.63,,United Kingdom
564819,23084,RABBIT NIGHT LIGHT,48,2011-08-30 12:11:00,1.79,12814.0,Poland
564820,23084,RABBIT NIGHT LIGHT,1,2011-08-30 12:16:00,4.13,,United Kingdom
564820,21212,PACK OF 72 RETROSPOT CAKE CASES,1,2011-08-30 12:16:00,1.25,,United Kingdom
564825,85099B,JUMBO BAG RED RETROSPOT,2,2011-08-30 12:26:00,4.13,,United Kingdom
564835,85123A,WHITE HANGING HEART T-LIGHT HOLDER,2,2011-08-30 12:31:00,2.95,,United Kingdom
564835,21212,PACK OF 72 RETROSPOT CAKE CASES,1,2011-08-30 12:31:00,1.25,,United Kingdom
564835,22616,PACK OF 12 LONDON TISSUES ,1,2011-08-30 12:31:00,0.83,,United Kingdom
564835,22197,POPCORN HOLDER,4,2011-08-30 12:31:00,1.63,,United Kingdom
564835,23084,RABBIT NIGHT LIGHT,1,2011-08-30 12:31:00,4.13,,United Kingdom
564836,23084,RABBIT NIGHT LIGHT,96,2011-08-30 12:32:00,1.79,17402.0,United Kingdom
564837,21212,PACK OF 72 RETROSPOT CAKE CASES,1,2011-08-30 12:40:00,1.25,,United Kingdom
564838,85099B,JUMBO BAG RED RETROSPOT,3,2011-08-30 12:43:00,4.13,,United Kingdom
564838,85123A,WHITE HANGING HEART T-LIGHT HOLDER,1,2011-08-30 12:43:00,5.79,,United Kingdom
564838,22197,POPCORN HOLDER,2,2011-08-30 12:43:00,1.63,,United Kingdom
564840,85123A,WHITE HANGING HEART T-LIGHT HOLDER,3,2011-08-30 12:49:00,2.95,,United Kingdom
564840,23166,MEDIUM CERAMIC TOP STORAGE JAR,2,2011-08-30 12:49:00,2.46,,United Kingdom
564840,85123A,WHITE HANGING HEART T-LIGHT HOLDER,1,2011-08-30 12:49:00,5.79,,United Kingdom
564841,21212,PACK OF 72 RETROSPOT CAKE CASES,4,2011-08-30 13:42:00,2.08,,United Kingdom
564841,22197,POPCORN HOLDER,27,2011-08-30 13:42:00,1.63,,United Kingdom
564846,85123A,WHITE HANGING HEART T-LIGHT HOLDER,15,2011-08-30 15:16:00,2.95,14507.0,United Kingdom
564846,84879,ASSORTED COLOUR BIRD ORNAMENT,8,2011-08-30 15:16:00,1.69,14507.0,United Kingdom
564847,22197,POPCORN HOLDER,4,2011-08-30 15:31:00,0.85,,United Kingdom
564849,85123A,WHITE HANGING HEART T-LIGHT HOLDER,32,2011-08-30 15:42:00,2.55,17675.0,United Kingdom
564850,85099B,JUMBO BAG RED RETROSPOT,20,2011-08-30 16:43:00,2.08,17298.0,United Kingdom
564853,23084,RABBIT NIGHT LIGHT,24,2011-08-31 08:55:00,1.79,12423.0,Belgium
564855,85099B,JUMBO BAG RED RETROSPOT,10,2011-08-31 09:10:00,2.08,16746.0,United Kingdom
564856,85099B,JUMBO BAG RED RETROSPOT,10,2011-08-31 09:11:00,2.08,12477.0,Germany
564857,23084,RABBIT NIGHT LIGHT,2,2011-08-31 09:23:00,4.13,,United Kingdom
564857,85099B,JUMBO BAG RED RETROSPOT,11,2011-08-31 09:23:00,4.13,,United Kingdom
564859,23084,RABBIT NIGHT LIGHT,216,2011-08-31 09:55:00,1.79,14057.0,United Kingdom
564868,22197,POPCORN HOLDER,12,2011-08-31 10:42:00,0.85,16842.0,United Kingdom
564868,84879,ASSORTED COLOUR BIRD ORNAMENT,16,2011-08-31 10:42:00,1.69,16842.0,United Kingdom
564872,23084,RABBIT NIGHT LIGHT,24,2011-08-31 10:47:00,1.79,16083.0,United Kingdom
564872,22197,POPCORN HOLDER,100,2011-08-31 10:47:00,0.72,16083.0,United Kingdom
564897,23084,RABBIT NIGHT LIGHT,288,2011-08-31 11:22:00,1.79,12678.0,France
564906,23084,RABBIT NIGHT LIGHT,120,2011-08-31 12:18:00,1.79,12682.0,France
564912,85099B,JUMBO BAG RED RETROSPOT,20,2011-08-31 12:33:00,2.08,12490.0,France
564912,23084,RABBIT NIGHT LIGHT,24,2011-08-31 12:33:00,1.79,12490.0,France
564959,23084,RABBIT NIGHT LIGHT,12,2011-08-31 14:22:00,2.08,17299.0,United Kingdom
564961,85123A,WHITE HANGING HEART T-LIGHT HOLDER,32,2011-08-31 14:28:00,2.55,14525.0,United Kingdom
564965,22197,POPCORN HOLDER,12,2011-08-31 15:07:00,0.85,17677.0,United Kingdom
564965,23084,RABBIT NIGHT LIGHT,48,2011-08-31 15:07:00,1.79,17677.0,United Kingdom
564967,23084,RABBIT NIGHT LIGHT,6,2011-08-31 15:13:00,2.08,17659.0,United Kingdom
564972,23084,RABBIT NIGHT LIGHT,24,2011-08-31 15:30:00,1.79,12621.0,Germany
564972,85099B,JUMBO BAG RED RETROSPOT,10,2011-08-31 15:30:00,2.08,12621.0,Germany
564972,21212,PACK OF 72 RETROSPOT CAKE CASES,24,2011-08-31 15:30:00,0.55,12621.0,Germany
564974,23084,RABBIT NIGHT LIGHT,1,2011-08-31 15:32:00,4.13,,United Kingdom
564974,85123A,WHITE HANGING HEART T-LIGHT HOLDER,1,2011-08-31 15:32:00,2.95,,United Kingdom
564974,85099B,JUMBO BAG RED RETROSPOT,6,2011-08-31 15:32:00,4.13,,United Kingdom
564974,22616,PACK OF 12 LONDON TISSUES ,1,2011-08-31 15:32:00,0.83,,United Kingdom
564975,85123A,WHITE HANGING HEART T-LIGHT HOLDER,2,2011-08-31 15:35:00,2.95,17097.0,Spain
564976,21212,PACK OF 72 RETROSPOT CAKE CASES,13,2011-08-31 15:49:00,0.55,17315.0,United Kingdom
564995,85123A,WHITE HANGING HEART T-LIGHT HOLDER,2,2011-08-31 16:09:00,2.95,16780.0,United Kingdom
565014,85099B,JUMBO BAG RED RETROSPOT,100,2011-08-31 16:28:00,1.79,16180.0,United Kingdom
565067,22616,PACK OF 12 LONDON TISSUES ,12,2011-08-31 17:16:00,0.29,15856.0,United Kingdom
565084,22616,PACK OF 12 LONDON TISSUES ,432,2011-09-01 09:39:00,0.25,17306.0,United Kingdom
565087,23084,RABBIT NIGHT LIGHT,6,2011-09-01 10:03:00,2.08,13276.0,United Kingdom
565088,85123A,WHITE HANGING HEART T-LIGHT HOLDER,6,2011-09-01 10:11:00,2.95,16145.0,United Kingdom
565092,22197,POPCORN HOLDER,12,2011-09-01 10:36:00,0.85,14092.0,United Kingdom
565092,21212,PACK OF 72 RETROSPOT CAKE CASES,24,2011-09-01 10:36:00,0.55,14092.0,United Kingdom
565092,85123A,WHITE HANGING HEART T-LIGHT HOLDER,12,2011-09-01 10:36:00,2.95,14092.0,United Kingdom
565092,23084,RABBIT NIGHT LIGHT,18,2011-09-01 10:36:00,2.08,14092.0,United Kingdom
565114,84077,WORLD WAR 2 GLIDERS ASSTD DESIGNS,96,2011-09-01 11:15:00,0.29,13588.0,United Kingdom
565115,22197,POPCORN HOLDER,22,2011-09-01 11:22:00,0.85,16880.0,United Kingdom
565117,85099B,JUMBO BAG RED RETROSPOT,12,2011-09-01 11:33:00,2.08,13089.0,United Kingdom
565117,84879,ASSORTED COLOUR BIRD ORNAMENT,40,2011-09-01 11:33:00,1.69,13089.0,United Kingdom
565117,85123A,WHITE HANGING HEART T-LIGHT HOLDER,32,2011-09-01 11:33:00,2.55,13089.0,United Kingdom
565118,22197,POPCORN HOLDER,12,2011-09-01 11:33:00,0.85,15039.0,United Kingdom
565119,85099B,JUMBO BAG RED RETROSPOT,10,2011-09-01 11:38:00,2.08,16722.0,United Kingdom
565121,85123A,WHITE HANGING HEART T-LIGHT HOLDER,6,2011-09-01 11:43:00,2.95,14239.0,United Kingdom
565129,85123A,WHITE HANGING HEART T-LIGHT HOLDER,5,2011-09-01 12:41:00,2.95,15719.0,United Kingdom
565129,21212,PACK OF 72 RETROSPOT CAKE CASES,3,2011-09-01 12:41:00,0.55,15719.0,United Kingdom
565129,85099B,JUMBO BAG RED RETROSPOT,12,2011-09-01 12:41:00,2.08,15719.0,United Kingdom
565133,85123A,WHITE HANGING HEART T-LIGHT HOLDER,12,2011-09-01 12:46:00,2.95,13458.0,United Kingdom
565133,22197,POPCORN HOLDER,12,2011-09-01 12:46:00,0.85,13458.0,United Kingdom
565144,85099B,JUMBO BAG RED RETROSPOT,30,2011-09-01 13:50:00,2.08,16456.0,United Kingdom
565150,22197,POPCORN HOLDER,36,2011-09-01 14:26:00,0.72,14298.0,United Kingdom
565150,85123A,WHITE HANGING HEART T-LIGHT HOLDER,24,2011-09-01 14:26:00,2.55,14298.0,United Kingdom
565152,23084,RABBIT NIGHT LIGHT,6,2011-09-01 14:42:00,2.08,17799.0,United Kingdom
565152,85099B,JUMBO BAG RED RETROSPOT,4,2011-09-01 14:42:00,2.08,17799.0,United Kingdom
565153,21212,PACK OF 72 RETROSPOT CAKE CASES,24,2011-09-01 14:47:00,0.55,18241.0,United Kingdom
565153,85099B,JUMBO BAG RED RETROSPOT,10,2011-09-01 14:47:00,2.08,18241.0,United Kingdom
565156,85099B,JUMBO BAG RED RETROSPOT,20,2011-09-01 15:04:00,2.08,13045.0,United Kingdom
565157,23084,RABBIT NIGHT LIGHT,48,2011-09-01 15:08:00,1.79,16168.0,United Kingdom
565198,22616,PACK OF 12 LONDON TISSUES ,24,2011-09-01 16:18:00,0.39,16729.0,United Kingdom
565198,85099B,JUMBO BAG RED RETROSPOT,3,2011-09-01 16:18:00,2.08,16729.0,United Kingdom
565198,84879,ASSORTED COLOUR BIRD ORNAMENT,8,2011-09-01 16:18:00,1.69,16729.0,United Kingdom
565199,84879,ASSORTED COLOUR BIRD ORNAMENT,48,2011-09-01 16:30:00,1.69,18171.0,United Kingdom
565201,21212,PACK OF 72 RETROSPOT CAKE CASES,24,2011-09-01 16:41:00,0.55,14907.0,United Kingdom
565202,85099B,JUMBO BAG RED RETROSPOT,100,2011-09-01 16:44:00,1.79,14482.0,United Kingdom
565202,22197,POPCORN HOLDER,3,2011-09-01 16:44:00,0.85,14482.0,United Kingdom
565204,84077,WORLD WAR 2 GLIDERS ASSTD DESIGNS,48,2011-09-01 16:45:00,0.29,15829.0,United Kingdom
565207,85123A,WHITE HANGING HEART T-LIGHT HOLDER,3,2011-09-01 16:46:00,2.95,16764.0,United Kingdom
565208,85123A,WHITE HANGING HEART T-LIGHT HOLDER,12,2011-09-01 16:50:00,2.95,18172.0,United Kingdom
565209,22197,POPCORN HOLDER,4,2011-09-01 16:59:00,0.85,15910.0,United Kingdom
565222,85099B,JUMBO BAG RED RETROSPOT,100,2011-09-01 18:54:00,1.79,13629.0,United Kingdom
565226,21212,PACK OF 72 RETROSPOT CAKE CASES,48,2011-09-02 08:50:00,0.55,16992.0,United Kingdom
565226,22197,POPCORN HOLDER,12,2011-09-02 08:50:00,0.85,16992.0,United Kingdom
565226,85099B,JUMBO BAG RED RETROSPOT,10,2011-09-02 08:50:00,2.08,16992.0,United Kingdom
565230,85123A,WHITE HANGING HEART T-LIGHT HOLDER,96,2011-09-02 09:24:00,2.55,16705.0,United Kingdom
565231,23084,RABBIT NIGHT LIGHT,1,2011-09-02 09:26:00,4.13,,United Kingdom
565231,85123A,WHITE HANGING HEART T-LIGHT HOLDER,4,2011-09-02 09:26:00,2.95,,United Kingdom
565232,23084,RABBIT NIGHT LIGHT,1,2011-09-02 09:30:00,4.13,,United Kingdom
565232,23166,MEDIUM CERAMIC TOP STORAGE JAR,1,2011-09-02 09:30:00,2.46,,United Kingdom
565232,85099B,JUMBO BAG RED RETROSPOT,2,2011-09-02 09:30:00,4.13,,United Kingdom
565232,85123A,WHITE HANGING HEART T-LIGHT HOLDER,1,2011-09-02 09:30:00,5.79,,United Kingdom
565232,84879,ASSORTED COLOUR BIRD ORNAMENT,8,2011-09-02 09:30:00,3.12,,United Kingdom
565232,21212,PACK OF 72 RETROSPOT CAKE CASES,1,2011-09-02 09:30:00,1.25,,United Kingdom
565233,23084,RABBIT NIGHT LIGHT,8,2011-09-02 09:34:00,4.13,,United Kingdom
565233,85099B,JUMBO BAG RED RETROSPOT,17,2011-09-02 09:34:00,4.13,,United Kingdom
565233,22197,POPCORN HOLDER,2,2011-09-02 09:34:00,1.63,,United Kingdom
565234,85099B,JUMBO BAG RED RETROSPOT,3,2011-09-02 09:38:00,4.13,,United Kingdom
565234,85123A,WHITE HANGING HEART T-LIGHT HOLDER,1,2011-09-02 09:38:00,5.79,,United Kingdom
565234,23084,RABBIT NIGHT LIGHT,4,2011-09-02 09:38:00,4.13,,United Kingdom
565235,21212,PACK OF 72 RETROSPOT CAKE CASES,24,2011-09-02 09:43:00,0.55,13418.0,United Kingdom
565236,85099B,JUMBO BAG RED RETROSPOT,10,2011-09-02 09:45:00,2.08,14276.0,United Kingdom
565238,85099B,JUMBO BAG RED RETROSPOT,10,2011-09-02 09:48:00,2.08,16945.0,United Kingdom
565239,23084,RABBIT NIGHT LIGHT,6,2011-09-02 09:51:00,2.08,12670.0,France
565241,22197,POPCORN HOLDER,400,2011-09-02 10:06:00,0.72,17949.0,United Kingdom
565243,85099B,JUMBO BAG RED RETROSPOT,10,2011-09-02 10:20:00,2.08,16735.0,United Kingdom
565243,85123A,WHITE HANGING HEART T-LIGHT HOLDER,18,2011-09-02 10:20:00,2.95,16735.0,United Kingdom
565285,22197,SMALL POPCORN HOLDER,100,2011-09-02 11:34:00,0.72,16013.0,United Kingdom
565286,85099B,JUMBO BAG RED RETROSPOT,12,2011-09-02 11:39:00,4.13,,United Kingdom
565303,23084,RABBIT NIGHT LIGHT,1,2011-09-02 12:17:00,2.08,,Unspecified
565303,84077,WORLD WAR 2 GLIDERS ASSTD DESIGNS,48,2011-09-02 12:17:00,0.29,,Unspecified
565316,85123A,WHITE HANGING HEART T-LIGHT HOLDER,12,2011-09-02 12:52:00,2.95,15628.0,United Kingdom
565317,85099B,JUMBO BAG RED RETROSPOT,30,2011-09-02 13:00:00,2.08,12921.0,United Kingdom
565320,21212,PACK OF 72 RETROSPOT CAKE CASES,120,2011-09-02 13:10:00,0.42,16745.0,United Kingdom
565325,85099B,JUMBO BAG RED RETROSPOT,30,2011-09-02 13:22:00,2.08,16086.0,United Kingdom
565327,22197,POPCORN HOLDER,12,2011-09-02 13:48:00,0.85,12832.0,United Kingdom
565332,84879,ASSORTED COLOUR BIRD ORNAMENT,8,2011-09-02 14:09:00,1.69,13695.0,United Kingdom
565338,21212,PACK OF 72 RETROSPOT CAKE CASES,24,2011-09-02 14:39:00,0.55,14948.0,United Kingdom
565366,85099B,JUMBO BAG RED RETROSPOT,10,2011-09-02 14:56:00,2.08,17091.0,United Kingdom
565378,21212,PACK OF 72 RETROSPOT CAKE CASES,11,2011-09-02 15:16:00,2.08,,United Kingdom
565378,22197,POPCORN HOLDER,37,2011-09-02 15:16:00,1.63,,United Kingdom
565388,85099B,JUMBO BAG RED RETROSPOT,5,2011-09-02 15:56:00,2.08,14415.0,United Kingdom
565396,85099B,JUMBO BAG RED RETROSPOT,4,2011-09-02 16:39:00,4.13,,United Kingdom
565396,85123A,WHITE HANGING HEART T-LIGHT HOLDER,2,2011-09-02 16:39:00,5.79,,United Kingdom
565396,21212,PACK OF 72 RETROSPOT CAKE CASES,1,2011-09-02 16:39:00,1.25,,United Kingdom
565396,22197,POPCORN HOLDER,4,2011-09-02 16:39:00,1.63,,United Kingdom
565398,85123A,WHITE HANGING HEART T-LIGHT HOLDER,32,2011-09-02 16:50:00,2.55,15856.0,United Kingdom
565398,22197,POPCORN HOLDER,100,2011-09-02 16:50:00,0.72,15856.0,United Kingdom
565405,85099B,JUMBO BAG RED RETROSPOT,10,2011-09-04 10:51:00,2.08,14211.0,United Kingdom
565408,85099B,JUMBO BAG RED RETROSPOT,3,2011-09-04 11:12:00,2.08,16813.0,United Kingdom
565411,23166,MEDIUM CERAMIC TOP STORAGE JAR,6,2011-09-04 11:22:00,1.25,13772.0,United Kingdom
565413,22197,POPCORN HOLDER,12,2011-09-04 11:49:00,0.85,18223.0,United Kingdom
565413,85099B,JUMBO BAG RED RETROSPOT,20,2011-09-04 11:49:00,2.08,18223.0,United Kingdom
565416,22197,POPCORN HOLDER,12,2011-09-04 12:00:00,0.85,12710.0,Germany
565416,21212,PACK OF 72 RETROSPOT CAKE CASES,24,2011-09-04 12:00:00,0.55,12710.0,Germany
565415,84077,WORLD WAR 2 GLIDERS ASSTD DESIGNS,48,2011-09-04 12:00:00,0.29,14067.0,United Kingdom
565419,84879,ASSORTED COLOUR BIRD ORNAMENT,8,2011-09-04 12:07:00,1.69,13808.0,United Kingdom
565421,21212,PACK OF 72 RETROSPOT CAKE CASES,1,2011-09-04 12:10:00,0.55,16744.0,United Kingdom
565421,21212,PACK OF 72 RETROSPOT CAKE CASES,1,2011-09-04 12:10:00,0.55,16744.0,United Kingdom
565427,85123A,WHITE HANGING HEART T-LIGHT HOLDER,2,2011-09-04 12:49:00,2.95,17774.0,United Kingdom
565431,85099B,JUMBO BAG RED RETROSPOT,4,2011-09-04 13:15:00,2.08,14965.0,United Kingdom
565432,85123A,WHITE HANGING HEART T-LIGHT HOLDER,2,2011-09-04 13:16:00,2.95,16241.0,United Kingdom
565434,84879,ASSORTED COLOUR BIRD ORNAMENT,16,2011-09-04 13:35:00,1.69,12867.0,United Kingdom
565434,21212,PACK OF 72 RETROSPOT CAKE CASES,2,2011-09-04 13:35:00,0.55,12867.0,United Kingdom
565434,21212,PACK OF 72 RETROSPOT CAKE CASES,3,2011-09-04 13:35:00,0.55,12867.0,United Kingdom
565439,84879,ASSORTED COLOUR BIRD ORNAMENT,24,2011-09-04 13:56:00,1.69,14852.0,United Kingdom
565439,85123A,WHITE HANGING HEART T-LIGHT HOLDER,12,2011-09-04 13:56:00,2.95,14852.0,United Kingdom
565438,85099B,JUMBO BAG RED RETROSPOT,10,2011-09-04 13:56:00,2.08,17229.0,United Kingdom
565443,84879,ASSORTED COLOUR BIRD ORNAMENT,16,2011-09-04 14:22:00,1.69,12567.0,France
565445,85099B,JUMBO BAG RED RETROSPOT,1,2011-09-04 14:50:00,2.08,13548.0,United Kingdom
565447,21212,PACK OF 72 RETROSPOT CAKE CASES,24,2011-09-04 15:20:00,0.55,14107.0,United Kingdom
565451,84879,ASSORTED COLOUR BIRD ORNAMENT,16,2011-09-04 15:37:00,1.69,15365.0,United Kingdom
565453,21212,PACK OF 72 RETROSPOT CAKE CASES,24,2011-09-04 16:05:00,0.55,15136.0,United Kingdom
565453,85099B,JUMBO BAG RED RETROSPOT,10,2011-09-04 16:05:00,2.08,15136.0,United Kingdom
565456,84077,WORLD WAR 2 GLIDERS ASSTD DESIGNS,48,2011-09-04 16:12:00,0.29,16629.0,United Kingdom
565457,85123A,WHITE HANGING HEART T-LIGHT HOLDER,12,2011-09-05 09:07:00,2.95,14565.0,United Kingdom
565458,85099B,JUMBO BAG RED RETROSPOT,20,2011-09-05 09:16:00,2.08,16523.0,United Kingdom
565465,84879,ASSORTED COLOUR BIRD ORNAMENT,24,2011-09-05 09:46:00,1.69,15364.0,United Kingdom
565471,23166,MEDIUM CERAMIC TOP STORAGE JAR,12,2011-09-05 10:12:00,1.25,13931.0,United Kingdom
565471,85099B,JUMBO BAG RED RETROSPOT,10,2011-09-05 10:12:00,2.08,13931.0,United Kingdom
565471,21212,PACK OF 72 RETROSPOT CAKE CASES,24,2011-09-05 10:12:00,0.55,13931.0,United Kingdom
565472,22197,POPCORN HOLDER,28,2011-09-05 10:15:00,0.85,16255.0,United Kingdom
565473,22197,POPCORN HOLDER,12,2011-09-05 10:27:00,0.85,16717.0,United Kingdom
565475,21212,PACK OF 72 RETROSPOT CAKE CASES,120,2011-09-05 10:47:00,0.42,14156.0,EIRE
565475,84077,WORLD WAR 2 GLIDERS ASSTD DESIGNS,48,2011-09-05 10:47:00,0.29,14156.0,EIRE
565478,22197,POPCORN HOLDER,4,2011-09-05 11:18:00,0.85,15005.0,United Kingdom
565479,85099B,JUMBO BAG RED RETROSPOT,10,2011-09-05 11:19:00,2.08,13999.0,United Kingdom
565519,85099B,JUMBO BAG RED RETROSPOT,10,2011-09-05 11:52:00,2.08,12502.0,Spain
565541,85123A,WHITE HANGING HEART T-LIGHT HOLDER,4,2011-09-05 12:00:00,2.95,14159.0,United Kingdom
565541,22197,POPCORN HOLDER,24,2011-09-05 12:00:00,0.85,14159.0,United Kingdom
565541,21212,PACK OF 72 RETROSPOT CAKE CASES,2,2011-09-05 12:00:00,0.55,14159.0,United Kingdom
565542,84077,WORLD WAR 2 GLIDERS ASSTD DESIGNS,48,2011-09-05 12:06:00,0.29,16820.0,United Kingdom
565563,22197,POPCORN HOLDER,10,2011-09-05 12:18:00,0.85,14177.0,United Kingdom
565579,85099B,JUMBO BAG RED RETROSPOT,2,2011-09-05 12:35:00,2.08,18283.0,United Kingdom
565579,21212,PACK OF 72 RETROSPOT CAKE CASES,1,2011-09-05 12:35:00,0.55,18283.0,United Kingdom
565585,84879,ASSORTED COLOUR BIRD ORNAMENT,8,2011-09-05 13:22:00,1.69,16172.0,United Kingdom
565588,85099B,JUMBO BAG RED RETROSPOT,2,2011-09-05 13:50:00,2.08,16918.0,United Kingdom
565588,85123A,WHITE HANGING HEART T-LIGHT HOLDER,6,2011-09-05 13:50:00,2.95,16918.0,United Kingdom
565594,84077,WORLD WAR 2 GLIDERS ASSTD DESIGNS,48,2011-09-05 14:11:00,0.29,13510.0,United Kingdom
565595,84879,ASSORTED COLOUR BIRD ORNAMENT,8,2011-09-05 14:13:00,1.69,13192.0,United Kingdom
565596,22197,POPCORN HOLDER,24,2011-09-05 14:27:00,0.85,16444.0,United Kingdom
565596,21212,PACK OF 72 RETROSPOT CAKE CASES,1,2011-09-05 14:27:00,0.55,16444.0,United Kingdom
565596,85123A,WHITE HANGING HEART T-LIGHT HOLDER,8,2011-09-05 14:27:00,2.95,16444.0,United Kingdom
565614,23166,MEDIUM CERAMIC TOP STORAGE JAR,6,2011-09-05 15:20:00,1.25,17309.0,United Kingdom
565617,23084,RABBIT NIGHT LIGHT,2,2011-09-05 15:30:00,4.13,,United Kingdom
565617,23166,MEDIUM CERAMIC TOP STORAGE JAR,3,2011-09-05 15:30:00,2.46,,United Kingdom
565617,84879,ASSORTED COLOUR BIRD ORNAMENT,8,2011-09-05 15:30:00,1.69,,United Kingdom
565617,85123A,WHITE HANGING HEART T-LIGHT HOLDER,1,2011-09-05 15:30:00,5.79,,United Kingdom
565617,22616,PACK OF 12 LONDON TISSUES ,2,2011-09-05 15:30:00,0.83,,United Kingdom
565617,22197,POPCORN HOLDER,3,2011-09-05 15:30:00,1.63,,United Kingdom
565643,85123A,WHITE HANGING HEART T-LIGHT HOLDER,64,2011-09-05 15:56:00,2.55,13468.0,United Kingdom
565664,21212,PACK OF 72 RETROSPOT CAKE CASES,8,2011-09-05 17:36:00,0.55,13211.0,United Kingdom
565670,85123A,WHITE HANGING HEART T-LIGHT HOLDER,12,2011-09-06 09:23:00,2.95,14944.0,United Kingdom
565672,85123A,WHITE HANGING HEART T-LIGHT HOLDER,32,2011-09-06 09:34:00,2.55,17700.0,United Kingdom
565672,84879,ASSORTED COLOUR BIRD ORNAMENT,8,2011-09-06 09:34:00,1.69,17700.0,United Kingdom
565675,85123A,WHITE HANGING HEART T-LIGHT HOLDER,32,2011-09-06 09:51:00,2.55,15513.0,United Kingdom
565682,85123A,WHITE HANGING HEART T-LIGHT HOLDER,2,2011-09-06 10:42:00,2.95,14796.0,United Kingdom
565725,84879,ASSORTED COLOUR BIRD ORNAMENT,8,2011-09-06 11:55:00,1.69,13949.0,United Kingdom
565727,22197,POPCORN HOLDER,12,2011-09-06 11:58:00,0.85,13158.0,United Kingdom
565726,84879,ASSORTED COLOUR BIRD ORNAMENT,8,2011-09-06 11:58:00,1.69,14360.0,United Kingdom
565728,85123A,WHITE HANGING HEART T-LIGHT HOLDER,32,2011-09-06 12:00:00,2.55,17716.0,United Kingdom
565732,85099B,JUMBO BAG RED RETROSPOT,10,2011-09-06 12:10:00,2.08,17068.0,United Kingdom
565738,85099B,JUMBO BAG RED RETROSPOT,50,2011-09-06 12:30:00,2.08,14667.0,United Kingdom
565748,84879,ASSORTED COLOUR BIRD ORNAMENT,48,2011-09-06 12:38:00,1.69,14156.0,EIRE
565748,85123A,WHITE HANGING HEART T-LIGHT HOLDER,24,2011-09-06 12:38:00,2.95,14156.0,EIRE
565749,23166,MEDIUM CERAMIC TOP STORAGE JAR,48,2011-09-06 12:44:00,1.04,14156.0,EIRE
565750,21212,PACK OF 72 RETROSPOT CAKE CASES,24,2011-09-06 12:48:00,0.55,14208.0,United Kingdom
565750,84879,ASSORTED COLOUR BIRD ORNAMENT,8,2011-09-06 12:48:00,1.69,14208.0,United Kingdom
565751,85099B,JUMBO BAG RED RETROSPOT,2,2011-09-06 12:56:00,2.08,16393.0,United Kingdom
565766,85099B,JUMBO BAG RED RETROSPOT,2,2011-09-06 14:23:00,2.08,17841.0,United Kingdom
565767,22197,POPCORN HOLDER,15,2011-09-06 14:28:00,1.63,,United Kingdom
565767,21212,PACK OF 72 RETROSPOT CAKE CASES,13,2011-09-06 14:28:00,2.08,,United Kingdom
565768,85099B,JUMBO BAG RED RETROSPOT,20,2011-09-06 14:29:00,2.08,14040.0,United Kingdom
565769,85123A,WHITE HANGING HEART T-LIGHT HOLDER,6,2011-09-06 14:32:00,2.95,16175.0,United Kingdom
565776,23166,MEDIUM CERAMIC TOP STORAGE JAR,48,2011-09-06 14:38:00,1.04,15311.0,United Kingdom
565778,85123A,WHITE HANGING HEART T-LIGHT HOLDER,12,2011-09-06 15:04:00,2.95,17460.0,United Kingdom
565779,84879,ASSORTED COLOUR BIRD ORNAMENT,8,2011-09-06 15:14:00,1.69,15804.0,United Kingdom
565781,85123A,WHITE HANGING HEART T-LIGHT HOLDER,32,2011-09-06 15:34:00,2.55,13098.0,United Kingdom
565794,85099B,JUMBO BAG RED RETROSPOT,100,2011-09-07 09:45:00,1.79,16029.0,United Kingdom
565796,21212,PACK OF 72 RETROSPOT CAKE CASES,24,2011-09-07 10:07:00,0.55,14916.0,United Kingdom
565800,85123A,WHITE HANGING HEART T-LIGHT HOLDER,6,2011-09-07 10:23:00,2.95,14911.0,EIRE
565800,22197,POPCORN HOLDER,24,2011-09-07 10:23:00,0.85,14911.0,EIRE
565802,84879,ASSORTED COLOUR BIRD ORNAMENT,8,2011-09-07 10:36:00,1.69,17573.0,United Kingdom
565835,85099B,JUMBO BAG RED RETROSPOT,2,2011-09-07 11:32:00,2.08,14452.0,United Kingdom
565835,22197,POPCORN HOLDER,2,2011-09-07 11:32:00,0.85,14452.0,United Kingdom
565836,85099B,JUMBO BAG RED RETROSPOT,10,2011-09-07 11:41:00,2.08,17511.0,United Kingdom
565836,22616,PACK OF 12 LONDON TISSUES ,24,2011-09-07 11:41:00,0.39,17511.0,United Kingdom
565840,23084,RABBIT NIGHT LIGHT,1,2011-09-07 12:02:00,4.13,,United Kingdom
565840,85123A,WHITE HANGING HEART T-LIGHT HOLDER,4,2011-09-07 12:02:00,5.79,,United Kingdom
565840,85099B,JUMBO BAG RED RETROSPOT,6,2011-09-07 12:02:00,4.13,,United Kingdom
565840,21212,PACK OF 72 RETROSPOT CAKE CASES,2,2011-09-07 12:02:00,1.25,,United Kingdom
565840,22197,POPCORN HOLDER,4,2011-09-07 12:02:00,1.63,,United Kingdom
565841,85099B,JUMBO BAG RED RETROSPOT,6,2011-09-07 12:04:00,4.13,,United Kingdom
565841,23084,RABBIT NIGHT LIGHT,1,2011-09-07 12:04:00,4.13,,United Kingdom
565841,22197,POPCORN HOLDER,1,2011-09-07 12:04:00,1.63,,United Kingdom
565845,85099B,JUMBO BAG RED RETROSPOT,20,2011-09-07 12:21:00,2.08,14709.0,United Kingdom
565847,85099B,JUMBO BAG RED RETROSPOT,3,2011-09-07 12:44:00,4.13,,United Kingdom
565847,23084,RABBIT NIGHT LIGHT,2,2011-09-07 12:44:00,4.13,,United Kingdom
565851,84879,ASSORTED COLOUR BIRD ORNAMENT,32,2011-09-07 13:06:00,1.69,14911.0,EIRE
565854,22197,POPCORN HOLDER,36,2011-09-07 13:22:00,0.85,12490.0,France
565857,84879,ASSORTED COLOUR BIRD ORNAMENT,16,2011-09-07 14:13:00,1.69,14911.0,EIRE
565857,85123A,WHITE HANGING HEART T-LIGHT HOLDER,6,2011-09-07 14:13:00,2.95,14911.0,EIRE
565857,84077,WORLD WAR 2 GLIDERS ASSTD DESIGNS,48,2011-09-07 14:13:00,0.29,14911.0,EIRE
565857,22197,POPCORN HOLDER,12,2011-09-07 14:13:00,0.85,14911.0,EIRE
565857,85099B,JUMBO BAG RED RETROSPOT,10,2011-09-07 14:13:00,2.08,14911.0,EIRE
565857,21212,PACK OF 72 RETROSPOT CAKE CASES,24,2011-09-07 14:13:00,0.55,14911.0,EIRE
565863,84879,ASSORTED COLOUR BIRD ORNAMENT,16,2011-09-07 15:00:00,1.69,17422.0,United Kingdom
565901,85099B,JUMBO BAG RED RETROSPOT,100,2011-09-07 15:34:00,1.79,13798.0,United Kingdom
565915,85099B,JUMBO BAG RED RETROSPOT,5,2011-09-07 15:52:00,2.08,15752.0,United Kingdom
565917,23084,RABBIT NIGHT LIGHT,1,2011-09-07 16:15:00,4.13,,United Kingdom
565917,85099B,JUMBO BAG RED RETROSPOT,1,2011-09-07 16:15:00,4.13,,United Kingdom
565919,23084,RABBIT NIGHT LIGHT,1,2011-09-07 16:48:00,4.13,,United Kingdom
565919,85099B,JUMBO BAG RED RETROSPOT,2,2011-09-07 16:48:00,4.13,,United Kingdom
565920,22197,POPCORN HOLDER,36,2011-09-08 08:56:00,0.85,15298.0,United Kingdom
565922,84879,ASSORTED COLOUR BIRD ORNAMENT,32,2011-09-08 09:51:00,1.69,14116.0,United Kingdom
565928,85123A,WHITE HANGING HEART T-LIGHT HOLDER,6,2011-09-08 10:09:00,2.95,,EIRE
565928,84879,ASSORTED COLOUR BIRD ORNAMENT,8,2011-09-08 10:09:00,1.69,,EIRE
565934,85123A,WHITE HANGING HEART T-LIGHT HOLDER,12,2011-09-08 10:45:00,2.95,18222.0,United Kingdom
565934,21212,PACK OF 72 RETROSPOT CAKE CASES,24,2011-09-08 10:45:00,0.55,18222.0,United Kingdom
565934,84879,ASSORTED COLOUR BIRD ORNAMENT,24,2011-09-08 10:45:00,1.69,18222.0,United Kingdom
565971,22197,POPCORN HOLDER,10,2011-09-08 11:27:00,0.85,13571.0,United Kingdom
565971,85099B,JUMBO BAG RED RETROSPOT,3,2011-09-08 11:27:00,2.08,13571.0,United Kingdom
565967,21212,PACK OF 72 RETROSPOT CAKE CASES,24,2011-09-08 11:27:00,0.55,14646.0,Netherlands
565990,85099B,JUMBO BAG RED RETROSPOT,20,2011-09-08 11:44:00,2.08,13577.0,United Kingdom
565995,85123A,WHITE HANGING HEART T-LIGHT HOLDER,2,2011-09-08 11:48:00,2.95,16076.0,United Kingdom
566008,85099B,JUMBO BAG RED RETROSPOT,2,2011-09-08 12:04:00,2.08,16426.0,United Kingdom
566016,21212,PACK OF 72 RETROSPOT CAKE CASES,24,2011-09-08 12:20:00,0.55,15144.0,United Kingdom
566016,22616,PACK OF 12 LONDON TISSUES ,24,2011-09-08 12:20:00,0.29,15144.0,United Kingdom
566018,84077,WORLD WAR 2 GLIDERS ASSTD DESIGNS,48,2011-09-08 12:42:00,0.29,13137.0,United Kingdom
566018,85099B,JUMBO BAG RED RETROSPOT,2,2011-09-08 12:42:00,2.08,13137.0,United Kingdom
566023,84879,ASSORTED COLOUR BIRD ORNAMENT,48,2011-09-08 12:48:00,1.69,12955.0,United Kingdom
566024,85099B,JUMBO BAG RED RETROSPOT,10,2011-09-08 12:51:00,2.08,13871.0,United Kingdom
566025,22197,POPCORN HOLDER,2,2011-09-08 12:55:00,0.85,17634.0,United Kingdom
566027,84879,ASSORTED COLOUR BIRD ORNAMENT,8,2011-09-08 12:57:00,1.69,15618.0,United Kingdom
566033,22197,POPCORN HOLDER,4,2011-09-08 13:07:00,0.85,16031.0,United Kingdom
566035,22197,POPCORN HOLDER,12,2011-09-08 13:17:00,0.85,12839.0,United Kingdom
566041,21212,PACK OF 72 RETROSPOT CAKE CASES,48,2011-09-08 13:48:00,0.55,13814.0,Germany
566043,85123A,WHITE HANGING HEART T-LIGHT HOLDER,6,2011-09-08 13:54:00,2.95,13769.0,United Kingdom
566050,84879,ASSORTED COLOUR BIRD ORNAMENT,16,2011-09-08 14:35:00,1.69,13854.0,United Kingdom
566053,21212,PACK OF 72 RETROSPOT CAKE CASES,2,2011-09-08 14:57:00,0.55,14410.0,United Kingdom
566060,85099B,JUMBO BAG RED RETROSPOT,10,2011-09-08 15:27:00,4.13,,United Kingdom
566060,22197,POPCORN HOLDER,3,2011-09-08 15:27:00,1.63,,United Kingdom
566060,85123A,WHITE HANGING HEART T-LIGHT HOLDER,1,2011-09-08 15:27:00,5.79,,United Kingdom
566087,84879,ASSORTED COLOUR BIRD ORNAMENT,16,2011-09-09 10:24:00,1.69,13319.0,United Kingdom
566092,84879,ASSORTED COLOUR BIRD ORNAMENT,8,2011-09-09 10:42:00,1.69,13823.0,United Kingdom
566094,22197,POPCORN HOLDER,8,2011-09-09 10:42:00,0.85,17965.0,United Kingdom
566123,22197,POPCORN HOLDER,8,2011-09-09 11:15:00,0.85,15039.0,United Kingdom
566124,84879,ASSORTED COLOUR BIRD ORNAMENT,8,2011-09-09 11:15:00,1.69,16515.0,United Kingdom
566164,21212,PACK OF 72 RETROSPOT CAKE CASES,10,2011-09-09 11:56:00,2.08,,United Kingdom
566164,22197,POPCORN HOLDER,15,2011-09-09 11:56:00,1.63,,United Kingdom
566171,85123A,WHITE HANGING HEART T-LIGHT HOLDER,2,2011-09-09 12:22:00,2.95,18118.0,United Kingdom
566172,85099B,JUMBO BAG RED RETROSPOT,20,2011-09-09 12:24:00,2.08,17001.0,United Kingdom
566190,22616,PACK OF 12 LONDON TISSUES ,12,2011-09-09 13:20:00,0.39,12748.0,United Kingdom
566193,21212,PACK OF 72 RETROSPOT CAKE CASES,24,2011-09-09 13:37:00,0.55,14961.0,United Kingdom
566193,23166,MEDIUM CERAMIC TOP STORAGE JAR,12,2011-09-09 13:37:00,1.25,14961.0,United Kingdom
566194,85123A,WHITE HANGING HEART T-LIGHT HOLDER,2,2011-09-09 13:42:00,2.95,14711.0,United Kingdom
566194,84879,ASSORTED COLOUR BIRD ORNAMENT,8,2011-09-09 13:42:00,1.69,14711.0,United Kingdom
566194,21212,PACK OF 72 RETROSPOT CAKE CASES,1,2011-09-09 13:42:00,0.55,14711.0,United Kingdom
566195,21212,PACK OF 72 RETROSPOT CAKE CASES,120,2011-09-09 13:44:00,0.42,12433.0,Norway
566195,22197,POPCORN HOLDER,100,2011-09-09 13:44:00,0.72,12433.0,Norway
566199,85099B,JUMBO BAG RED RETROSPOT,30,2011-09-09 14:12:00,2.08,14824.0,United Kingdom
566200,85123A,WHITE HANGING HEART T-LIGHT HOLDER,1,2011-09-09 14:14:00,2.95,16910.0,United Kingdom
566200,22197,POPCORN HOLDER,2,2011-09-09 14:14:00,0.85,16910.0,United Kingdom
566204,85123A,WHITE HANGING HEART T-LIGHT HOLDER,24,2011-09-09 14:58:00,2.95,14628.0,United Kingdom
566213,84077,WORLD WAR 2 GLIDERS ASSTD DESIGNS,48,2011-09-09 15:09:00,0.29,14895.0,United Kingdom
566219,21212,PACK OF 72 RETROSPOT CAKE CASES,24,2011-09-09 15:51:00,0.55,17426.0,United Kingdom
566221,85099B,JUMBO BAG RED RETROSPOT,3,2011-09-09 16:13:00,4.13,,United Kingdom
566221,22197,POPCORN HOLDER,3,2011-09-09 16:13:00,1.63,,United Kingdom
566221,23084,RABBIT NIGHT LIGHT,2,2011-09-09 16:13:00,4.13,,United Kingdom
566230,21212,PACK OF 72 RETROSPOT CAKE CASES,24,2011-09-11 10:57:00,0.55,15159.0,United Kingdom
566234,85123A,WHITE HANGING HEART T-LIGHT HOLDER,12,2011-09-11 11:08:00,2.95,15035.0,United Kingdom
566235,85123A,WHITE HANGING HEART T-LIGHT HOLDER,18,2011-09-11 11:17:00,2.95,15636.0,United Kingdom
566238,85123A,WHITE HANGING HEART T-LIGHT HOLDER,4,2011-09-11 11:24:00,2.95,17377.0,United Kingdom
566240,85099B,JUMBO BAG RED RETROSPOT,1,2011-09-11 11:29:00,2.08,14508.0,United Kingdom
566247,85123A,WHITE HANGING HEART T-LIGHT HOLDER,32,2011-09-11 12:03:00,2.55,16107.0,United Kingdom
566249,84879,ASSORTED COLOUR BIRD ORNAMENT,8,2011-09-11 12:09:00,1.69,13527.0,United Kingdom
566258,84879,ASSORTED COLOUR BIRD ORNAMENT,40,2011-09-11 12:45:00,1.69,13124.0,United Kingdom
566260,21212,PACK OF 72 RETROSPOT CAKE CASES,120,2011-09-11 12:45:00,0.42,14212.0,United Kingdom
566262,85099B,JUMBO BAG RED RETROSPOT,30,2011-09-11 12:56:00,2.08,15527.0,United Kingdom
566265,85123A,WHITE HANGING HEART T-LIGHT HOLDER,6,2011-09-11 13:16:00,2.95,18255.0,United Kingdom
566266,84879,ASSORTED COLOUR BIRD ORNAMENT,40,2011-09-11 13:22:00,1.69,17299.0,United Kingdom
566267,21212,PACK OF 72 RETROSPOT CAKE CASES,24,2011-09-11 13:32:00,0.55,12647.0,Germany
566269,22616,PACK OF 12 LONDON TISSUES ,12,2011-09-11 13:39:00,0.39,17864.0,United Kingdom
566271,84077,WORLD WAR 2 GLIDERS ASSTD DESIGNS,48,2011-09-11 13:44:00,0.29,14250.0,United Kingdom
566274,85123A,WHITE HANGING HEART T-LIGHT HOLDER,5,2011-09-11 13:58:00,2.95,13884.0,United Kingdom
566275,85123A,WHITE HANGING HEART T-LIGHT HOLDER,5,2011-09-11 13:58:00,2.95,16549.0,United Kingdom
566279,85123A,WHITE HANGING HEART T-LIGHT HOLDER,6,2011-09-11 14:09:00,2.95,14432.0,United Kingdom
566284,85099B,JUMBO BAG RED RETROSPOT,10,2011-09-11 14:49:00,2.08,14825.0,United Kingdom
566286,85099B,JUMBO BAG RED RETROSPOT,10,2011-09-11 14:58:00,2.08,14057.0,United Kingdom
566290,85123A,WHITE HANGING HEART T-LIGHT HOLDER,1,2011-09-11 15:24:00,2.95,14456.0,United Kingdom
566290,85099B,JUMBO BAG RED RETROSPOT,2,2011-09-11 15:24:00,2.08,14456.0,United Kingdom
566290,22197,POPCORN HOLDER,2,2011-09-11 15:24:00,0.85,14456.0,United Kingdom
566291,22616,PACK OF 12 LONDON TISSUES ,2,2011-09-11 15:31:00,0.39,12965.0,United Kingdom
566292,84077,WORLD WAR 2 GLIDERS ASSTD DESIGNS,96,2011-09-11 15:35:00,0.29,13381.0,United Kingdom
566292,84879,ASSORTED COLOUR BIRD ORNAMENT,16,2011-09-11 15:35:00,1.69,13381.0,United Kingdom
566293,22197,POPCORN HOLDER,100,2011-09-11 15:35:00,0.72,14533.0,United Kingdom
566304,85099B,JUMBO BAG RED RETROSPOT,10,2011-09-12 09:03:00,2.08,18158.0,United Kingdom
566305,22197,POPCORN HOLDER,12,2011-09-12 09:26:00,0.85,14110.0,United Kingdom
566312,84879,ASSORTED COLOUR BIRD ORNAMENT,8,2011-09-12 09:43:00,1.69,16150.0,United Kingdom
566317,84879,ASSORTED COLOUR BIRD ORNAMENT,8,2011-09-12 10:19:00,1.69,13375.0,United Kingdom
566318,85099B,JUMBO BAG RED RETROSPOT,10,2011-09-12 10:47:00,2.08,15971.0,United Kingdom
566320,22197,POPCORN HOLDER,6,2011-09-12 11:41:00,0.85,13983.0,United Kingdom
566328,84077,WORLD WAR 2 GLIDERS ASSTD DESIGNS,48,2011-09-12 12:19:00,0.29,13743.0,United Kingdom
566364,23166,MEDIUM CERAMIC TOP STORAGE JAR,12,2011-09-12 12:32:00,1.25,15253.0,United Kingdom
566361,85123A,WHITE HANGING HEART T-LIGHT HOLDER,12,2011-09-12 12:32:00,2.95,15253.0,United Kingdom
566394,85123A,WHITE HANGING HEART T-LIGHT HOLDER,12,2011-09-12 12:45:00,2.95,13650.0,United Kingdom
566396,22197,POPCORN HOLDER,12,2011-09-12 12:51:00,0.85,14292.0,United Kingdom
566398,85099B,JUMBO BAG RED RETROSPOT,10,2011-09-12 13:10:00,2.08,12884.0,United Kingdom
566399,85123A,WHITE HANGING HEART T-LIGHT HOLDER,12,2011-09-12 13:11:00,2.95,16141.0,United Kingdom
566400,22197,POPCORN HOLDER,12,2011-09-12 13:16:00,0.85,17139.0,United Kingdom
566400,85099B,JUMBO BAG RED RETROSPOT,10,2011-09-12 13:16:00,2.08,17139.0,United Kingdom
566403,85123A,WHITE HANGING HEART T-LIGHT HOLDER,64,2011-09-12 13:38:00,2.55,16985.0,United Kingdom
566405,22616,PACK OF 12 LONDON TISSUES ,72,2011-09-12 13:41:00,0.39,17919.0,United Kingdom
566420,22197,POPCORN HOLDER,4,2011-09-12 13:50:00,0.85,16360.0,United Kingdom
566425,85123A,WHITE HANGING HEART T-LIGHT HOLDER,6,2011-09-12 14:22:00,2.95,16458.0,United Kingdom
566425,85099B,JUMBO BAG RED RETROSPOT,20,2011-09-12 14:22:00,2.08,16458.0,United Kingdom
566428,84879,ASSORTED COLOUR BIRD ORNAMENT,24,2011-09-12 14:24:00,1.69,15932.0,United Kingdom
566427,22616,PACK OF 12 LONDON TISSUES ,12,2011-09-12 14:24:00,0.39,17433.0,United Kingdom
566440,85099B,JUMBO BAG RED RETROSPOT,10,2011-09-12 15:19:00,2.08,15755.0,United Kingdom
566440,85123A,WHITE HANGING HEART T-LIGHT HOLDER,6,2011-09-12 15:19:00,2.95,15755.0,United Kingdom
566446,23084,RABBIT NIGHT LIGHT,4,2011-09-12 15:40:00,4.13,,United Kingdom
566446,85099B,JUMBO BAG RED RETROSPOT,11,2011-09-12 15:40:00,4.13,,United Kingdom
566446,84879,ASSORTED COLOUR BIRD ORNAMENT,8,2011-09-12 15:40:00,3.12,,United Kingdom
566446,85123A,WHITE HANGING HEART T-LIGHT HOLDER,1,2011-09-12 15:40:00,5.79,,United Kingdom
566446,22197,POPCORN HOLDER,150,2011-09-12 15:40:00,1.63,,United Kingdom
566450,22197,POPCORN HOLDER,13,2011-09-12 16:12:00,0.85,15673.0,United Kingdom
566451,85099B,JUMBO BAG RED RETROSPOT,2,2011-09-12 16:14:00,2.08,18069.0,United Kingdom
566451,85123A,WHITE HANGING HEART T-LIGHT HOLDER,4,2011-09-12 16:14:00,2.95,18069.0,United Kingdom
566479,85123A,WHITE HANGING HEART T-LIGHT HOLDER,32,2011-09-13 09:07:00,2.55,13831.0,United Kingdom
566482,85123A,WHITE HANGING HEART T-LIGHT HOLDER,12,2011-09-13 09:43:00,2.95,16609.0,United Kingdom
566482,85099B,JUMBO BAG RED RETROSPOT,10,2011-09-13 09:43:00,2.08,16609.0,United Kingdom
566484,21212,PACK OF 72 RETROSPOT CAKE CASES,24,2011-09-13 09:48:00,0.55,13880.0,United Kingdom
566487,21212,PACK OF 72 RETROSPOT CAKE CASES,120,2011-09-13 10:03:00,0.42,16422.0,United Kingdom
566488,84879,ASSORTED COLOUR BIRD ORNAMENT,8,2011-09-13 10:16:00,1.69,12940.0,United Kingdom
566488,85123A,WHITE HANGING HEART T-LIGHT HOLDER,6,2011-09-13 10:16:00,2.95,12940.0,United Kingdom
566489,84879,ASSORTED COLOUR BIRD ORNAMENT,32,2011-09-13 10:17:00,1.69,16814.0,United Kingdom
566494,84077,WORLD WAR 2 GLIDERS ASSTD DESIGNS,288,2011-09-13 11:12:00,0.29,17404.0,Sweden
566495,21212,PACK OF 72 RETROSPOT CAKE CASES,3,2011-09-13 11:14:00,0.55,15529.0,United Kingdom
566495,22616,PACK OF 12 LONDON TISSUES ,6,2011-09-13 11:14:00,0.39,15529.0,United Kingdom
566518,85123A,WHITE HANGING HEART T-LIGHT HOLDER,1,2011-09-13 11:24:00,2.95,17779.0,United Kingdom
566518,85099B,JUMBO BAG RED RETROSPOT,2,2011-09-13 11:24:00,2.08,17779.0,United Kingdom
566534,21212,PACK OF 72 RETROSPOT CAKE CASES,1,2011-09-13 11:32:00,5.0,,United Kingdom
566534,21212,PACK OF 72 RETROSPOT CAKE CASES,10,2011-09-13 11:32:00,2.08,,United Kingdom
566534,22197,POPCORN HOLDER,26,2011-09-13 11:32:00,1.63,,United Kingdom
566539,22616,PACK OF 12 LONDON TISSUES ,24,2011-09-13 11:34:00,0.39,17228.0,United Kingdom
566561,22197,POPCORN HOLDER,24,2011-09-13 12:13:00,0.85,18145.0,United Kingdom
566561,21212,PACK OF 72 RETROSPOT CAKE CASES,24,2011-09-13 12:13:00,0.55,18145.0,United Kingdom
566561,85099B,JUMBO BAG RED RETROSPOT,10,2011-09-13 12:13:00,2.08,18145.0,United Kingdom
566562,84077,WORLD WAR 2 GLIDERS ASSTD DESIGNS,48,2011-09-13 12:18:00,0.29,17365.0,United Kingdom
566564,22616,PACK OF 12 LONDON TISSUES ,24,2011-09-13 12:26:00,0.39,15522.0,United Kingdom
566564,85123A,WHITE HANGING HEART T-LIGHT HOLDER,4,2011-09-13 12:26:00,2.95,15522.0,United Kingdom
566571,85099B,JUMBO BAG RED RETROSPOT,10,2011-09-13 12:49:00,2.08,17037.0,United Kingdom
566571,84879,ASSORTED COLOUR BIRD ORNAMENT,16,2011-09-13 12:49:00,1.69,17037.0,United Kingdom
566572,85123A,WHITE HANGING HEART T-LIGHT HOLDER,6,2011-09-13 12:52:00,2.95,13488.0,United Kingdom
566572,84879,ASSORTED COLOUR BIRD ORNAMENT,8,2011-09-13 12:52:00,1.69,13488.0,United Kingdom
566576,85099B,JUMBO BAG RED RETROSPOT,100,2011-09-13 13:21:00,1.79,13098.0,United Kingdom
566576,85123A,WHITE HANGING HEART T-LIGHT HOLDER,32,2011-09-13 13:21:00,2.55,13098.0,United Kingdom
566577,85099B,JUMBO BAG RED RETROSPOT,1,2011-09-13 13:29:00,4.13,,United Kingdom
566577,22616,PACK OF 12 LONDON TISSUES ,1,2011-09-13 13:29:00,0.79,,United Kingdom
566577,23084,RABBIT NIGHT LIGHT,1,2011-09-13 13:29:00,4.13,,United Kingdom
566581,84879,ASSORTED COLOUR BIRD ORNAMENT,40,2011-09-13 13:47:00,1.69,16081.0,United Kingdom
566581,85123A,WHITE HANGING HEART T-LIGHT HOLDER,32,2011-09-13 13:47:00,2.55,16081.0,United Kingdom
566582,84879,ASSORTED COLOUR BIRD ORNAMENT,160,2011-09-13 13:49:00,1.45,13384.0,United Kingdom
566585,84879,ASSORTED COLOUR BIRD ORNAMENT,16,2011-09-13 14:06:00,1.69,16409.0,United Kingdom
566589,85099B,JUMBO BAG RED RETROSPOT,10,2011-09-13 14:50:00,2.08,14753.0,United Kingdom
566590,84077,WORLD WAR 2 GLIDERS ASSTD DESIGNS,48,2011-09-13 14:51:00,0.29,14032.0,United Kingdom
566595,21212,PACK OF 72 RETROSPOT CAKE CASES,600,2011-09-13 15:03:00,0.42,18251.0,United Kingdom
566599,85123A,WHITE HANGING HEART T-LIGHT HOLDER,2,2011-09-13 15:37:00,2.95,15998.0,United Kingdom
566600,21212,PACK OF 72 RETROSPOT CAKE CASES,24,2011-09-13 15:41:00,0.55,13704.0,United Kingdom
566601,85099B,JUMBO BAG RED RETROSPOT,1,2011-09-13 15:57:00,2.08,16469.0,United Kingdom
566602,21212,PACK OF 72 RETROSPOT CAKE CASES,4,2011-09-13 16:05:00,0.55,,United Kingdom
566602,23084,RABBIT NIGHT LIGHT,1,2011-09-13 16:05:00,4.13,,United Kingdom
566604,84879,ASSORTED COLOUR BIRD ORNAMENT,16,2011-09-13 16:26:00,1.69,16279.0,United Kingdom
566605,85123A,WHITE HANGING HEART T-LIGHT HOLDER,4,2011-09-13 16:27:00,2.95,13263.0,United Kingdom
566616,21212,PACK OF 72 RETROSPOT CAKE CASES,24,2011-09-14 08:35:00,0.55,12895.0,United Kingdom
566618,85123A,WHITE HANGING HEART T-LIGHT HOLDER,64,2011-09-14 09:13:00,2.55,17640.0,United Kingdom
566621,84879,ASSORTED COLOUR BIRD ORNAMENT,16,2011-09-14 09:22:00,1.69,15845.0,United Kingdom
566625,84879,ASSORTED COLOUR BIRD ORNAMENT,8,2011-09-14 09:38:00,1.69,14911.0,EIRE
566625,85123A,WHITE HANGING HEART T-LIGHT HOLDER,6,2011-09-14 09:38:00,2.95,14911.0,EIRE
566647,21212,PACK OF 72 RETROSPOT CAKE CASES,1,2011-09-14 11:21:00,0.55,18001.0,United Kingdom
566673,84879,ASSORTED COLOUR BIRD ORNAMENT,8,2011-09-14 11:39:00,1.69,17728.0,United Kingdom
566708,22197,POPCORN HOLDER,100,2011-09-14 11:55:00,0.72,13078.0,United Kingdom
566713,85123A,WHITE HANGING HEART T-LIGHT HOLDER,6,2011-09-14 12:05:00,2.95,15933.0,United Kingdom
566719,85123A,WHITE HANGING HEART T-LIGHT HOLDER,6,2011-09-14 12:29:00,2.95,15081.0,United Kingdom
566720,85099B,JUMBO BAG RED RETROSPOT,1,2011-09-14 12:42:00,2.08,13634.0,United Kingdom
566720,85123A,WHITE HANGING HEART T-LIGHT HOLDER,3,2011-09-14 12:42:00,2.95,13634.0,United Kingdom
566734,21212,PACK OF 72 RETROSPOT CAKE CASES,1,2011-09-14 14:09:00,0.55,16910.0,United Kingdom
566735,21212,PACK OF 72 RETROSPOT CAKE CASES,4,2011-09-14 14:19:00,0.55,15707.0,United Kingdom
566746,84879,ASSORTED COLOUR BIRD ORNAMENT,16,2011-09-14 15:18:00,1.69,13321.0,United Kingdom
566757,22197,POPCORN HOLDER,2,2011-09-14 15:54:00,1.63,,United Kingdom
566757,21212,PACK OF 72 RETROSPOT CAKE CASES,6,2011-09-14 15:54:00,0.55,,United Kingdom
566757,85099B,JUMBO BAG RED RETROSPOT,2,2011-09-14 15:54:00,4.13,,United Kingdom
566771,84879,ASSORTED COLOUR BIRD ORNAMENT,24,2011-09-15 09:34:00,1.69,15322.0,United Kingdom
566771,84077,WORLD WAR 2 GLIDERS ASSTD DESIGNS,48,2011-09-15 09:34:00,0.29,15322.0,United Kingdom
566776,22197,POPCORN HOLDER,24,2011-09-15 09:53:00,0.85,14911.0,EIRE
566776,84077,WORLD WAR 2 GLIDERS ASSTD DESIGNS,48,2011-09-15 09:53:00,0.29,14911.0,EIRE
566783,85099B,JUMBO BAG RED RETROSPOT,10,2011-09-15 10:18:00,2.08,13539.0,United Kingdom
566786,84879,ASSORTED COLOUR BIRD ORNAMENT,16,2011-09-15 10:29:00,1.69,13518.0,United Kingdom
566786,84077,WORLD WAR 2 GLIDERS ASSTD DESIGNS,48,2011-09-15 10:29:00,0.29,13518.0,United Kingdom
566787,85099B,JUMBO BAG RED RETROSPOT,12,2011-09-15 10:31:00,4.13,,United Kingdom
566787,23084,RABBIT NIGHT LIGHT,5,2011-09-15 10:31:00,4.13,,United Kingdom
566816,84879,ASSORTED COLOUR BIRD ORNAMENT,160,2011-09-15 10:53:00,1.45,12731.0,France
566817,84879,ASSORTED COLOUR BIRD ORNAMENT,160,2011-09-15 10:53:00,1.45,16160.0,United Kingdom
566817,84077,WORLD WAR 2 GLIDERS ASSTD DESIGNS,288,2011-09-15 10:53:00,0.21,16160.0,United Kingdom
566822,85099B,JUMBO BAG RED RETROSPOT,10,2011-09-15 11:33:00,2.08,17677.0,United Kingdom
566821,85099B,JUMBO BAG RED RETROSPOT,20,2011-09-15 11:33:00,2.08,14227.0,United Kingdom
566847,85099B,JUMBO BAG RED RETROSPOT,4,2011-09-15 11:57:00,2.08,15005.0,United Kingdom
566847,85123A,WHITE HANGING HEART T-LIGHT HOLDER,4,2011-09-15 11:57:00,2.95,15005.0,United Kingdom
566848,85123A,WHITE HANGING HEART T-LIGHT HOLDER,128,2011-09-15 12:02:00,2.55,18172.0,United Kingdom
566864,85099B,JUMBO BAG RED RETROSPOT,2,2011-09-15 12:51:00,2.08,17786.0,United Kingdom
566864,85123A,WHITE HANGING HEART T-LIGHT HOLDER,2,2011-09-15 12:51:00,2.95,17786.0,United Kingdom
566868,22197,POPCORN HOLDER,9,2011-09-15 13:13:00,0.85,14595.0,United Kingdom
566869,84077,WORLD WAR 2 GLIDERS ASSTD DESIGNS,48,2011-09-15 13:20:00,0.29,13658.0,United Kingdom
566872,84879,ASSORTED COLOUR BIRD ORNAMENT,8,2011-09-15 13:28:00,1.69,16729.0,United Kingdom
566872,22616,PACK OF 12 LONDON TISSUES ,12,2011-09-15 13:28:00,0.39,16729.0,United Kingdom
566872,85099B,JUMBO BAG RED RETROSPOT,4,2011-09-15 13:28:00,2.08,16729.0,United Kingdom
566873,21212,PACK OF 72 RETROSPOT CAKE CASES,24,2011-09-15 13:31:00,0.55,12682.0,France
566875,85099B,JUMBO BAG RED RETROSPOT,50,2011-09-15 13:43:00,2.08,17669.0,United Kingdom
566912,21212,PACK OF 72 RETROSPOT CAKE CASES,24,2011-09-15 14:05:00,0.55,14367.0,United Kingdom
566912,85099B,JUMBO BAG RED RETROSPOT,10,2011-09-15 14:05:00,2.08,14367.0,United Kingdom
566913,21212,PACK OF 72 RETROSPOT CAKE CASES,3,2011-09-15 14:07:00,0.55,17602.0,United Kingdom
566913,84077,WORLD WAR 2 GLIDERS ASSTD DESIGNS,96,2011-09-15 14:07:00,0.29,17602.0,United Kingdom
566913,85123A,WHITE HANGING HEART T-LIGHT HOLDER,6,2011-09-15 14:07:00,2.95,17602.0,United Kingdom
566914,21212,PACK OF 72 RETROSPOT CAKE CASES,6,2011-09-15 14:08:00,0.55,15466.0,United Kingdom
566915,85099B,JUMBO BAG RED RETROSPOT,10,2011-09-15 14:22:00,2.08,16945.0,United Kingdom
566921,84077,WORLD WAR 2 GLIDERS ASSTD DESIGNS,48,2011-09-15 14:56:00,0.29,17898.0,United Kingdom
566923,85123A,WHITE HANGING HEART T-LIGHT HOLDER,2,2011-09-15 15:05:00,2.95,15511.0,United Kingdom
566930,85099B,JUMBO BAG RED RETROSPOT,10,2011-09-15 15:26:00,2.08,15417.0,United Kingdom
566932,23166,MEDIUM CERAMIC TOP STORAGE JAR,1,2011-09-15 15:29:00,1.25,17576.0,United Kingdom
566932,85123A,WHITE HANGING HEART T-LIGHT HOLDER,1,2011-09-15 15:29:00,2.95,17576.0,United Kingdom
566949,85099B,JUMBO BAG RED RETROSPOT,12,2011-09-15 16:32:00,4.13,,United Kingdom
566949,21212,PACK OF 72 RETROSPOT CAKE CASES,7,2011-09-15 16:32:00,0.55,,United Kingdom
566950,85099B,JUMBO BAG RED RETROSPOT,10,2011-09-15 16:34:00,2.08,17594.0,United Kingdom
566951,84879,ASSORTED COLOUR BIRD ORNAMENT,32,2011-09-15 16:36:00,1.69,17293.0,United Kingdom
566952,85123A,WHITE HANGING HEART T-LIGHT HOLDER,1,2011-09-15 16:37:00,5.79,,United Kingdom
566952,22197,POPCORN HOLDER,2,2011-09-15 16:37:00,1.63,,United Kingdom
566952,21212,PACK OF 72 RETROSPOT CAKE CASES,1,2011-09-15 16:37:00,1.25,,United Kingdom
566952,85099B,JUMBO BAG RED RETROSPOT,2,2011-09-15 16:37:00,4.13,,United Kingdom
566962,85099B,JUMBO BAG RED RETROSPOT,1,2011-09-15 17:07:00,2.08,16764.0,United Kingdom
566972,23166,MEDIUM CERAMIC TOP STORAGE JAR,12,2011-09-16 09:13:00,1.25,16573.0,United Kingdom
566975,84879,ASSORTED COLOUR BIRD ORNAMENT,16,2011-09-16 09:24:00,1.69,13599.0,United Kingdom
566974,85099B,JUMBO BAG RED RETROSPOT,10,2011-09-16 09:24:00,2.08,13599.0,United Kingdom
566975,85099B,JUMBO BAG RED RETROSPOT,20,2011-09-16 09:24:00,2.08,13599.0,United Kingdom
566976,22197,POPCORN HOLDER,24,2011-09-16 09:27:00,0.85,15382.0,United Kingdom
566976,84077,WORLD WAR 2 GLIDERS ASSTD DESIGNS,144,2011-09-16 09:27:00,0.29,15382.0,United Kingdom
566979,85099B,JUMBO BAG RED RETROSPOT,10,2011-09-16 09:54:00,2.08,13141.0,United Kingdom
566979,85123A,WHITE HANGING HEART T-LIGHT HOLDER,18,2011-09-16 09:54:00,2.95,13141.0,United Kingdom
566985,85099B,JUMBO BAG RED RETROSPOT,15,2011-09-16 10:42:00,4.13,,United Kingdom
566985,23084,RABBIT NIGHT LIGHT,2,2011-09-16 10:42:00,4.13,,United Kingdom
566988,22197,POPCORN HOLDER,36,2011-09-16 10:56:00,0.85,16709.0,United Kingdom
567024,21212,PACK OF 72 RETROSPOT CAKE CASES,17,2011-09-16 11:23:00,2.08,,United Kingdom
567024,22197,POPCORN HOLDER,26,2011-09-16 11:23:00,1.63,,United Kingdom
567043,22197,POPCORN HOLDER,10,2011-09-16 11:27:00,0.85,13268.0,United Kingdom
567062,22197,POPCORN HOLDER,12,2011-09-16 11:48:00,0.85,16108.0,United Kingdom
567062,84077,WORLD WAR 2 GLIDERS ASSTD DESIGNS,48,2011-09-16 11:48:00,0.29,16108.0,United Kingdom
567077,22197,POPCORN HOLDER,2,2011-09-16 12:34:00,0.85,18122.0,United Kingdom
567095,85099B,JUMBO BAG RED RETROSPOT,20,2011-09-16 13:03:00,2.08,17049.0,United Kingdom
567096,85123A,WHITE HANGING HEART T-LIGHT HOLDER,6,2011-09-16 13:13:00,2.95,15099.0,United Kingdom
567104,22197,POPCORN HOLDER,12,2011-09-16 13:33:00,0.85,15975.0,United Kingdom
567104,23166,MEDIUM CERAMIC TOP STORAGE JAR,12,2011-09-16 13:33:00,1.25,15975.0,United Kingdom
567126,85099B,JUMBO BAG RED RETROSPOT,4,2011-09-16 13:53:00,2.08,17238.0,United Kingdom
567128,84879,ASSORTED COLOUR BIRD ORNAMENT,24,2011-09-16 14:04:00,1.69,18055.0,United Kingdom
567138,85099B,JUMBO BAG RED RETROSPOT,20,2011-09-16 14:39:00,2.08,17652.0,United Kingdom
567138,85123A,WHITE HANGING HEART T-LIGHT HOLDER,12,2011-09-16 14:39:00,2.95,17652.0,United Kingdom
567138,22197,POPCORN HOLDER,12,2011-09-16 14:39:00,0.85,17652.0,United Kingdom
567144,85123A,WHITE HANGING HEART T-LIGHT HOLDER,64,2011-09-16 15:07:00,2.55,12871.0,United Kingdom
567145,84879,ASSORTED COLOUR BIRD ORNAMENT,24,2011-09-16 15:09:00,1.69,12921.0,United Kingdom
567145,21212,PACK OF 72 RETROSPOT CAKE CASES,24,2011-09-16 15:09:00,0.55,12921.0,United Kingdom
567148,85099B,JUMBO BAG RED RETROSPOT,20,2011-09-16 15:23:00,2.08,18225.0,United Kingdom
567153,22616,PACK OF 12 LONDON TISSUES ,12,2011-09-16 16:25:00,0.39,14056.0,United Kingdom
567156,84879,ASSORTED COLOUR BIRD ORNAMENT,4,2011-09-16 17:05:00,1.69,14462.0,United Kingdom
567159,84879,ASSORTED COLOUR BIRD ORNAMENT,16,2011-09-18 10:19:00,1.69,15465.0,United Kingdom
567161,85099B,JUMBO BAG RED RETROSPOT,100,2011-09-18 10:46:00,1.79,15947.0,United Kingdom
567165,23166,MEDIUM CERAMIC TOP STORAGE JAR,2,2011-09-18 11:58:00,1.25,17841.0,United Kingdom
567170,22616,PACK OF 12 LONDON TISSUES ,1,2011-09-18 12:40:00,0.39,13566.0,United Kingdom
567170,85099B,JUMBO BAG RED RETROSPOT,2,2011-09-18 12:40:00,2.08,13566.0,United Kingdom
567170,85099B,JUMBO BAG RED RETROSPOT,2,2011-09-18 12:40:00,2.08,13566.0,United Kingdom
567171,85099B,JUMBO BAG RED RETROSPOT,100,2011-09-18 12:42:00,1.79,17677.0,United Kingdom
567172,85123A,WHITE HANGING HEART T-LIGHT HOLDER,64,2011-09-18 13:29:00,2.55,18194.0,United Kingdom
567175,85123A,WHITE HANGING HEART T-LIGHT HOLDER,4,2011-09-18 13:38:00,2.95,13067.0,United Kingdom
567175,85099B,JUMBO BAG RED RETROSPOT,3,2011-09-18 13:38:00,2.08,13067.0,United Kingdom
567179,84879,ASSORTED COLOUR BIRD ORNAMENT,8,2011-09-18 14:27:00,1.69,15547.0,United Kingdom
567180,85099B,JUMBO BAG RED RETROSPOT,2,2011-09-18 14:56:00,2.08,17802.0,United Kingdom
567180,84879,ASSORTED COLOUR BIRD ORNAMENT,16,2011-09-18 14:56:00,1.69,17802.0,United Kingdom
567180,22616,PACK OF 12 LONDON TISSUES ,12,2011-09-18 14:56:00,0.39,17802.0,United Kingdom
567182,85099B,JUMBO BAG RED RETROSPOT,10,2011-09-18 15:21:00,2.08,13334.0,United Kingdom
567182,85123A,WHITE HANGING HEART T-LIGHT HOLDER,12,2011-09-18 15:21:00,2.95,13334.0,United Kingdom
567183,84879,ASSORTED COLOUR BIRD ORNAMENT,8,2011-09-18 15:32:00,1.69,14769.0,United Kingdom
567183,84077,WORLD WAR 2 GLIDERS ASSTD DESIGNS,48,2011-09-18 15:32:00,0.29,14769.0,United Kingdom
567183,22616,PACK OF 12 LONDON TISSUES ,12,2011-09-18 15:32:00,0.39,14769.0,United Kingdom
567183,22197,POPCORN HOLDER,40,2011-09-18 15:33:00,0.85,14769.0,United Kingdom
567185,85099B,JUMBO BAG RED RETROSPOT,1,2011-09-18 15:55:00,2.08,16370.0,United Kingdom
567185,21212,PACK OF 72 RETROSPOT CAKE CASES,3,2011-09-18 15:55:00,0.55,16370.0,United Kingdom
567185,85099B,JUMBO BAG RED RETROSPOT,5,2011-09-18 15:55:00,2.08,16370.0,United Kingdom
567185,85099B,JUMBO BAG RED RETROSPOT,2,2011-09-18 15:55:00,2.08,16370.0,United Kingdom
567185,85123A,WHITE HANGING HEART T-LIGHT HOLDER,1,2011-09-18 15:55:00,2.95,16370.0,United Kingdom
567186,22616,PACK OF 12 LONDON TISSUES ,12,2011-09-18 16:04:00,0.39,17073.0,United Kingdom
567190,23166,MEDIUM CERAMIC TOP STORAGE JAR,12,2011-09-19 09:14:00,1.25,18226.0,United Kingdom
567190,85099B,JUMBO BAG RED RETROSPOT,10,2011-09-19 09:14:00,2.08,18226.0,United Kingdom
567196,85099B,JUMBO BAG RED RETROSPOT,10,2011-09-19 10:09:00,2.08,12379.0,Belgium
567197,21212,PACK OF 72 RETROSPOT CAKE CASES,24,2011-09-19 10:10:00,0.55,14934.0,Channel Islands
567197,22197,SMALL POPCORN HOLDER,48,2011-09-19 10:10:00,0.85,14934.0,Channel Islands
567199,84879,ASSORTED COLOUR BIRD ORNAMENT,24,2011-09-19 10:13:00,1.69,17058.0,United Kingdom
567200,21212,PACK OF 72 RETROSPOT CAKE CASES,24,2011-09-19 10:15:00,0.55,16460.0,United Kingdom
567203,85099B,JUMBO BAG RED RETROSPOT,20,2011-09-19 10:42:00,2.08,16080.0,United Kingdom
567204,84879,ASSORTED COLOUR BIRD ORNAMENT,16,2011-09-19 10:43:00,1.69,15365.0,United Kingdom
567206,85099B,JUMBO BAG RED RETROSPOT,10,2011-09-19 10:51:00,2.08,13562.0,United Kingdom
567206,85123A,WHITE HANGING HEART T-LIGHT HOLDER,12,2011-09-19 10:51:00,2.95,13562.0,United Kingdom
567211,85123A,WHITE HANGING HEART T-LIGHT HOLDER,2,2011-09-19 11:02:00,2.95,14159.0,United Kingdom
567211,85099B,JUMBO BAG RED RETROSPOT,2,2011-09-19 11:02:00,2.08,14159.0,United Kingdom
567211,21212,PACK OF 72 RETROSPOT CAKE CASES,2,2011-09-19 11:02:00,0.55,14159.0,United Kingdom
567211,22197,POPCORN HOLDER,20,2011-09-19 11:02:00,0.85,14159.0,United Kingdom
567213,85123A,WHITE HANGING HEART T-LIGHT HOLDER,2,2011-09-19 11:04:00,2.95,14684.0,United Kingdom
567280,85099B,JUMBO BAG RED RETROSPOT,100,2011-09-19 11:46:00,1.79,14646.0,Netherlands
567288,22197,POPCORN HOLDER,6,2011-09-19 11:49:00,0.85,16906.0,United Kingdom
567288,85099B,JUMBO BAG RED RETROSPOT,1,2011-09-19 11:49:00,2.08,16906.0,United Kingdom
567290,21212,PACK OF 72 RETROSPOT CAKE CASES,240,2011-09-19 11:54:00,0.42,14646.0,Netherlands
567303,85123A,WHITE HANGING HEART T-LIGHT HOLDER,12,2011-09-19 13:20:00,2.95,17613.0,United Kingdom
567304,85123A,WHITE HANGING HEART T-LIGHT HOLDER,2,2011-09-19 13:27:00,2.95,14704.0,United Kingdom
567306,85099B,JUMBO BAG RED RETROSPOT,100,2011-09-19 13:32:00,1.79,12752.0,Norway
567306,21212,PACK OF 72 RETROSPOT CAKE CASES,24,2011-09-19 13:32:00,0.55,12752.0,Norway
567307,85099B,JUMBO BAG RED RETROSPOT,20,2011-09-19 13:35:00,2.08,15078.0,United Kingdom
567313,85123A,WHITE HANGING HEART T-LIGHT HOLDER,6,2011-09-19 13:48:00,2.95,15675.0,United Kingdom
567325,85099B,JUMBO BAG RED RETROSPOT,100,2011-09-19 14:28:00,1.79,13228.0,United Kingdom
567326,84879,ASSORTED COLOUR BIRD ORNAMENT,8,2011-09-19 14:38:00,1.69,14290.0,United Kingdom
567327,22197,POPCORN HOLDER,48,2011-09-19 14:43:00,0.85,13102.0,United Kingdom
567328,84879,ASSORTED COLOUR BIRD ORNAMENT,8,2011-09-19 14:43:00,1.69,14356.0,United Kingdom
567333,85099B,JUMBO BAG RED RETROSPOT,10,2011-09-19 14:55:00,2.08,14282.0,United Kingdom
567340,84879,ASSORTED COLOUR BIRD ORNAMENT,48,2011-09-19 15:02:00,1.69,12540.0,Spain
567340,84077,WORLD WAR 2 GLIDERS ASSTD DESIGNS,48,2011-09-19 15:02:00,0.29,12540.0,Spain
567340,21212,PACK OF 72 RETROSPOT CAKE CASES,24,2011-09-19 15:02:00,0.55,12540.0,Spain
567341,22197,POPCORN HOLDER,100,2011-09-19 15:04:00,0.72,14961.0,United Kingdom
567341,23166,MEDIUM CERAMIC TOP STORAGE JAR,12,2011-09-19 15:04:00,1.25,14961.0,United Kingdom
567341,85099B,JUMBO BAG RED RETROSPOT,10,2011-09-19 15:04:00,2.08,14961.0,United Kingdom
567343,21212,PACK OF 72 RETROSPOT CAKE CASES,24,2011-09-19 15:21:00,0.55,17628.0,United Kingdom
567354,85099B,JUMBO BAG RED RETROSPOT,100,2011-09-19 16:15:00,1.79,18017.0,United Kingdom
567356,85123A,WHITE HANGING HEART T-LIGHT HOLDER,6,2011-09-19 16:21:00,2.95,16527.0,United Kingdom
567370,21212,PACK OF 72 RETROSPOT CAKE CASES,24,2011-09-20 09:13:00,0.55,14236.0,United Kingdom
567372,85099B,JUMBO BAG RED RETROSPOT,10,2011-09-20 09:24:00,2.08,14191.0,United Kingdom
567374,85099B,JUMBO BAG RED RETROSPOT,100,2011-09-20 09:40:00,1.79,15341.0,United Kingdom
567375,84879,ASSORTED COLOUR BIRD ORNAMENT,32,2011-09-20 09:45:00,1.69,14766.0,United Kingdom
567378,85123A,WHITE HANGING HEART T-LIGHT HOLDER,6,2011-09-20 10:01:00,2.95,14911.0,EIRE
567378,21212,PACK OF 72 RETROSPOT CAKE CASES,24,2011-09-20 10:01:00,0.55,14911.0,EIRE
567383,22197,POPCORN HOLDER,24,2011-09-20 10:21:00,0.85,18180.0,United Kingdom
567384,85123A,WHITE HANGING HEART T-LIGHT HOLDER,128,2011-09-20 10:23:00,3.2,17450.0,United Kingdom
567387,85123A,WHITE HANGING HEART T-LIGHT HOLDER,224,2011-09-20 10:38:00,3.2,17450.0,United Kingdom
567424,21212,PACK OF 72 RETROSPOT CAKE CASES,24,2011-09-20 11:16:00,0.55,16369.0,United Kingdom
567429,85099B,JUMBO BAG RED RETROSPOT,10,2011-09-20 11:39:00,2.08,17686.0,United Kingdom
567429,22197,POPCORN HOLDER,12,2011-09-20 11:39:00,0.85,17686.0,United Kingdom
567429,85123A,WHITE HANGING HEART T-LIGHT HOLDER,6,2011-09-20 11:39:00,2.95,17686.0,United Kingdom
567460,84879,ASSORTED COLOUR BIRD ORNAMENT,8,2011-09-20 12:30:00,1.69,15888.0,United Kingdom
567461,21212,PACK OF 72 RETROSPOT CAKE CASES,17,2011-09-20 12:31:00,2.08,,United Kingdom
567461,22197,POPCORN HOLDER,2,2011-09-20 12:31:00,2.46,,United Kingdom
567461,22197,POPCORN HOLDER,15,2011-09-20 12:31:00,1.63,,United Kingdom
567462,85099B,JUMBO BAG RED RETROSPOT,1,2011-09-20 12:35:00,2.08,14446.0,United Kingdom
567462,85123A,WHITE HANGING HEART T-LIGHT HOLDER,3,2011-09-20 12:35:00,2.95,14446.0,United Kingdom
567462,22197,POPCORN HOLDER,2,2011-09-20 12:35:00,0.85,14446.0,United Kingdom
567462,21212,PACK OF 72 RETROSPOT CAKE CASES,2,2011-09-20 12:35:00,0.55,14446.0,United Kingdom
567470,85123A,WHITE HANGING HEART T-LIGHT HOLDER,15,2011-09-20 12:39:00,2.95,16624.0,United Kingdom
567472,85099B,JUMBO BAG RED RETROSPOT,10,2011-09-20 12:47:00,2.08,15039.0,United Kingdom
567475,22197,POPCORN HOLDER,24,2011-09-20 13:11:00,0.85,16360.0,United Kingdom
567475,21212,PACK OF 72 RETROSPOT CAKE CASES,2,2011-09-20 13:11:00,0.55,16360.0,United Kingdom
567475,23166,MEDIUM CERAMIC TOP STORAGE JAR,2,2011-09-20 13:11:00,1.25,16360.0,United Kingdom
567475,85123A,WHITE HANGING HEART T-LIGHT HOLDER,3,2011-09-20 13:11:00,2.95,16360.0,United Kingdom
567475,21212,PACK OF 72 RETROSPOT CAKE CASES,1,2011-09-20 13:11:00,0.55,16360.0,United Kingdom
567475,22197,POPCORN HOLDER,2,2011-09-20 13:11:00,0.85,16360.0,United Kingdom
567475,23166,MEDIUM CERAMIC TOP STORAGE JAR,1,2011-09-20 13:11:00,1.25,16360.0,United Kingdom
567475,85123A,WHITE HANGING HEART T-LIGHT HOLDER,1,2011-09-20 13:11:00,2.95,16360.0,United Kingdom
567477,84879,ASSORTED COLOUR BIRD ORNAMENT,16,2011-09-20 13:20:00,1.69,16327.0,United Kingdom
567482,84077,WORLD WAR 2 GLIDERS ASSTD DESIGNS,96,2011-09-20 13:42:00,0.29,16464.0,United Kingdom
567504,23166,MEDIUM CERAMIC TOP STORAGE JAR,12,2011-09-20 14:33:00,1.25,13356.0,United Kingdom
567507,23084,RABBIT NIGHT LIGHT,7,2011-09-20 14:46:00,4.13,,United Kingdom
567507,85099B,JUMBO BAG RED RETROSPOT,19,2011-09-20 14:46:00,4.13,,United Kingdom
567509,22197,POPCORN HOLDER,100,2011-09-20 14:51:00,0.72,14298.0,United Kingdom
567516,84879,ASSORTED COLOUR BIRD ORNAMENT,8,2011-09-20 15:31:00,1.69,13138.0,United Kingdom
567517,85123A,WHITE HANGING HEART T-LIGHT HOLDER,12,2011-09-20 15:49:00,2.95,14211.0,United Kingdom
567530,21212,PACK OF 72 RETROSPOT CAKE CASES,24,2011-09-21 09:33:00,0.55,12390.0,Belgium
567552,22197,POPCORN HOLDER,24,2011-09-21 10:40:00,0.85,12583.0,France
567578,21212,PACK OF 72 RETROSPOT CAKE CASES,24,2011-09-21 10:47:00,0.55,12701.0,Germany
567579,84879,ASSORTED COLOUR BIRD ORNAMENT,16,2011-09-21 10:48:00,1.69,18228.0,United Kingdom
567610,22197,POPCORN HOLDER,100,2011-09-21 11:30:00,0.72,17511.0,United Kingdom
567610,21212,PACK OF 72 RETROSPOT CAKE CASES,120,2011-09-21 11:30:00,0.42,17511.0,United Kingdom
567610,85099B,JUMBO BAG RED RETROSPOT,100,2011-09-21 11:30:00,1.79,17511.0,United Kingdom
567612,21212,PACK OF 72 RETROSPOT CAKE CASES,24,2011-09-21 11:48:00,0.55,17164.0,United Kingdom
567613,84879,ASSORTED COLOUR BIRD ORNAMENT,8,2011-09-21 11:49:00,1.69,13908.0,United Kingdom
567619,85099B,JUMBO BAG RED RETROSPOT,10,2011-09-21 12:28:00,2.08,15203.0,United Kingdom
567634,85099B,JUMBO BAG RED RETROSPOT,100,2011-09-21 13:35:00,1.79,12939.0,United Kingdom
567637,21212,PACK OF 72 RETROSPOT CAKE CASES,24,2011-09-21 13:57:00,0.55,17865.0,United Kingdom
567639,84879,ASSORTED COLOUR BIRD ORNAMENT,32,2011-09-21 14:07:00,1.69,15290.0,United Kingdom
567656,84077,WORLD WAR 2 GLIDERS ASSTD DESIGNS,9,2011-09-21 14:40:00,0.63,14096.0,United Kingdom
567656,21212,PACK OF 72 RETROSPOT CAKE CASES,5,2011-09-21 14:40:00,1.25,14096.0,United Kingdom
567661,22616,PACK OF 12 LONDON TISSUES ,12,2011-09-21 15:06:00,0.39,13959.0,United Kingdom
567665,23084,RABBIT NIGHT LIGHT,1,2011-09-21 15:22:00,4.13,,United Kingdom
567665,21212,PACK OF 72 RETROSPOT CAKE CASES,1,2011-09-21 15:22:00,1.25,,United Kingdom
567665,84077,WORLD WAR 2 GLIDERS ASSTD DESIGNS,2,2011-09-21 15:22:00,0.63,,United Kingdom
567665,85099B,JUMBO BAG RED RETROSPOT,1,2011-09-21 15:22:00,4.13,,United Kingdom
567665,22197,POPCORN HOLDER,2,2011-09-21 15:22:00,1.63,,United Kingdom
567667,85099B,JUMBO BAG RED RETROSPOT,3,2011-09-21 15:24:00,4.13,,United Kingdom
567667,85123A,WHITE HANGING HEART T-LIGHT HOLDER,2,2011-09-21 15:24:00,5.79,,United Kingdom
567667,21212,PACK OF 72 RETROSPOT CAKE CASES,1,2011-09-21 15:24:00,1.25,,United Kingdom
567667,22616,PACK OF 12 LONDON TISSUES ,5,2011-09-21 15:24:00,0.83,,United Kingdom
567667,22197,POPCORN HOLDER,1,2011-09-21 15:24:00,1.63,,United Kingdom
567668,21212,PACK OF 72 RETROSPOT CAKE CASES,1,2011-09-21 15:29:00,1.25,,United Kingdom
567668,22197,POPCORN HOLDER,2,2011-09-21 15:29:00,1.63,,United Kingdom
567670,85099B,JUMBO BAG RED RETROSPOT,2,2011-09-21 15:32:00,4.13,,United Kingdom
567670,21212,PACK OF 72 RETROSPOT CAKE CASES,4,2011-09-21 15:32:00,1.25,,United Kingdom
567669,85099B,JUMBO BAG RED RETROSPOT,200,2011-09-21 15:32:00,1.79,14887.0,United Kingdom
567670,22197,POPCORN HOLDER,6,2011-09-21 15:32:00,1.63,,United Kingdom
567671,85099B,JUMBO BAG RED RETROSPOT,1,2011-09-21 15:34:00,4.13,,United Kingdom
567671,85123A,WHITE HANGING HEART T-LIGHT HOLDER,2,2011-09-21 15:34:00,5.79,,United Kingdom
567671,22197,POPCORN HOLDER,5,2011-09-21 15:34:00,1.63,,United Kingdom
567672,85123A,WHITE HANGING HEART T-LIGHT HOLDER,6,2011-09-21 15:39:00,2.95,16085.0,United Kingdom
567673,23084,RABBIT NIGHT LIGHT,2,2011-09-21 15:43:00,4.13,,United Kingdom
567673,85099B,JUMBO BAG RED RETROSPOT,2,2011-09-21 15:43:00,4.13,,United Kingdom
567673,85123A,WHITE HANGING HEART T-LIGHT HOLDER,1,2011-09-21 15:43:00,5.79,,United Kingdom
567673,21212,PACK OF 72 RETROSPOT CAKE CASES,2,2011-09-21 15:43:00,1.25,,United Kingdom
567673,22197,POPCORN HOLDER,3,2011-09-21 15:43:00,1.63,,United Kingdom
567697,85099B,JUMBO BAG RED RETROSPOT,10,2011-09-22 08:41:00,2.08,16558.0,United Kingdom
567700,84879,ASSORTED COLOUR BIRD ORNAMENT,16,2011-09-22 09:33:00,1.69,16379.0,United Kingdom
567709,84077,WORLD WAR 2 GLIDERS ASSTD DESIGNS,48,2011-09-22 09:53:00,0.29,15239.0,United Kingdom
567721,85123A,WHITE HANGING HEART T-LIGHT HOLDER,32,2011-09-22 10:38:00,2.55,12409.0,Switzerland
567721,21212,PACK OF 72 RETROSPOT CAKE CASES,120,2011-09-22 10:38:00,0.42,12409.0,Switzerland
567742,84879,ASSORTED COLOUR BIRD ORNAMENT,32,2011-09-22 10:47:00,1.69,14261.0,United Kingdom
567756,21212,PACK OF 72 RETROSPOT CAKE CASES,48,2011-09-22 10:52:00,0.55,12678.0,France
567768,85099B,JUMBO BAG RED RETROSPOT,23,2011-09-22 11:17:00,2.08,15950.0,United Kingdom
567785,85099B,JUMBO BAG RED RETROSPOT,100,2011-09-22 11:28:00,1.79,18102.0,United Kingdom
567793,21212,PACK OF 72 RETROSPOT CAKE CASES,24,2011-09-22 11:40:00,0.55,12657.0,France
567794,85099B,JUMBO BAG RED RETROSPOT,40,2011-09-22 11:41:00,1.79,17581.0,United Kingdom
567798,84879,ASSORTED COLOUR BIRD ORNAMENT,36,2011-09-22 12:00:00,1.69,13089.0,United Kingdom
567802,84879,ASSORTED COLOUR BIRD ORNAMENT,16,2011-09-22 12:06:00,1.69,14299.0,United Kingdom
567802,22197,POPCORN HOLDER,12,2011-09-22 12:06:00,0.85,14299.0,United Kingdom
567804,22616,PACK OF 12 LONDON TISSUES ,12,2011-09-22 12:13:00,0.39,17920.0,United Kingdom
567805,85123A,WHITE HANGING HEART T-LIGHT HOLDER,6,2011-09-22 12:15:00,2.95,12854.0,United Kingdom
567818,85123A,WHITE HANGING HEART T-LIGHT HOLDER,3,2011-09-22 12:41:00,2.95,14395.0,United Kingdom
567819,85099B,JUMBO BAG RED RETROSPOT,10,2011-09-22 12:42:00,2.08,14004.0,United Kingdom
567821,85099B,JUMBO BAG RED RETROSPOT,5,2011-09-22 12:45:00,2.08,14659.0,United Kingdom
567821,23166,MEDIUM CERAMIC TOP STORAGE JAR,4,2011-09-22 12:45:00,1.25,14659.0,United Kingdom
567823,22616,PACK OF 12 LONDON TISSUES ,24,2011-09-22 12:55:00,0.39,12910.0,United Kingdom
567850,21212,PACK OF 72 RETROSPOT CAKE CASES,24,2011-09-22 13:18:00,0.55,15067.0,United Kingdom
567851,23166,MEDIUM CERAMIC TOP STORAGE JAR,48,2011-09-22 13:20:00,1.04,15067.0,United Kingdom
567853,84077,WORLD WAR 2 GLIDERS ASSTD DESIGNS,192,2011-09-22 13:31:00,0.29,15484.0,United Kingdom
567853,85099B,JUMBO BAG RED RETROSPOT,1,2011-09-22 13:31:00,2.08,15484.0,United Kingdom
567858,85099B,JUMBO BAG RED RETROSPOT,3,2011-09-22 13:50:00,2.08,16813.0,United Kingdom
567866,21212,PACK OF 72 RETROSPOT CAKE CASES,4,2011-09-22 14:13:00,0.55,16669.0,United Kingdom
567866,85099B,JUMBO BAG RED RETROSPOT,4,2011-09-22 14:13:00,2.08,16669.0,United Kingdom
567878,22197,POPCORN HOLDER,1,2011-09-22 14:42:00,0.85,16910.0,United Kingdom
567878,21212,PACK OF 72 RETROSPOT CAKE CASES,1,2011-09-22 14:42:00,0.55,16910.0,United Kingdom
567880,84879,ASSORTED COLOUR BIRD ORNAMENT,16,2011-09-22 14:56:00,1.69,15398.0,United Kingdom
567881,85099B,JUMBO BAG RED RETROSPOT,10,2011-09-22 14:59:00,2.08,15640.0,United Kingdom
567883,84879,ASSORTED COLOUR BIRD ORNAMENT,8,2011-09-22 15:03:00,1.69,12906.0,United Kingdom
567882,22616,PACK OF 12 LONDON TISSUES ,72,2011-09-22 15:03:00,0.39,12906.0,United Kingdom
567886,84879,ASSORTED COLOUR BIRD ORNAMENT,16,2011-09-22 15:18:00,1.69,12930.0,United Kingdom
567890,84879,ASSORTED COLOUR BIRD ORNAMENT,8,2011-09-22 15:40:00,1.69,14125.0,United Kingdom
567892,85123A,WHITE HANGING HEART T-LIGHT HOLDER,12,2011-09-22 15:51:00,2.95,15394.0,United Kingdom
567892,85099B,JUMBO BAG RED RETROSPOT,20,2011-09-22 15:51:00,2.08,15394.0,United Kingdom
567898,85099B,JUMBO BAG RED RETROSPOT,10,2011-09-22 16:20:00,2.08,13394.0,United Kingdom
567899,84879,ASSORTED COLOUR BIRD ORNAMENT,8,2011-09-22 16:26:00,1.69,14911.0,EIRE
567901,22616,PACK OF 12 LONDON TISSUES ,3,2011-09-22 16:28:00,0.83,,United Kingdom
567901,23084,RABBIT NIGHT LIGHT,9,2011-09-22 16:28:00,4.13,,United Kingdom
567901,85099B,JUMBO BAG RED RETROSPOT,12,2011-09-22 16:28:00,2.08,,United Kingdom
567901,85123A,WHITE HANGING HEART T-LIGHT HOLDER,3,2011-09-22 16:28:00,5.79,,United Kingdom
567901,21212,PACK OF 72 RETROSPOT CAKE CASES,3,2011-09-22 16:28:00,1.25,,United Kingdom
567907,84879,ASSORTED COLOUR BIRD ORNAMENT,24,2011-09-22 16:48:00,1.69,18172.0,United Kingdom
567912,85123A,WHITE HANGING HEART T-LIGHT HOLDER,2,2011-09-22 17:07:00,2.95,15555.0,United Kingdom
567928,85099B,JUMBO BAG RED RETROSPOT,20,2011-09-22 17:31:00,2.08,12380.0,Belgium
567929,21212,PACK OF 72 RETROSPOT CAKE CASES,24,2011-09-22 17:31:00,0.55,12425.0,Portugal
567935,22197,POPCORN HOLDER,12,2011-09-22 18:07:00,0.85,13320.0,United Kingdom
567936,84879,ASSORTED COLOUR BIRD ORNAMENT,160,2011-09-22 18:10:00,1.45,15194.0,United Kingdom
567942,84879,ASSORTED COLOUR BIRD ORNAMENT,8,2011-09-22 19:03:00,1.69,15804.0,United Kingdom
567958,21212,PACK OF 72 RETROSPOT CAKE CASES,24,2011-09-23 09:00:00,0.55,12619.0,Germany
567959,85099B,JUMBO BAG RED RETROSPOT,50,2011-09-23 09:13:00,2.08,12516.0,Germany
567960,85099B,JUMBO BAG RED RETROSPOT,10,2011-09-23 09:14:00,1.79,13777.0,United Kingdom
567960,85123A,WHITE HANGING HEART T-LIGHT HOLDER,64,2011-09-23 09:14:00,2.55,13777.0,United Kingdom
567962,85099B,JUMBO BAG RED RETROSPOT,200,2011-09-23 09:19:00,1.79,15838.0,United Kingdom
567966,85123A,WHITE HANGING HEART T-LIGHT HOLDER,6,2011-09-23 09:26:00,2.95,16782.0,United Kingdom
567967,22616,PACK OF 12 LONDON TISSUES ,12,2011-09-23 09:39:00,0.39,15858.0,United Kingdom
567971,22616,PACK OF 12 LONDON TISSUES ,96,2011-09-23 10:04:00,0.39,16681.0,United Kingdom
567972,84879,ASSORTED COLOUR BIRD ORNAMENT,16,2011-09-23 10:14:00,1.69,13949.0,United Kingdom
567981,21212,PACK OF 72 RETROSPOT CAKE CASES,8,2011-09-23 11:22:00,2.08,,United Kingdom
567981,22197,POPCORN HOLDER,24,2011-09-23 11:22:00,2.46,,United Kingdom
568001,85123A,WHITE HANGING HEART T-LIGHT HOLDER,12,2011-09-23 11:35:00,2.95,12540.0,Spain
568040,22616,PACK OF 12 LONDON TISSUES ,24,2011-09-23 12:09:00,0.39,12681.0,France
568040,22197,POPCORN HOLDER,12,2011-09-23 12:09:00,0.85,12681.0,France
568046,85123A,WHITE HANGING HEART T-LIGHT HOLDER,1,2011-09-23 12:16:00,2.95,18118.0,United Kingdom
568047,22197,POPCORN HOLDER,12,2011-09-23 12:27:00,0.85,15075.0,United Kingdom
568048,22197,POPCORN HOLDER,24,2011-09-23 12:36:00,0.85,14911.0,EIRE
568049,85123A,WHITE HANGING HEART T-LIGHT HOLDER,4,2011-09-23 12:38:00,2.95,17841.0,United Kingdom
568050,22197,POPCORN HOLDER,2,2011-09-23 12:38:00,0.85,15901.0,United Kingdom
568054,85123A,WHITE HANGING HEART T-LIGHT HOLDER,5,2011-09-23 12:50:00,2.95,16978.0,United Kingdom
568057,23084,RABBIT NIGHT LIGHT,1,2011-09-23 12:56:00,4.13,,United Kingdom
568057,85099B,JUMBO BAG RED RETROSPOT,11,2011-09-23 12:56:00,4.13,,United Kingdom
568057,22616,PACK OF 12 LONDON TISSUES ,1,2011-09-23 12:56:00,0.79,,United Kingdom
568060,85123A,WHITE HANGING HEART T-LIGHT HOLDER,2,2011-09-23 13:11:00,2.95,14546.0,United Kingdom
568061,85099B,JUMBO BAG RED RETROSPOT,1,2011-09-23 13:12:00,2.08,16910.0,United Kingdom
568061,85123A,WHITE HANGING HEART T-LIGHT HOLDER,2,2011-09-23 13:12:00,2.95,16910.0,United Kingdom
568062,21212,PACK OF 72 RETROSPOT CAKE CASES,24,2011-09-23 13:18:00,0.55,14014.0,United Kingdom
568065,85123A,WHITE HANGING HEART T-LIGHT HOLDER,6,2011-09-23 13:44:00,2.95,16240.0,United Kingdom
568066,85123A,WHITE HANGING HEART T-LIGHT HOLDER,2,2011-09-23 13:48:00,2.95,14529.0,United Kingdom
568066,85123A,WHITE HANGING HEART T-LIGHT HOLDER,1,2011-09-23 13:48:00,2.95,14529.0,United Kingdom
568069,84077,WORLD WAR 2 GLIDERS ASSTD DESIGNS,48,2011-09-23 14:05:00,0.29,13336.0,United Kingdom
568069,84879,ASSORTED COLOUR BIRD ORNAMENT,8,2011-09-23 14:05:00,1.69,13336.0,United Kingdom
568094,85123A,WHITE HANGING HEART T-LIGHT HOLDER,12,2011-09-23 14:43:00,2.95,15807.0,United Kingdom
568101,84077,WORLD WAR 2 GLIDERS ASSTD DESIGNS,48,2011-09-23 15:21:00,0.29,15978.0,United Kingdom
568101,21212,PACK OF 72 RETROSPOT CAKE CASES,24,2011-09-23 15:21:00,0.55,15978.0,United Kingdom
568104,85123A,WHITE HANGING HEART T-LIGHT HOLDER,9,2011-09-23 15:50:00,2.95,16485.0,United Kingdom
568134,85099B,JUMBO BAG RED RETROSPOT,2,2011-09-23 17:02:00,4.13,,United Kingdom
568134,23084,RABBIT NIGHT LIGHT,8,2011-09-23 17:02:00,4.13,,United Kingdom
568134,22197,POPCORN HOLDER,19,2011-09-23 17:02:00,1.63,,United Kingdom
568135,23084,RABBIT NIGHT LIGHT,7,2011-09-23 17:04:00,4.13,,United Kingdom
568135,84879,ASSORTED COLOUR BIRD ORNAMENT,8,2011-09-23 17:04:00,3.12,,United Kingdom
568135,85099B,JUMBO BAG RED RETROSPOT,2,2011-09-23 17:04:00,4.13,,United Kingdom
568135,85123A,WHITE HANGING HEART T-LIGHT HOLDER,1,2011-09-23 17:04:00,5.79,,United Kingdom
568135,21212,PACK OF 72 RETROSPOT CAKE CASES,3,2011-09-23 17:04:00,1.25,,United Kingdom
568135,22197,POPCORN HOLDER,6,2011-09-23 17:04:00,1.63,,United Kingdom
568139,22616,PACK OF 12 LONDON TISSUES ,24,2011-09-25 10:46:00,0.39,13083.0,United Kingdom
568147,85123A,WHITE HANGING HEART T-LIGHT HOLDER,10,2011-09-25 11:34:00,2.95,15044.0,United Kingdom
568160,84879,ASSORTED COLOUR BIRD ORNAMENT,8,2011-09-25 12:25:00,1.69,17498.0,United Kingdom
568162,85099B,JUMBO BAG RED RETROSPOT,10,2011-09-25 12:32:00,2.08,14194.0,United Kingdom
568165,85099B,JUMBO BAG RED RETROSPOT,1,2011-09-25 12:42:00,2.08,17131.0,United Kingdom
568165,85123A,WHITE HANGING HEART T-LIGHT HOLDER,6,2011-09-25 12:42:00,2.95,17131.0,United Kingdom
568168,85123A,WHITE HANGING HEART T-LIGHT HOLDER,3,2011-09-25 12:46:00,2.95,15799.0,United Kingdom
568173,84879,ASSORTED COLOUR BIRD ORNAMENT,24,2011-09-25 13:16:00,1.69,16187.0,United Kingdom
568173,85099B,JUMBO BAG RED RETROSPOT,20,2011-09-25 13:16:00,2.08,16187.0,United Kingdom
568179,22197,POPCORN HOLDER,12,2011-09-25 13:39:00,0.85,12545.0,Spain
568180,84077,WORLD WAR 2 GLIDERS ASSTD DESIGNS,48,2011-09-25 13:42:00,0.29,15429.0,United Kingdom
568180,85123A,WHITE HANGING HEART T-LIGHT HOLDER,2,2011-09-25 13:42:00,2.95,15429.0,United Kingdom
568187,85123A,WHITE HANGING HEART T-LIGHT HOLDER,32,2011-09-25 14:32:00,2.55,13408.0,United Kingdom
568188,84879,ASSORTED COLOUR BIRD ORNAMENT,4,2011-09-25 14:33:00,1.69,16049.0,United Kingdom
568188,84879,ASSORTED COLOUR BIRD ORNAMENT,5,2011-09-25 14:33:00,1.69,16049.0,United Kingdom
568188,21212,PACK OF 72 RETROSPOT CAKE CASES,1,2011-09-25 14:33:00,0.55,16049.0,United Kingdom
568188,84879,ASSORTED COLOUR BIRD ORNAMENT,2,2011-09-25 14:33:00,1.69,16049.0,United Kingdom
568188,84879,ASSORTED COLOUR BIRD ORNAMENT,6,2011-09-25 14:33:00,1.69,16049.0,United Kingdom
568189,84879,ASSORTED COLOUR BIRD ORNAMENT,24,2011-09-25 14:36:00,1.69,14757.0,United Kingdom
568191,21212,PACK OF 72 RETROSPOT CAKE CASES,10,2011-09-25 14:37:00,0.55,16655.0,United Kingdom
568193,85099B,JUMBO BAG RED RETROSPOT,10,2011-09-25 14:37:00,2.08,17107.0,United Kingdom
568193,22616,PACK OF 12 LONDON TISSUES ,6,2011-09-25 14:37:00,0.39,17107.0,United Kingdom
568194,85099B,JUMBO BAG RED RETROSPOT,10,2011-09-25 14:38:00,2.08,16008.0,United Kingdom
568197,85099B,JUMBO BAG RED RETROSPOT,10,2011-09-25 14:52:00,2.08,16746.0,United Kingdom
568198,84077,WORLD WAR 2 GLIDERS ASSTD DESIGNS,48,2011-09-25 14:52:00,0.29,16771.0,United Kingdom
568198,85123A,WHITE HANGING HEART T-LIGHT HOLDER,4,2011-09-25 14:52:00,2.95,16771.0,United Kingdom
568207,84879,ASSORTED COLOUR BIRD ORNAMENT,16,2011-09-25 15:34:00,1.69,15150.0,United Kingdom
568208,84879,ASSORTED COLOUR BIRD ORNAMENT,8,2011-09-25 15:35:00,1.69,12783.0,Portugal
568210,85123A,WHITE HANGING HEART T-LIGHT HOLDER,12,2011-09-25 15:56:00,2.95,17159.0,United Kingdom
568212,23166,MEDIUM CERAMIC TOP STORAGE JAR,1,2011-09-25 16:05:00,1.25,15154.0,United Kingdom
568223,84077,WORLD WAR 2 GLIDERS ASSTD DESIGNS,48,2011-09-26 10:16:00,0.29,12412.0,Denmark
568228,23166,MEDIUM CERAMIC TOP STORAGE JAR,12,2011-09-26 11:02:00,1.25,15358.0,United Kingdom
568230,85099B,JUMBO BAG RED RETROSPOT,10,2011-09-26 11:05:00,2.08,12925.0,United Kingdom
568238,85099B,JUMBO BAG RED RETROSPOT,10,2011-09-26 12:00:00,2.08,13927.0,United Kingdom
568241,85099B,JUMBO BAG RED RETROSPOT,100,2011-09-26 12:10:00,1.79,15218.0,United Kingdom
568241,85123A,WHITE HANGING HEART T-LIGHT HOLDER,32,2011-09-26 12:10:00,2.55,15218.0,United Kingdom
568243,84879,ASSORTED COLOUR BIRD ORNAMENT,8,2011-09-26 12:12:00,1.69,14217.0,United Kingdom
568245,85123A,WHITE HANGING HEART T-LIGHT HOLDER,6,2011-09-26 12:23:00,2.95,13867.0,United Kingdom
568301,85123A,WHITE HANGING HEART T-LIGHT HOLDER,4,2011-09-26 12:45:00,2.95,16383.0,United Kingdom
568301,85123A,WHITE HANGING HEART T-LIGHT HOLDER,2,2011-09-26 12:45:00,2.95,16383.0,United Kingdom
568301,85123A,WHITE HANGING HEART T-LIGHT HOLDER,4,2011-09-26 12:45:00,2.95,16383.0,United Kingdom
568311,84879,ASSORTED COLOUR BIRD ORNAMENT,5,2011-09-26 12:53:00,1.69,17287.0,United Kingdom
568316,84879,ASSORTED COLOUR BIRD ORNAMENT,8,2011-09-26 13:21:00,1.69,16407.0,United Kingdom
568316,21212,PACK OF 72 RETROSPOT CAKE CASES,1,2011-09-26 13:21:00,0.55,16407.0,United Kingdom
568319,85099B,JUMBO BAG RED RETROSPOT,78,2011-09-26 13:35:00,2.08,17389.0,United Kingdom
568323,85099B,JUMBO BAG RED RETROSPOT,20,2011-09-26 13:45:00,2.08,15078.0,United Kingdom
568325,85099B,JUMBO BAG RED RETROSPOT,1,2011-09-26 13:57:00,2.08,14667.0,United Kingdom
568325,84879,ASSORTED COLOUR BIRD ORNAMENT,40,2011-09-26 13:57:00,1.69,14667.0,United Kingdom
568328,21212,PACK OF 72 RETROSPOT CAKE CASES,24,2011-09-26 14:06:00,0.55,18016.0,United Kingdom
568328,22197,POPCORN HOLDER,20,2011-09-26 14:06:00,0.85,18016.0,United Kingdom
568331,84879,ASSORTED COLOUR BIRD ORNAMENT,8,2011-09-26 14:25:00,1.69,16600.0,United Kingdom
568340,84879,ASSORTED COLOUR BIRD ORNAMENT,16,2011-09-26 14:54:00,1.69,13866.0,United Kingdom
568344,84077,WORLD WAR 2 GLIDERS ASSTD DESIGNS,48,2011-09-26 15:23:00,0.29,16531.0,United Kingdom
568346,23084,RABBIT NIGHT LIGHT,18,2011-09-26 15:28:00,4.13,14096.0,United Kingdom
568346,85099B,JUMBO BAG RED RETROSPOT,1,2011-09-26 15:28:00,4.13,14096.0,United Kingdom
568346,84077,WORLD WAR 2 GLIDERS ASSTD DESIGNS,5,2011-09-26 15:28:00,0.63,14096.0,United Kingdom
568346,21212,PACK OF 72 RETROSPOT CAKE CASES,3,2011-09-26 15:28:00,1.25,14096.0,United Kingdom
568346,22197,POPCORN HOLDER,7,2011-09-26 15:28:00,1.63,14096.0,United Kingdom
568376,84879,ASSORTED COLOUR BIRD ORNAMENT,160,2011-09-26 17:20:00,1.45,14031.0,United Kingdom
568380,22197,POPCORN HOLDER,50,2011-09-27 09:18:00,0.85,18008.0,United Kingdom
568394,21212,PACK OF 72 RETROSPOT CAKE CASES,24,2011-09-27 10:20:00,0.55,13314.0,United Kingdom
568397,84879,ASSORTED COLOUR BIRD ORNAMENT,8,2011-09-27 10:24:00,1.69,15745.0,United Kingdom
568408,21212,PACK OF 72 RETROSPOT CAKE CASES,17,2011-09-27 10:40:00,2.08,,United Kingdom
568408,22197,POPCORN HOLDER,15,2011-09-27 10:40:00,2.46,,United Kingdom
568411,23084,RABBIT NIGHT LIGHT,3,2011-09-27 10:52:00,4.13,,United Kingdom
568411,85099B,JUMBO BAG RED RETROSPOT,22,2011-09-27 10:52:00,4.13,,United Kingdom
568413,84879,ASSORTED COLOUR BIRD ORNAMENT,8,2011-09-27 11:01:00,1.69,14818.0,United Kingdom
568428,85123A,WHITE HANGING HEART T-LIGHT HOLDER,3,2011-09-27 11:27:00,2.95,14419.0,United Kingdom
568428,85099B,JUMBO BAG RED RETROSPOT,2,2011-09-27 11:27:00,2.08,14419.0,United Kingdom
568472,85099B,JUMBO BAG RED RETROSPOT,10,2011-09-27 11:50:00,2.08,12517.0,Germany
568495,85099B,JUMBO BAG RED RETROSPOT,10,2011-09-27 12:08:00,2.08,14755.0,United Kingdom
568494,84879,ASSORTED COLOUR BIRD ORNAMENT,8,2011-09-27 12:08:00,1.69,16266.0,United Kingdom
568495,84879,ASSORTED COLOUR BIRD ORNAMENT,16,2011-09-27 12:08:00,1.69,14755.0,United Kingdom
568505,85099B,JUMBO BAG RED RETROSPOT,110,2011-09-27 12:17:00,1.79,15311.0,United Kingdom
568512,22616,PACK OF 12 LONDON TISSUES ,120,2011-09-27 12:28:00,0.39,14101.0,United Kingdom
568515,21212,PACK OF 72 RETROSPOT CAKE CASES,24,2011-09-27 12:44:00,0.55,14466.0,United Kingdom
568517,22197,POPCORN HOLDER,4,2011-09-27 12:52:00,0.85,14456.0,United Kingdom
568517,84077,WORLD WAR 2 GLIDERS ASSTD DESIGNS,48,2011-09-27 12:52:00,0.29,14456.0,United Kingdom
568517,85123A,WHITE HANGING HEART T-LIGHT HOLDER,1,2011-09-27 12:52:00,2.95,14456.0,United Kingdom
568527,85099B,JUMBO BAG RED RETROSPOT,10,2011-09-27 13:21:00,2.08,13178.0,United Kingdom
568528,85099B,JUMBO BAG RED RETROSPOT,10,2011-09-27 13:32:00,2.08,13979.0,United Kingdom
568531,84879,ASSORTED COLOUR BIRD ORNAMENT,8,2011-09-27 13:49:00,1.69,16713.0,United Kingdom
568547,22616,PACK OF 12 LONDON TISSUES ,24,2011-09-27 14:37:00,0.39,15568.0,United Kingdom
568551,84879,ASSORTED COLOUR BIRD ORNAMENT,16,2011-09-27 14:58:00,1.69,14883.0,United Kingdom
568553,85123A,WHITE HANGING HEART T-LIGHT HOLDER,12,2011-09-27 15:17:00,2.95,15674.0,United Kingdom
568553,84077,WORLD WAR 2 GLIDERS ASSTD DESIGNS,96,2011-09-27 15:17:00,0.29,15674.0,United Kingdom
568553,23166,MEDIUM CERAMIC TOP STORAGE JAR,12,2011-09-27 15:17:00,1.25,15674.0,United Kingdom
568554,21212,PACK OF 72 RETROSPOT CAKE CASES,24,2011-09-27 15:31:00,0.55,12455.0,Spain
568558,22197,POPCORN HOLDER,16,2011-09-27 16:28:00,0.85,16354.0,United Kingdom
568566,85123A,WHITE HANGING HEART T-LIGHT HOLDER,1,2011-09-27 17:47:00,2.95,17609.0,United Kingdom
568566,84879,ASSORTED COLOUR BIRD ORNAMENT,10,2011-09-27 17:47:00,1.69,17609.0,United Kingdom
568567,23084,RABBIT NIGHT LIGHT,7,2011-09-27 18:41:00,4.13,,United Kingdom
568574,22197,POPCORN HOLDER,12,2011-09-28 09:15:00,0.85,13862.0,United Kingdom
568576,22197,POPCORN HOLDER,100,2011-09-28 09:40:00,0.72,17017.0,United Kingdom
568576,84077,WORLD WAR 2 GLIDERS ASSTD DESIGNS,48,2011-09-28 09:40:00,0.29,17017.0,United Kingdom
568583,85099B,JUMBO BAG RED RETROSPOT,3,2011-09-28 10:09:00,2.08,15584.0,United Kingdom
568591,85099B,JUMBO BAG RED RETROSPOT,10,2011-09-28 10:39:00,2.08,17088.0,United Kingdom
568592,85099B,JUMBO BAG RED RETROSPOT,10,2011-09-28 10:42:00,2.08,17469.0,United Kingdom
568593,84879,ASSORTED COLOUR BIRD ORNAMENT,8,2011-09-28 10:54:00,1.69,13988.0,United Kingdom
568593,85099B,JUMBO BAG RED RETROSPOT,10,2011-09-28 10:54:00,2.08,13988.0,United Kingdom
568614,85123A,WHITE HANGING HEART T-LIGHT HOLDER,6,2011-09-28 11:26:00,2.95,13515.0,United Kingdom
568645,85099B,JUMBO BAG RED RETROSPOT,10,2011-09-28 11:38:00,2.08,12656.0,France
568647,84879,ASSORTED COLOUR BIRD ORNAMENT,8,2011-09-28 11:48:00,1.69,16157.0,United Kingdom
568651,85099B,JUMBO BAG RED RETROSPOT,10,2011-09-28 12:04:00,2.08,12362.0,Belgium
568653,85123A,WHITE HANGING HEART T-LIGHT HOLDER,64,2011-09-28 12:16:00,2.55,13798.0,United Kingdom
568658,84879,ASSORTED COLOUR BIRD ORNAMENT,24,2011-09-28 12:25:00,1.69,18242.0,United Kingdom
568659,21212,PACK OF 72 RETROSPOT CAKE CASES,24,2011-09-28 12:28:00,0.55,13516.0,United Kingdom
568659,23166,MEDIUM CERAMIC TOP STORAGE JAR,12,2011-09-28 12:28:00,1.25,13516.0,United Kingdom
568662,85123A,WHITE HANGING HEART T-LIGHT HOLDER,1,2011-09-28 12:36:00,2.95,16764.0,United Kingdom
568663,85123A,WHITE HANGING HEART T-LIGHT HOLDER,12,2011-09-28 12:46:00,2.95,14440.0,United Kingdom
568668,85099B,JUMBO BAG RED RETROSPOT,10,2011-09-28 13:00:00,2.08,15750.0,United Kingdom
568671,84077,WORLD WAR 2 GLIDERS ASSTD DESIGNS,96,2011-09-28 13:13:00,0.29,13139.0,United Kingdom
568675,85099B,JUMBO BAG RED RETROSPOT,20,2011-09-28 13:32:00,1.79,14298.0,United Kingdom
568676,23166,MEDIUM CERAMIC TOP STORAGE JAR,24,2011-09-28 13:43:00,1.25,18242.0,United Kingdom
568680,84879,ASSORTED COLOUR BIRD ORNAMENT,8,2011-09-28 14:10:00,1.69,18265.0,United Kingdom
568686,22197,POPCORN HOLDER,12,2011-09-28 14:26:00,0.85,16115.0,United Kingdom
568686,23166,MEDIUM CERAMIC TOP STORAGE JAR,2,2011-09-28 14:26:00,1.25,16115.0,United Kingdom
568686,85099B,JUMBO BAG RED RETROSPOT,2,2011-09-28 14:26:00,2.08,16115.0,United Kingdom
568686,21212,PACK OF 72 RETROSPOT CAKE CASES,6,2011-09-28 14:26:00,0.55,16115.0,United Kingdom
568690,23166,MEDIUM CERAMIC TOP STORAGE JAR,3,2011-09-28 14:43:00,1.25,16332.0,United Kingdom
568696,84879,ASSORTED COLOUR BIRD ORNAMENT,8,2011-09-28 14:56:00,1.69,13842.0,United Kingdom
568696,85123A,WHITE HANGING HEART T-LIGHT HOLDER,6,2011-09-28 14:56:00,2.95,13842.0,United Kingdom
568701,23166,MEDIUM CERAMIC TOP STORAGE JAR,12,2011-09-28 15:07:00,1.25,13924.0,United Kingdom
568701,84879,ASSORTED COLOUR BIRD ORNAMENT,8,2011-09-28 15:07:00,1.69,13924.0,United Kingdom
568702,84077,WORLD WAR 2 GLIDERS ASSTD DESIGNS,40,2011-09-28 15:18:00,0.29,17950.0,United Kingdom
568703,85099B,JUMBO BAG RED RETROSPOT,5,2011-09-28 15:21:00,2.08,12748.0,United Kingdom
568703,21212,PACK OF 72 RETROSPOT CAKE CASES,3,2011-09-28 15:21:00,0.55,12748.0,United Kingdom
568704,84879,ASSORTED COLOUR BIRD ORNAMENT,160,2011-09-28 15:24:00,1.45,13321.0,United Kingdom
568710,85123A,WHITE HANGING HEART T-LIGHT HOLDER,32,2011-09-28 15:42:00,2.55,14649.0,United Kingdom
568712,23166,MEDIUM CERAMIC TOP STORAGE JAR,2,2011-09-28 15:50:00,1.25,17841.0,United Kingdom
568716,23084,RABBIT NIGHT LIGHT,10,2011-09-28 16:13:00,4.13,,United Kingdom
568716,22197,POPCORN HOLDER,13,2011-09-28 16:13:00,1.63,,United Kingdom
568719,23084,RABBIT NIGHT LIGHT,7,2011-09-28 16:19:00,4.13,,United Kingdom
568719,22616,PACK OF 12 LONDON TISSUES ,1,2011-09-28 16:19:00,0.83,,United Kingdom
568719,22197,POPCORN HOLDER,2,2011-09-28 16:19:00,1.63,,United Kingdom
568721,23084,RABBIT NIGHT LIGHT,7,2011-09-28 16:24:00,4.13,,United Kingdom
568721,85099B,JUMBO BAG RED RETROSPOT,1,2011-09-28 16:24:00,4.13,,United Kingdom
568721,85123A,WHITE HANGING HEART T-LIGHT HOLDER,1,2011-09-28 16:24:00,5.79,,United Kingdom
568721,21212,PACK OF 72 RETROSPOT CAKE CASES,1,2011-09-28 16:24:00,1.25,,United Kingdom
568721,22197,POPCORN HOLDER,4,2011-09-28 16:24:00,1.63,,United Kingdom
568726,85123A,WHITE HANGING HEART T-LIGHT HOLDER,3,2011-09-28 16:35:00,2.95,16775.0,United Kingdom
568780,85099B,JUMBO BAG RED RETROSPOT,10,2011-09-29 08:27:00,2.08,18235.0,United Kingdom
568782,85099B,JUMBO BAG RED RETROSPOT,10,2011-09-29 08:53:00,2.08,13985.0,United Kingdom
568786,85099B,JUMBO BAG RED RETROSPOT,20,2011-09-29 09:16:00,2.08,15144.0,United Kingdom
568788,85123A,WHITE HANGING HEART T-LIGHT HOLDER,2,2011-09-29 09:23:00,2.95,17894.0,United Kingdom
568792,85099B,JUMBO BAG RED RETROSPOT,10,2011-09-29 09:53:00,2.08,18192.0,United Kingdom
568794,84879,ASSORTED COLOUR BIRD ORNAMENT,16,2011-09-29 10:10:00,1.69,17447.0,United Kingdom
568797,85099B,JUMBO BAG RED RETROSPOT,200,2011-09-29 10:22:00,1.75,13694.0,United Kingdom
568798,84077,WORLD WAR 2 GLIDERS ASSTD DESIGNS,48,2011-09-29 10:23:00,0.29,12615.0,France
568798,85099B,JUMBO BAG RED RETROSPOT,10,2011-09-29 10:23:00,2.08,12615.0,France
568801,22197,POPCORN HOLDER,12,2011-09-29 10:46:00,0.85,14475.0,United Kingdom
568801,85123A,WHITE HANGING HEART T-LIGHT HOLDER,6,2011-09-29 10:46:00,2.95,14475.0,United Kingdom
568802,22197,POPCORN HOLDER,24,2011-09-29 10:49:00,0.85,14834.0,United Kingdom
568802,84879,ASSORTED COLOUR BIRD ORNAMENT,24,2011-09-29 10:49:00,1.69,14834.0,United Kingdom
568831,85123A,WHITE HANGING HEART T-LIGHT HOLDER,2,2011-09-29 11:35:00,2.95,16059.0,United Kingdom
568870,22197,POPCORN HOLDER,200,2011-09-29 12:11:00,0.72,17930.0,United Kingdom
568873,85099B,JUMBO BAG RED RETROSPOT,20,2011-09-29 12:15:00,2.08,14188.0,United Kingdom
568878,85123A,WHITE HANGING HEART T-LIGHT HOLDER,4,2011-09-29 12:34:00,2.95,14524.0,United Kingdom
568882,22197,POPCORN HOLDER,12,2011-09-29 12:39:00,0.85,12839.0,United Kingdom
568882,85099B,JUMBO BAG RED RETROSPOT,10,2011-09-29 12:39:00,2.08,12839.0,United Kingdom
568894,84879,ASSORTED COLOUR BIRD ORNAMENT,16,2011-09-29 13:04:00,1.69,17528.0,United Kingdom
568895,85099B,JUMBO BAG RED RETROSPOT,4,2011-09-29 13:11:00,2.08,15356.0,United Kingdom
568896,85099B,JUMBO BAG RED RETROSPOT,5,2011-09-29 13:13:00,2.08,16361.0,United Kingdom
568900,84077,WORLD WAR 2 GLIDERS ASSTD DESIGNS,48,2011-09-29 13:21:00,0.29,13647.0,United Kingdom
568900,84879,ASSORTED COLOUR BIRD ORNAMENT,16,2011-09-29 13:21:00,1.69,13647.0,United Kingdom
568901,84879,ASSORTED COLOUR BIRD ORNAMENT,16,2011-09-29 13:22:00,1.69,15050.0,United Kingdom
568901,84879,ASSORTED COLOUR BIRD ORNAMENT,32,2011-09-29 13:22:00,1.69,15050.0,United Kingdom
568901,85123A,WHITE HANGING HEART T-LIGHT HOLDER,32,2011-09-29 13:22:00,2.55,15050.0,United Kingdom
568908,22197,POPCORN HOLDER,12,2011-09-29 13:38:00,0.85,16653.0,United Kingdom
568908,21212,PACK OF 72 RETROSPOT CAKE CASES,24,2011-09-29 13:38:00,0.55,16653.0,United Kingdom
568909,84879,ASSORTED COLOUR BIRD ORNAMENT,8,2011-09-29 13:38:00,1.69,16818.0,United Kingdom
568917,21212,PACK OF 72 RETROSPOT CAKE CASES,24,2011-09-29 14:11:00,0.55,15955.0,United Kingdom
568919,85123A,WHITE HANGING HEART T-LIGHT HOLDER,32,2011-09-29 14:38:00,2.55,12937.0,United Kingdom
568938,21212,PACK OF 72 RETROSPOT CAKE CASES,3,2011-09-29 14:46:00,0.55,17220.0,United Kingdom
568943,22616,PACK OF 12 LONDON TISSUES ,432,2011-09-29 14:50:00,0.32,17306.0,United Kingdom
568949,22197,POPCORN HOLDER,12,2011-09-29 15:13:00,1.63,,United Kingdom
568949,84879,ASSORTED COLOUR BIRD ORNAMENT,8,2011-09-29 15:13:00,3.12,,United Kingdom
568949,21212,PACK OF 72 RETROSPOT CAKE CASES,1,2011-09-29 15:13:00,1.25,,United Kingdom
568949,85099B,JUMBO BAG RED RETROSPOT,3,2011-09-29 15:13:00,4.13,,United Kingdom
568949,85123A,WHITE HANGING HEART T-LIGHT HOLDER,2,2011-09-29 15:13:00,5.79,,United Kingdom
568952,84879,ASSORTED COLOUR BIRD ORNAMENT,8,2011-09-29 15:29:00,1.69,14305.0,United Kingdom
568953,22197,POPCORN HOLDER,12,2011-09-29 15:31:00,0.85,12728.0,France
568955,84879,ASSORTED COLOUR BIRD ORNAMENT,8,2011-09-29 15:40:00,1.69,13759.0,United Kingdom
568987,21212,PACK OF 72 RETROSPOT CAKE CASES,24,2011-09-29 15:58:00,0.55,12709.0,Germany
568990,84879,ASSORTED COLOUR BIRD ORNAMENT,8,2011-09-29 16:42:00,1.69,15933.0,United Kingdom
568990,21212,PACK OF 72 RETROSPOT CAKE CASES,24,2011-09-29 16:42:00,0.55,15933.0,United Kingdom
568993,85099B,JUMBO BAG RED RETROSPOT,10,2011-09-29 16:51:00,2.08,15062.0,United Kingdom
569000,21212,PACK OF 72 RETROSPOT CAKE CASES,24,2011-09-29 17:36:00,0.55,17015.0,United Kingdom
569000,84879,ASSORTED COLOUR BIRD ORNAMENT,16,2011-09-29 17:36:00,1.69,17015.0,United Kingdom
569004,85099B,JUMBO BAG RED RETROSPOT,10,2011-09-29 18:18:00,2.08,14409.0,United Kingdom
569005,84879,ASSORTED COLOUR BIRD ORNAMENT,8,2011-09-29 18:30:00,1.69,16268.0,United Kingdom
569005,21212,PACK OF 72 RETROSPOT CAKE CASES,24,2011-09-29 18:30:00,0.55,16268.0,United Kingdom
569005,22197,POPCORN HOLDER,12,2011-09-29 18:30:00,0.85,16268.0,United Kingdom
569007,84077,WORLD WAR 2 GLIDERS ASSTD DESIGNS,48,2011-09-29 18:51:00,0.29,17552.0,United Kingdom
569009,85099B,JUMBO BAG RED RETROSPOT,50,2011-09-29 19:30:00,2.08,15984.0,United Kingdom
569010,84077,WORLD WAR 2 GLIDERS ASSTD DESIGNS,144,2011-09-30 07:36:00,0.29,14156.0,EIRE
569014,85123A,WHITE HANGING HEART T-LIGHT HOLDER,12,2011-09-30 09:05:00,2.95,18053.0,United Kingdom
569016,85099B,JUMBO BAG RED RETROSPOT,10,2011-09-30 09:20:00,2.08,14916.0,United Kingdom
569016,84077,WORLD WAR 2 GLIDERS ASSTD DESIGNS,48,2011-09-30 09:20:00,0.29,14916.0,United Kingdom
569020,84077,WORLD WAR 2 GLIDERS ASSTD DESIGNS,48,2011-09-30 09:39:00,0.29,15321.0,United Kingdom
569026,21212,PACK OF 72 RETROSPOT CAKE CASES,24,2011-09-30 10:18:00,0.55,16101.0,United Kingdom
569026,85099B,JUMBO BAG RED RETROSPOT,10,2011-09-30 10:18:00,2.08,16101.0,United Kingdom
569031,85099B,JUMBO BAG RED RETROSPOT,4,2011-09-30 10:37:00,2.08,,United Kingdom
569037,85123A,WHITE HANGING HEART T-LIGHT HOLDER,3,2011-09-30 10:45:00,2.95,13263.0,United Kingdom
569086,22197,POPCORN HOLDER,1000,2011-09-30 11:58:00,0.72,17949.0,United Kingdom
569087,84077,WORLD WAR 2 GLIDERS ASSTD DESIGNS,48,2011-09-30 12:03:00,0.29,13095.0,United Kingdom
569089,85099B,JUMBO BAG RED RETROSPOT,5,2011-09-30 12:03:00,2.08,13764.0,United Kingdom
569089,85123A,WHITE HANGING HEART T-LIGHT HOLDER,2,2011-09-30 12:03:00,2.95,13764.0,United Kingdom
569100,22197,POPCORN HOLDER,5,2011-09-30 12:19:00,0.85,12748.0,United Kingdom
569105,85099B,JUMBO BAG RED RETROSPOT,2,2011-09-30 12:35:00,2.08,16729.0,United Kingdom
569105,84879,ASSORTED COLOUR BIRD ORNAMENT,16,2011-09-30 12:35:00,1.69,16729.0,United Kingdom
569105,85123A,WHITE HANGING HEART T-LIGHT HOLDER,2,2011-09-30 12:35:00,2.95,16729.0,United Kingdom
569110,85099B,JUMBO BAG RED RETROSPOT,10,2011-09-30 12:44:00,2.08,17675.0,United Kingdom
569110,85123A,WHITE HANGING HEART T-LIGHT HOLDER,32,2011-09-30 12:44:00,2.55,17675.0,United Kingdom
569123,22197,POPCORN HOLDER,3,2011-09-30 13:09:00,0.85,12748.0,United Kingdom
569129,22197,POPCORN HOLDER,25,2011-09-30 13:40:00,0.85,15034.0,United Kingdom
569129,85123A,WHITE HANGING HEART T-LIGHT HOLDER,4,2011-09-30 13:40:00,2.95,15034.0,United Kingdom
569132,22197,POPCORN HOLDER,4,2011-09-30 13:54:00,0.85,17757.0,United Kingdom
569134,85123A,WHITE HANGING HEART T-LIGHT HOLDER,6,2011-09-30 14:07:00,2.95,15411.0,United Kingdom
569136,84077,WORLD WAR 2 GLIDERS ASSTD DESIGNS,48,2011-09-30 14:41:00,0.29,15834.0,United Kingdom
569137,23084,RABBIT NIGHT LIGHT,6,2011-09-30 14:45:00,4.13,,United Kingdom
569137,85099B,JUMBO BAG RED RETROSPOT,14,2011-09-30 14:45:00,4.13,,United Kingdom
569139,85123A,WHITE HANGING HEART T-LIGHT HOLDER,6,2011-09-30 14:55:00,2.95,16404.0,United Kingdom
569140,22197,POPCORN HOLDER,48,2011-09-30 14:59:00,0.85,14503.0,United Kingdom
569140,21212,PACK OF 72 RETROSPOT CAKE CASES,24,2011-09-30 14:59:00,0.55,14503.0,United Kingdom
569141,85099B,JUMBO BAG RED RETROSPOT,10,2011-09-30 15:02:00,2.08,13021.0,United Kingdom
569147,85123A,WHITE HANGING HEART T-LIGHT HOLDER,32,2011-09-30 15:33:00,2.55,12842.0,United Kingdom
569147,84879,ASSORTED COLOUR BIRD ORNAMENT,32,2011-09-30 15:33:00,1.69,12842.0,United Kingdom
569148,85123A,WHITE HANGING HEART T-LIGHT HOLDER,12,2011-09-30 15:52:00,2.95,16613.0,United Kingdom
569202,21212,PACK OF 72 RETROSPOT CAKE CASES,1,2011-09-30 17:22:00,1.25,,United Kingdom
569202,85099B,JUMBO BAG RED RETROSPOT,1,2011-09-30 17:22:00,4.13,,United Kingdom
569202,84077,WORLD WAR 2 GLIDERS ASSTD DESIGNS,3,2011-09-30 17:22:00,0.63,,United Kingdom
569206,85123A,WHITE HANGING HEART T-LIGHT HOLDER,2,2011-10-02 10:58:00,2.95,15038.0,United Kingdom
569211,85123A,WHITE HANGING HEART T-LIGHT HOLDER,4,2011-10-02 12:04:00,2.95,15774.0,United Kingdom
569212,84879,ASSORTED COLOUR BIRD ORNAMENT,8,2011-10-02 12:05:00,1.69,15164.0,United Kingdom
569212,84879,ASSORTED COLOUR BIRD ORNAMENT,8,2011-10-02 12:05:00,1.69,15164.0,United Kingdom
569212,85123A,WHITE HANGING HEART T-LIGHT HOLDER,2,2011-10-02 12:05:00,2.95,15164.0,United Kingdom
569215,22197,POPCORN HOLDER,10,2011-10-02 12:30:00,0.85,13571.0,United Kingdom
569215,85099B,JUMBO BAG RED RETROSPOT,2,2011-10-02 12:30:00,2.08,13571.0,United Kingdom
569216,85123A,WHITE HANGING HEART T-LIGHT HOLDER,1,2011-10-02 12:41:00,2.95,15555.0,United Kingdom
569218,85099B,JUMBO BAG RED RETROSPOT,3,2011-10-02 12:47:00,2.08,15952.0,United Kingdom
569220,21212,PACK OF 72 RETROSPOT CAKE CASES,2,2011-10-02 13:26:00,0.55,16007.0,United Kingdom
569220,22197,POPCORN HOLDER,2,2011-10-02 13:26:00,0.85,16007.0,United Kingdom
569220,84077,WORLD WAR 2 GLIDERS ASSTD DESIGNS,48,2011-10-02 13:26:00,0.29,16007.0,United Kingdom
569220,85099B,JUMBO BAG RED RETROSPOT,1,2011-10-02 13:26:00,2.08,16007.0,United Kingdom
569220,21212,PACK OF 72 RETROSPOT CAKE CASES,4,2011-10-02 13:26:00,0.55,16007.0,United Kingdom
569223,22197,POPCORN HOLDER,25,2011-10-02 13:49:00,0.85,16283.0,United Kingdom
569223,84077,WORLD WAR 2 GLIDERS ASSTD DESIGNS,48,2011-10-02 13:49:00,0.29,16283.0,United Kingdom
569225,22197,POPCORN HOLDER,2,2011-10-02 14:25:00,0.85,16930.0,United Kingdom
569228,84879,ASSORTED COLOUR BIRD ORNAMENT,8,2011-10-02 14:47:00,1.69,15547.0,United Kingdom
569229,85123A,WHITE HANGING HEART T-LIGHT HOLDER,1,2011-10-02 14:56:00,2.95,14502.0,United Kingdom
569229,21212,PACK OF 72 RETROSPOT CAKE CASES,1,2011-10-02 14:56:00,0.55,14502.0,United Kingdom
569230,85123A,WHITE HANGING HEART T-LIGHT HOLDER,3,2011-10-02 15:07:00,2.95,16533.0,United Kingdom
569234,21212,PACK OF 72 RETROSPOT CAKE CASES,1,2011-10-02 15:33:00,0.55,17841.0,United Kingdom
569236,85123A,WHITE HANGING HEART T-LIGHT HOLDER,8,2011-10-02 15:49:00,2.95,14432.0,United Kingdom
569238,21212,PACK OF 72 RETROSPOT CAKE CASES,3,2011-10-02 15:52:00,0.55,17954.0,United Kingdom
569246,23084,RABBIT NIGHT LIGHT,3,2011-10-03 09:57:00,4.13,14096.0,United Kingdom
569246,85123A,WHITE HANGING HEART T-LIGHT HOLDER,1,2011-10-03 09:57:00,5.79,14096.0,United Kingdom
569246,84077,WORLD WAR 2 GLIDERS ASSTD DESIGNS,7,2011-10-03 09:57:00,0.63,14096.0,United Kingdom
569246,22197,POPCORN HOLDER,6,2011-10-03 09:57:00,1.63,14096.0,United Kingdom
569247,84077,WORLD WAR 2 GLIDERS ASSTD DESIGNS,96,2011-10-03 10:08:00,0.29,17924.0,United Kingdom
569248,84077,WORLD WAR 2 GLIDERS ASSTD DESIGNS,48,2011-10-03 10:09:00,0.29,12886.0,United Kingdom
569250,84879,ASSORTED COLOUR BIRD ORNAMENT,32,2011-10-03 10:18:00,1.69,16747.0,United Kingdom
569253,84879,ASSORTED COLOUR BIRD ORNAMENT,16,2011-10-03 10:55:00,1.69,13635.0,United Kingdom
569253,85123A,WHITE HANGING HEART T-LIGHT HOLDER,12,2011-10-03 10:55:00,2.95,13635.0,United Kingdom
569254,22616,PACK OF 12 LONDON TISSUES ,114,2011-10-03 11:00:00,0.39,18116.0,United Kingdom
569254,85123A,WHITE HANGING HEART T-LIGHT HOLDER,3,2011-10-03 11:00:00,2.95,18116.0,United Kingdom
569262,23166,MEDIUM CERAMIC TOP STORAGE JAR,12,2011-10-03 11:36:00,1.25,14815.0,United Kingdom
569302,22197,POPCORN HOLDER,5,2011-10-03 12:04:00,0.85,16205.0,United Kingdom
569302,85099B,JUMBO BAG RED RETROSPOT,5,2011-10-03 12:04:00,2.08,16205.0,United Kingdom
569327,22197,POPCORN HOLDER,12,2011-10-03 12:47:00,0.85,15091.0,United Kingdom
569329,85123A,WHITE HANGING HEART T-LIGHT HOLDER,6,2011-10-03 13:03:00,2.95,17652.0,United Kingdom
569332,85099B,JUMBO BAG RED RETROSPOT,2,2011-10-03 13:46:00,2.08,12637.0,France
569332,85099B,JUMBO BAG RED RETROSPOT,1,2011-10-03 13:46:00,2.08,12637.0,France
569334,22197,POPCORN HOLDER,40,2011-10-03 13:53:00,0.72,12931.0,United Kingdom
569334,23084,RABBIT NIGHT LIGHT,360,2011-10-03 13:53:00,1.79,12931.0,United Kingdom
569336,22197,POPCORN HOLDER,12,2011-10-03 14:05:00,0.85,15088.0,United Kingdom
569367,84879,ASSORTED COLOUR BIRD ORNAMENT,8,2011-10-03 15:28:00,1.69,13994.0,United Kingdom
569368,85099B,JUMBO BAG RED RETROSPOT,30,2011-10-03 15:29:00,2.08,15971.0,United Kingdom
569371,84879,ASSORTED COLOUR BIRD ORNAMENT,16,2011-10-03 15:52:00,1.69,14651.0,United Kingdom
569372,85099B,JUMBO BAG RED RETROSPOT,4,2011-10-03 16:04:00,4.13,,United Kingdom
569372,22197,POPCORN HOLDER,1,2011-10-03 16:04:00,1.63,,United Kingdom
569372,21212,PACK OF 72 RETROSPOT CAKE CASES,1,2011-10-03 16:04:00,1.25,,United Kingdom
569374,85099B,JUMBO BAG RED RETROSPOT,1,2011-10-03 16:14:00,4.13,,United Kingdom
569374,85123A,WHITE HANGING HEART T-LIGHT HOLDER,1,2011-10-03 16:14:00,5.79,,United Kingdom
569374,21212,PACK OF 72 RETROSPOT CAKE CASES,1,2011-10-03 16:14:00,1.25,,United Kingdom
569374,22616,PACK OF 12 LONDON TISSUES ,1,2011-10-03 16:14:00,0.83,,United Kingdom
569374,23084,RABBIT NIGHT LIGHT,2,2011-10-03 16:14:00,4.13,,United Kingdom
569383,21212,PACK OF 72 RETROSPOT CAKE CASES,24,2011-10-03 16:46:00,0.55,15159.0,United Kingdom
569397,85123A,WHITE HANGING HEART T-LIGHT HOLDER,12,2011-10-04 08:26:00,2.95,12747.0,United Kingdom
569397,84879,ASSORTED COLOUR BIRD ORNAMENT,16,2011-10-04 08:26:00,1.69,12747.0,United Kingdom
569397,85099B,JUMBO BAG RED RETROSPOT,10,2011-10-04 08:26:00,2.08,12747.0,United Kingdom
569402,85099B,JUMBO BAG RED RETROSPOT,10,2011-10-04 09:00:00,2.08,12413.0,France
569403,21212,PACK OF 72 RETROSPOT CAKE CASES,24,2011-10-04 09:02:00,0.55,13319.0,United Kingdom
569403,84879,ASSORTED COLOUR BIRD ORNAMENT,16,2011-10-04 09:02:00,1.69,13319.0,United Kingdom
569406,84077,WORLD WAR 2 GLIDERS ASSTD DESIGNS,48,2011-10-04 09:09:00,0.29,16253.0,United Kingdom
569414,21212,PACK OF 72 RETROSPOT CAKE CASES,1,2011-10-04 10:11:00,5.0,,United Kingdom
569414,21212,PACK OF 72 RETROSPOT CAKE CASES,26,2011-10-04 10:11:00,2.08,,United Kingdom
569414,22197,POPCORN HOLDER,28,2011-10-04 10:11:00,2.46,,United Kingdom
569415,85099B,JUMBO BAG RED RETROSPOT,4,2011-10-04 10:14:00,4.13,,United Kingdom
569424,85099B,JUMBO BAG RED RETROSPOT,4,2011-10-04 10:49:00,2.08,15529.0,United Kingdom
569461,21212,PACK OF 72 RETROSPOT CAKE CASES,24,2011-10-04 11:36:00,0.55,16556.0,United Kingdom
569461,84077,WORLD WAR 2 GLIDERS ASSTD DESIGNS,48,2011-10-04 11:36:00,0.29,16556.0,United Kingdom
569469,84077,WORLD WAR 2 GLIDERS ASSTD DESIGNS,10,2011-10-04 12:22:00,0.29,16360.0,United Kingdom
569469,21212,PACK OF 72 RETROSPOT CAKE CASES,2,2011-10-04 12:22:00,0.55,16360.0,United Kingdom
569469,21212,PACK OF 72 RETROSPOT CAKE CASES,4,2011-10-04 12:22:00,0.55,16360.0,United Kingdom
569469,85123A,WHITE HANGING HEART T-LIGHT HOLDER,2,2011-10-04 12:22:00,2.95,16360.0,United Kingdom
569471,84879,ASSORTED COLOUR BIRD ORNAMENT,8,2011-10-04 12:38:00,1.69,15046.0,United Kingdom
569472,84879,ASSORTED COLOUR BIRD ORNAMENT,12,2011-10-04 12:38:00,1.69,14515.0,United Kingdom
569472,85099B,JUMBO BAG RED RETROSPOT,10,2011-10-04 12:38:00,2.08,14515.0,United Kingdom
569474,22197,POPCORN HOLDER,2,2011-10-04 12:39:00,0.85,14178.0,United Kingdom
569488,22197,POPCORN HOLDER,12,2011-10-04 13:10:00,0.85,16440.0,United Kingdom
569491,22616,PACK OF 12 LONDON TISSUES ,12,2011-10-04 13:25:00,0.39,14056.0,United Kingdom
569493,84879,ASSORTED COLOUR BIRD ORNAMENT,8,2011-10-04 13:35:00,1.69,13317.0,United Kingdom
569520,85099B,JUMBO BAG RED RETROSPOT,10,2011-10-04 14:32:00,2.08,17667.0,United Kingdom
569521,85099B,JUMBO BAG RED RETROSPOT,3,2011-10-04 14:33:00,2.08,16474.0,United Kingdom
569523,84879,ASSORTED COLOUR BIRD ORNAMENT,8,2011-10-04 14:41:00,1.69,16033.0,United Kingdom
569527,85123A,WHITE HANGING HEART T-LIGHT HOLDER,1,2011-10-04 14:53:00,2.95,12512.0,Israel
569527,85123A,WHITE HANGING HEART T-LIGHT HOLDER,1,2011-10-04 14:53:00,2.95,12512.0,Israel
569528,85099B,JUMBO BAG RED RETROSPOT,10,2011-10-04 14:53:00,2.08,16242.0,United Kingdom
569530,84077,WORLD WAR 2 GLIDERS ASSTD DESIGNS,12,2011-10-04 14:58:00,0.29,17957.0,United Kingdom
569533,21212,PACK OF 72 RETROSPOT CAKE CASES,1,2011-10-04 15:21:00,0.55,16374.0,United Kingdom
569533,84879,ASSORTED COLOUR BIRD ORNAMENT,8,2011-10-04 15:21:00,1.69,16374.0,United Kingdom
569535,85123A,WHITE HANGING HEART T-LIGHT HOLDER,3,2011-10-04 15:41:00,2.95,15044.0,United Kingdom
569536,85099B,JUMBO BAG RED RETROSPOT,10,2011-10-04 15:44:00,2.08,13269.0,United Kingdom
569536,22197,POPCORN HOLDER,100,2011-10-04 15:44:00,0.72,13269.0,United Kingdom
569538,84879,ASSORTED COLOUR BIRD ORNAMENT,8,2011-10-04 15:55:00,1.69,14462.0,United Kingdom
569544,21212,PACK OF 72 RETROSPOT CAKE CASES,1,2011-10-04 16:33:00,1.25,,United Kingdom
569544,85099B,JUMBO BAG RED RETROSPOT,6,2011-10-04 16:33:00,4.13,,United Kingdom
569544,22197,POPCORN HOLDER,1,2011-10-04 16:33:00,1.63,,United Kingdom
569544,22616,PACK OF 12 LONDON TISSUES ,3,2011-10-04 16:33:00,0.83,,United Kingdom
569544,23084,RABBIT NIGHT LIGHT,1,2011-10-04 16:33:00,4.13,,United Kingdom
569544,23166,MEDIUM CERAMIC TOP STORAGE JAR,1,2011-10-04 16:33:00,2.46,,United Kingdom
569545,22197,POPCORN HOLDER,4,2011-10-04 16:37:00,1.63,,United Kingdom
569545,23084,RABBIT NIGHT LIGHT,4,2011-10-04 16:37:00,4.13,,United Kingdom
569545,85123A,WHITE HANGING HEART T-LIGHT HOLDER,1,2011-10-04 16:37:00,5.79,,United Kingdom
569560,84879,ASSORTED COLOUR BIRD ORNAMENT,16,2011-10-05 09:42:00,1.69,14511.0,United Kingdom
569562,22197,POPCORN HOLDER,12,2011-10-05 09:43:00,0.85,12720.0,Germany
569562,22616,PACK OF 12 LONDON TISSUES ,24,2011-10-05 09:43:00,0.39,12720.0,Germany
569564,21212,PACK OF 72 RETROSPOT CAKE CASES,24,2011-10-05 09:47:00,0.55,13989.0,United Kingdom
569566,84077,WORLD WAR 2 GLIDERS ASSTD DESIGNS,288,2011-10-05 09:55:00,0.21,14739.0,United Kingdom
569568,85099B,JUMBO BAG RED RETROSPOT,10,2011-10-05 09:57:00,2.08,12700.0,France
569568,84879,ASSORTED COLOUR BIRD ORNAMENT,8,2011-10-05 09:57:00,1.69,12700.0,France
569573,85099B,JUMBO BAG RED RETROSPOT,100,2011-10-05 10:11:00,1.79,17511.0,United Kingdom
569581,85123A,WHITE HANGING HEART T-LIGHT HOLDER,12,2011-10-05 11:16:00,2.95,15081.0,United Kingdom
569590,84879,ASSORTED COLOUR BIRD ORNAMENT,16,2011-10-05 11:25:00,1.69,13949.0,United Kingdom
569590,85123A,WHITE HANGING HEART T-LIGHT HOLDER,6,2011-10-05 11:25:00,2.95,13949.0,United Kingdom
569630,84879,ASSORTED COLOUR BIRD ORNAMENT,16,2011-10-05 11:44:00,1.69,13458.0,United Kingdom
569630,85099B,JUMBO BAG RED RETROSPOT,10,2011-10-05 11:44:00,2.08,13458.0,United Kingdom
569630,22197,POPCORN HOLDER,24,2011-10-05 11:44:00,0.85,13458.0,United Kingdom
569637,84077,WORLD WAR 2 GLIDERS ASSTD DESIGNS,48,2011-10-05 12:14:00,0.29,15757.0,United Kingdom
569648,85099B,JUMBO BAG RED RETROSPOT,100,2011-10-05 12:40:00,1.79,17754.0,United Kingdom
569649,85099B,JUMBO BAG RED RETROSPOT,100,2011-10-05 12:42:00,1.74,16029.0,United Kingdom
569662,85123A,WHITE HANGING HEART T-LIGHT HOLDER,12,2011-10-05 13:19:00,2.95,15244.0,United Kingdom
569667,84879,ASSORTED COLOUR BIRD ORNAMENT,8,2011-10-05 13:42:00,1.69,17521.0,United Kingdom
569670,22197,POPCORN HOLDER,4,2011-10-05 13:47:00,0.85,14730.0,United Kingdom
569669,85123A,WHITE HANGING HEART T-LIGHT HOLDER,1,2011-10-05 13:47:00,2.95,14730.0,United Kingdom
569668,85123A,WHITE HANGING HEART T-LIGHT HOLDER,6,2011-10-05 13:47:00,2.95,16040.0,United Kingdom
569669,85123A,WHITE HANGING HEART T-LIGHT HOLDER,1,2011-10-05 13:47:00,2.95,14730.0,United Kingdom
569669,22197,POPCORN HOLDER,4,2011-10-05 13:47:00,0.85,14730.0,United Kingdom
569673,85123A,WHITE HANGING HEART T-LIGHT HOLDER,1,2011-10-05 13:58:00,2.95,17222.0,United Kingdom
569673,84879,ASSORTED COLOUR BIRD ORNAMENT,3,2011-10-05 13:58:00,1.69,17222.0,United Kingdom
569675,85099B,JUMBO BAG RED RETROSPOT,10,2011-10-05 14:03:00,2.08,15687.0,United Kingdom
569675,84077,WORLD WAR 2 GLIDERS ASSTD DESIGNS,48,2011-10-05 14:03:00,0.29,15687.0,United Kingdom
569683,84879,ASSORTED COLOUR BIRD ORNAMENT,16,2011-10-05 14:39:00,1.69,15953.0,United Kingdom
569692,85099B,JUMBO BAG RED RETROSPOT,30,2011-10-05 15:17:00,2.08,14389.0,United Kingdom
569699,22616,PACK OF 12 LONDON TISSUES ,24,2011-10-05 15:52:00,0.39,12723.0,France
569700,85099B,JUMBO BAG RED RETROSPOT,1,2011-10-05 15:56:00,4.13,,United Kingdom
569700,22197,POPCORN HOLDER,6,2011-10-05 15:56:00,1.63,,United Kingdom
569700,23084,RABBIT NIGHT LIGHT,2,2011-10-05 15:56:00,4.13,,United Kingdom
569702,84879,ASSORTED COLOUR BIRD ORNAMENT,8,2011-10-05 16:09:00,1.69,14396.0,United Kingdom
569702,85123A,WHITE HANGING HEART T-LIGHT HOLDER,10,2011-10-05 16:09:00,2.95,14396.0,United Kingdom
569715,22616,PACK OF 12 LONDON TISSUES ,144,2011-10-05 17:29:00,0.39,15856.0,United Kingdom
569716,84879,ASSORTED COLOUR BIRD ORNAMENT,16,2011-10-06 08:17:00,1.69,15804.0,United Kingdom
569726,85123A,WHITE HANGING HEART T-LIGHT HOLDER,12,2011-10-06 09:36:00,2.95,17419.0,United Kingdom
569728,84879,ASSORTED COLOUR BIRD ORNAMENT,32,2011-10-06 09:38:00,1.69,15416.0,United Kingdom
569729,85099B,JUMBO BAG RED RETROSPOT,10,2011-10-06 09:43:00,2.08,16350.0,United Kingdom
569731,85099B,JUMBO BAG RED RETROSPOT,10,2011-10-06 09:48:00,2.08,13999.0,United Kingdom
569737,21212,PACK OF 72 RETROSPOT CAKE CASES,24,2011-10-06 10:45:00,0.55,16295.0,United Kingdom
569741,85099B,JUMBO BAG RED RETROSPOT,20,2011-10-06 10:52:00,2.08,14626.0,United Kingdom
569741,21212,PACK OF 72 RETROSPOT CAKE CASES,24,2011-10-06 10:52:00,0.55,14626.0,United Kingdom
569740,85099B,JUMBO BAG RED RETROSPOT,140,2011-10-06 10:52:00,1.79,15769.0,United Kingdom
569766,84879,ASSORTED COLOUR BIRD ORNAMENT,48,2011-10-06 11:24:00,1.69,14849.0,United Kingdom
569768,22197,POPCORN HOLDER,100,2011-10-06 11:27:00,0.72,13078.0,United Kingdom
569780,22616,PACK OF 12 LONDON TISSUES ,120,2011-10-06 11:38:00,0.39,13199.0,United Kingdom
569803,84879,ASSORTED COLOUR BIRD ORNAMENT,8,2011-10-06 11:48:00,1.69,13090.0,United Kingdom
569815,85099B,JUMBO BAG RED RETROSPOT,1000,2011-10-06 11:53:00,1.79,15838.0,United Kingdom
569823,84879,ASSORTED COLOUR BIRD ORNAMENT,2,2011-10-06 12:15:00,1.69,16895.0,United Kingdom
569823,22197,POPCORN HOLDER,4,2011-10-06 12:15:00,0.85,16895.0,United Kingdom
569826,84879,ASSORTED COLOUR BIRD ORNAMENT,16,2011-10-06 12:25:00,1.69,18161.0,United Kingdom
569833,84879,ASSORTED COLOUR BIRD ORNAMENT,8,2011-10-06 12:56:00,1.69,15306.0,United Kingdom
569834,85099B,JUMBO BAG RED RETROSPOT,10,2011-10-06 13:00:00,2.08,14383.0,United Kingdom
569834,21212,PACK OF 72 RETROSPOT CAKE CASES,24,2011-10-06 13:00:00,0.55,14383.0,United Kingdom
569834,84879,ASSORTED COLOUR BIRD ORNAMENT,80,2011-10-06 13:00:00,1.69,14383.0,United Kingdom
569835,22616,PACK OF 12 LONDON TISSUES ,12,2011-10-06 13:05:00,0.39,15518.0,United Kingdom
569839,85099B,JUMBO BAG RED RETROSPOT,100,2011-10-06 13:21:00,1.79,15769.0,United Kingdom
569843,84879,ASSORTED COLOUR BIRD ORNAMENT,1,2011-10-06 13:29:00,1.69,14449.0,United Kingdom
569844,85099B,JUMBO BAG RED RETROSPOT,20,2011-10-06 13:30:00,2.08,12626.0,Germany
569848,22197,POPCORN HOLDER,24,2011-10-06 13:48:00,0.85,16316.0,United Kingdom
569848,85099B,JUMBO BAG RED RETROSPOT,10,2011-10-06 13:48:00,2.08,16316.0,United Kingdom
569849,85099B,JUMBO BAG RED RETROSPOT,10,2011-10-06 13:49:00,2.08,15264.0,United Kingdom
569850,22197,POPCORN HOLDER,200,2011-10-06 13:59:00,0.72,16432.0,United Kingdom
569857,85099B,JUMBO BAG RED RETROSPOT,200,2011-10-06 14:31:00,1.95,12939.0,United Kingdom
569859,84879,ASSORTED COLOUR BIRD ORNAMENT,24,2011-10-06 14:36:00,1.69,16814.0,United Kingdom
569860,22197,POPCORN HOLDER,12,2011-10-06 14:37:00,0.85,13812.0,Germany
569862,84879,ASSORTED COLOUR BIRD ORNAMENT,16,2011-10-06 14:43:00,1.69,14518.0,United Kingdom
569864,21212,PACK OF 72 RETROSPOT CAKE CASES,24,2011-10-06 14:45:00,0.55,14533.0,United Kingdom
569866,85099B,JUMBO BAG RED RETROSPOT,10,2011-10-06 14:50:00,2.08,12757.0,Portugal
569866,22616,PACK OF 12 LONDON TISSUES ,12,2011-10-06 14:50:00,0.39,12757.0,Portugal
569867,21212,PACK OF 72 RETROSPOT CAKE CASES,24,2011-10-06 14:54:00,0.55,12569.0,Germany
569893,85099B,JUMBO BAG RED RETROSPOT,20,2011-10-06 15:51:00,2.08,12627.0,Germany
569896,21212,PACK OF 72 RETROSPOT CAKE CASES,2,2011-10-06 15:58:00,0.55,,United Kingdom
569897,84879,ASSORTED COLOUR BIRD ORNAMENT,10,2011-10-06 16:01:00,1.69,17813.0,United Kingdom
569898,23084,RABBIT NIGHT LIGHT,1,2011-10-06 16:08:00,4.13,,United Kingdom
569898,85099B,JUMBO BAG RED RETROSPOT,3,2011-10-06 16:08:00,4.13,,United Kingdom
569898,85123A,WHITE HANGING HEART T-LIGHT HOLDER,1,2011-10-06 16:08:00,5.79,,United Kingdom
569898,22197,POPCORN HOLDER,3,2011-10-06 16:08:00,1.63,,United Kingdom
569900,21212,PACK OF 72 RETROSPOT CAKE CASES,24,2011-10-06 16:17:00,0.55,17651.0,United Kingdom
569900,85099B,JUMBO BAG RED RETROSPOT,10,2011-10-06 16:17:00,2.08,17651.0,United Kingdom
569910,85099B,JUMBO BAG RED RETROSPOT,10,2011-10-06 16:47:00,2.08,17139.0,United Kingdom
569910,22197,POPCORN HOLDER,36,2011-10-06 16:47:00,0.85,17139.0,United Kingdom
569923,84879,ASSORTED COLOUR BIRD ORNAMENT,16,2011-10-06 17:43:00,1.69,16184.0,United Kingdom
569943,22197,POPCORN HOLDER,8,2011-10-06 18:08:00,0.85,14592.0,United Kingdom
569962,84879,ASSORTED COLOUR BIRD ORNAMENT,8,2011-10-06 18:45:00,1.69,13993.0,United Kingdom
569968,22197,POPCORN HOLDER,2,2011-10-06 18:56:00,0.85,17921.0,United Kingdom
569999,23166,MEDIUM CERAMIC TOP STORAGE JAR,24,2011-10-07 08:49:00,1.25,17030.0,United Kingdom
570000,22197,POPCORN HOLDER,12,2011-10-07 08:55:00,0.85,12420.0,Cyprus
570001,84879,ASSORTED COLOUR BIRD ORNAMENT,24,2011-10-07 09:10:00,1.69,14427.0,United Kingdom
570007,21212,PACK OF 72 RETROSPOT CAKE CASES,24,2011-10-07 09:26:00,0.55,12519.0,Germany
570011,85123A,WHITE HANGING HEART T-LIGHT HOLDER,12,2011-10-07 09:44:00,2.95,16477.0,United Kingdom
570016,84879,ASSORTED COLOUR BIRD ORNAMENT,8,2011-10-07 10:06:00,1.69,14911.0,EIRE
570016,85123A,WHITE HANGING HEART T-LIGHT HOLDER,6,2011-10-07 10:06:00,2.95,14911.0,EIRE
570018,85099B,JUMBO BAG RED RETROSPOT,100,2011-10-07 10:12:00,1.79,13629.0,United Kingdom
570021,23166,MEDIUM CERAMIC TOP STORAGE JAR,3,2011-10-07 10:20:00,1.25,17841.0,United Kingdom
570022,21212,PACK OF 72 RETROSPOT CAKE CASES,24,2011-10-07 10:21:00,0.55,14067.0,United Kingdom
570022,85123A,WHITE HANGING HEART T-LIGHT HOLDER,1,2011-10-07 10:21:00,2.95,14067.0,United Kingdom
570027,22197,POPCORN HOLDER,12,2011-10-07 10:41:00,0.85,14844.0,United Kingdom
570027,85099B,JUMBO BAG RED RETROSPOT,100,2011-10-07 10:41:00,1.79,14844.0,United Kingdom
570030,21212,PACK OF 72 RETROSPOT CAKE CASES,24,2011-10-07 10:44:00,0.55,12740.0,France
570049,21212,PACK OF 72 RETROSPOT CAKE CASES,3,2011-10-07 10:55:00,0.55,17228.0,United Kingdom
570086,84077,WORLD WAR 2 GLIDERS ASSTD DESIGNS,48,2011-10-07 11:22:00,0.29,17086.0,United Kingdom
570087,21212,PACK OF 72 RETROSPOT CAKE CASES,13,2011-10-07 11:26:00,2.08,,United Kingdom
570087,22197,POPCORN HOLDER,16,2011-10-07 11:26:00,2.46,,United Kingdom
570088,85123A,WHITE HANGING HEART T-LIGHT HOLDER,1,2011-10-07 11:32:00,2.95,16764.0,United Kingdom
570088,85099B,JUMBO BAG RED RETROSPOT,1,2011-10-07 11:32:00,2.08,16764.0,United Kingdom
570092,85099B,JUMBO BAG RED RETROSPOT,300,2011-10-07 11:51:00,1.74,16029.0,United Kingdom
570093,22197,POPCORN HOLDER,2,2011-10-07 11:55:00,0.85,18096.0,United Kingdom
570093,22197,POPCORN HOLDER,4,2011-10-07 11:55:00,0.85,18096.0,United Kingdom
570100,85123A,WHITE HANGING HEART T-LIGHT HOLDER,6,2011-10-07 12:12:00,2.95,13695.0,United Kingdom
570101,21212,PACK OF 72 RETROSPOT CAKE CASES,24,2011-10-07 12:14:00,0.55,14560.0,United Kingdom
570103,85099B,JUMBO BAG RED RETROSPOT,12,2011-10-07 12:18:00,2.08,15719.0,United Kingdom
570108,21212,PACK OF 72 RETROSPOT CAKE CASES,24,2011-10-07 12:25:00,0.55,13004.0,United Kingdom
570111,85123A,WHITE HANGING HEART T-LIGHT HOLDER,4,2011-10-07 12:28:00,2.95,15005.0,United Kingdom
570116,21212,PACK OF 72 RETROSPOT CAKE CASES,1,2011-10-07 12:38:00,0.55,12856.0,United Kingdom
570117,84077,WORLD WAR 2 GLIDERS ASSTD DESIGNS,48,2011-10-07 12:42:00,0.29,15815.0,United Kingdom
570121,85099B,JUMBO BAG RED RETROSPOT,10,2011-10-07 12:49:00,2.08,13419.0,United Kingdom
570125,21212,PACK OF 72 RETROSPOT CAKE CASES,24,2011-10-07 13:14:00,0.55,17509.0,United Kingdom
570126,21212,PACK OF 72 RETROSPOT CAKE CASES,1,2011-10-07 13:16:00,0.55,16910.0,United Kingdom
570127,22616,PACK OF 12 LONDON TISSUES ,24,2011-10-07 13:17:00,0.39,16900.0,United Kingdom
570128,85099B,JUMBO BAG RED RETROSPOT,100,2011-10-07 13:21:00,1.79,13689.0,United Kingdom
570167,21212,PACK OF 72 RETROSPOT CAKE CASES,24,2011-10-07 14:04:00,0.55,15615.0,United Kingdom
570168,22616,PACK OF 12 LONDON TISSUES ,1,2011-10-07 14:05:00,0.39,17596.0,United Kingdom
570184,22616,PACK OF 12 LONDON TISSUES ,24,2011-10-07 14:46:00,0.39,14029.0,United Kingdom
570187,23166,MEDIUM CERAMIC TOP STORAGE JAR,2,2011-10-07 15:09:00,2.46,,United Kingdom
570187,85123A,WHITE HANGING HEART T-LIGHT HOLDER,2,2011-10-07 15:09:00,5.79,,United Kingdom
570187,22616,PACK OF 12 LONDON TISSUES ,10,2011-10-07 15:09:00,0.83,,United Kingdom
570187,22197,POPCORN HOLDER,1,2011-10-07 15:09:00,1.63,,United Kingdom
570195,84879,ASSORTED COLOUR BIRD ORNAMENT,16,2011-10-07 15:38:00,1.69,14825.0,United Kingdom
570200,85123A,WHITE HANGING HEART T-LIGHT HOLDER,2,2011-10-07 16:03:00,2.95,16918.0,United Kingdom
570211,84879,ASSORTED COLOUR BIRD ORNAMENT,1,2011-10-09 11:15:00,1.69,13558.0,United Kingdom
570212,22197,POPCORN HOLDER,100,2011-10-09 11:29:00,0.72,17811.0,United Kingdom
570214,84077,WORLD WAR 2 GLIDERS ASSTD DESIGNS,96,2011-10-09 11:50:00,0.29,12748.0,United Kingdom
570214,84077,WORLD WAR 2 GLIDERS ASSTD DESIGNS,96,2011-10-09 11:50:00,0.29,12748.0,United Kingdom
570216,22197,POPCORN HOLDER,12,2011-10-09 12:04:00,0.85,14595.0,United Kingdom
570217,85099B,JUMBO BAG RED RETROSPOT,2,2011-10-09 12:19:00,2.08,17323.0,United Kingdom
570219,85099B,JUMBO BAG RED RETROSPOT,4,2011-10-09 12:44:00,2.08,16809.0,United Kingdom
570219,85099B,JUMBO BAG RED RETROSPOT,6,2011-10-09 12:44:00,2.08,16809.0,United Kingdom
570224,85123A,WHITE HANGING HEART T-LIGHT HOLDER,6,2011-10-09 13:15:00,2.95,16931.0,United Kingdom
570225,85123A,WHITE HANGING HEART T-LIGHT HOLDER,2,2011-10-09 13:15:00,2.95,16595.0,United Kingdom
570230,22197,POPCORN HOLDER,2,2011-10-09 13:41:00,0.85,18088.0,United Kingdom
570231,84077,WORLD WAR 2 GLIDERS ASSTD DESIGNS,48,2011-10-09 13:44:00,0.29,16685.0,United Kingdom
570232,22197,POPCORN HOLDER,12,2011-10-09 13:58:00,0.85,14040.0,United Kingdom
570234,84879,ASSORTED COLOUR BIRD ORNAMENT,8,2011-10-09 14:22:00,1.69,17790.0,United Kingdom
570244,21212,PACK OF 72 RETROSPOT CAKE CASES,12,2011-10-09 16:05:00,0.55,14514.0,United Kingdom
570244,85123A,WHITE HANGING HEART T-LIGHT HOLDER,18,2011-10-09 16:05:00,2.95,14514.0,United Kingdom
570245,85099B,JUMBO BAG RED RETROSPOT,10,2011-10-09 16:11:00,2.08,14415.0,United Kingdom
570247,84077,WORLD WAR 2 GLIDERS ASSTD DESIGNS,48,2011-10-10 08:23:00,0.29,15193.0,United Kingdom
570256,21212,PACK OF 72 RETROSPOT CAKE CASES,24,2011-10-10 09:53:00,0.55,15152.0,United Kingdom
570258,85099B,JUMBO BAG RED RETROSPOT,15,2011-10-10 09:56:00,4.13,,United Kingdom
570271,84879,ASSORTED COLOUR BIRD ORNAMENT,16,2011-10-10 10:29:00,1.69,13756.0,United Kingdom
570272,84879,ASSORTED COLOUR BIRD ORNAMENT,24,2011-10-10 10:45:00,1.69,14297.0,United Kingdom
570273,85123A,WHITE HANGING HEART T-LIGHT HOLDER,12,2011-10-10 10:51:00,2.95,13373.0,United Kingdom
570273,22197,POPCORN HOLDER,12,2011-10-10 10:51:00,0.85,13373.0,United Kingdom
570287,85099B,JUMBO BAG RED RETROSPOT,10,2011-10-10 11:37:00,2.08,17425.0,United Kingdom
570333,85123A,WHITE HANGING HEART T-LIGHT HOLDER,1,2011-10-10 12:19:00,2.95,18126.0,United Kingdom
570342,85123A,WHITE HANGING HEART T-LIGHT HOLDER,12,2011-10-10 12:26:00,2.95,17706.0,United Kingdom
570342,85099B,JUMBO BAG RED RETROSPOT,20,2011-10-10 12:26:00,2.08,17706.0,United Kingdom
570388,21212,PACK OF 72 RETROSPOT CAKE CASES,24,2011-10-10 12:37:00,0.55,14911.0,EIRE
570404,21212,PACK OF 72 RETROSPOT CAKE CASES,1,2011-10-10 12:50:00,0.55,16395.0,United Kingdom
570404,21212,PACK OF 72 RETROSPOT CAKE CASES,2,2011-10-10 12:50:00,0.55,16395.0,United Kingdom
570407,22197,POPCORN HOLDER,100,2011-10-10 12:52:00,0.72,17186.0,United Kingdom
570409,21212,PACK OF 72 RETROSPOT CAKE CASES,24,2011-10-10 13:03:00,0.55,12682.0,France
570413,22197,POPCORN HOLDER,24,2011-10-10 13:13:00,0.85,17652.0,United Kingdom
570420,21212,PACK OF 72 RETROSPOT CAKE CASES,1,2011-10-10 13:33:00,0.55,17841.0,United Kingdom
570429,85123A,WHITE HANGING HEART T-LIGHT HOLDER,96,2011-10-10 14:06:00,2.55,13225.0,United Kingdom
570443,85099B,JUMBO BAG RED RETROSPOT,1,2011-10-10 14:37:00,2.08,17203.0,United Kingdom
570442,85123A,WHITE HANGING HEART T-LIGHT HOLDER,2,2011-10-10 14:37:00,2.95,16549.0,United Kingdom
570444,22616,PACK OF 12 LONDON TISSUES ,12,2011-10-10 14:38:00,0.39,17284.0,United Kingdom
570448,85099B,JUMBO BAG RED RETROSPOT,10,2011-10-10 14:55:00,2.08,13224.0,United Kingdom
570448,84077,WORLD WAR 2 GLIDERS ASSTD DESIGNS,96,2011-10-10 14:55:00,0.29,13224.0,United Kingdom
570455,22197,POPCORN HOLDER,3,2011-10-10 15:27:00,0.85,14529.0,United Kingdom
570458,84077,WORLD WAR 2 GLIDERS ASSTD DESIGNS,48,2011-10-10 15:39:00,0.29,14535.0,United Kingdom
570459,23166,MEDIUM CERAMIC TOP STORAGE JAR,12,2011-10-10 15:42:00,1.25,15801.0,United Kingdom
570465,85099B,JUMBO BAG RED RETROSPOT,5,2011-10-10 16:02:00,4.13,,United Kingdom
570465,22197,POPCORN HOLDER,17,2011-10-10 16:02:00,1.63,,United Kingdom
570466,21212,PACK OF 72 RETROSPOT CAKE CASES,2,2011-10-10 16:03:00,0.55,16791.0,United Kingdom
570467,23166,MEDIUM CERAMIC TOP STORAGE JAR,12,2011-10-10 16:06:00,1.25,12607.0,USA
570467,21212,PACK OF 72 RETROSPOT CAKE CASES,24,2011-10-10 16:06:00,0.55,12607.0,USA
570482,22616,PACK OF 12 LONDON TISSUES ,1,2011-10-10 17:00:00,0.39,17459.0,United Kingdom
570482,85099B,JUMBO BAG RED RETROSPOT,1,2011-10-10 17:00:00,2.08,17459.0,United Kingdom
570488,23084,RABBIT NIGHT LIGHT,2,2011-10-10 17:12:00,4.13,14096.0,United Kingdom
570488,84077,WORLD WAR 2 GLIDERS ASSTD DESIGNS,4,2011-10-10 17:12:00,0.63,14096.0,United Kingdom
570488,21212,PACK OF 72 RETROSPOT CAKE CASES,3,2011-10-10 17:12:00,1.25,14096.0,United Kingdom
570488,22616,PACK OF 12 LONDON TISSUES ,2,2011-10-10 17:12:00,0.83,14096.0,United Kingdom
570488,22197,POPCORN HOLDER,3,2011-10-10 17:12:00,1.63,14096.0,United Kingdom
570492,85099B,JUMBO BAG RED RETROSPOT,10,2011-10-11 08:23:00,2.08,14194.0,United Kingdom
570497,23084,RABBIT NIGHT LIGHT,1,2011-10-11 09:07:00,2.08,,United Kingdom
570498,84879,ASSORTED COLOUR BIRD ORNAMENT,16,2011-10-11 09:10:00,1.69,16136.0,United Kingdom
570499,21212,PACK OF 72 RETROSPOT CAKE CASES,24,2011-10-11 09:19:00,0.55,12772.0,Portugal
570503,84077,WORLD WAR 2 GLIDERS ASSTD DESIGNS,48,2011-10-11 09:26:00,0.29,17965.0,United Kingdom
570505,22197,POPCORN HOLDER,24,2011-10-11 09:41:00,0.85,14841.0,United Kingdom
570514,21212,PACK OF 72 RETROSPOT CAKE CASES,24,2011-10-11 10:36:00,0.55,13089.0,United Kingdom
570514,85099B,JUMBO BAG RED RETROSPOT,12,2011-10-11 10:36:00,2.08,13089.0,United Kingdom
570514,84879,ASSORTED COLOUR BIRD ORNAMENT,36,2011-10-11 10:36:00,1.69,13089.0,United Kingdom
570517,84077,WORLD WAR 2 GLIDERS ASSTD DESIGNS,48,2011-10-11 10:41:00,0.29,13971.0,United Kingdom
570522,85099B,JUMBO BAG RED RETROSPOT,300,2011-10-11 10:46:00,1.74,16029.0,United Kingdom
570590,85123A,WHITE HANGING HEART T-LIGHT HOLDER,24,2011-10-11 11:34:00,2.95,18075.0,United Kingdom
570592,21212,PACK OF 72 RETROSPOT CAKE CASES,9,2011-10-11 11:37:00,2.08,,United Kingdom
570592,22197,POPCORN HOLDER,46,2011-10-11 11:37:00,2.46,,United Kingdom
570593,22197,POPCORN HOLDER,24,2011-10-11 11:38:00,0.85,18180.0,United Kingdom
570598,22197,POPCORN HOLDER,12,2011-10-11 11:55:00,0.85,14175.0,United Kingdom
570637,85099B,JUMBO BAG RED RETROSPOT,10,2011-10-11 12:34:00,2.08,12530.0,Germany
570642,84879,ASSORTED COLOUR BIRD ORNAMENT,16,2011-10-11 12:41:00,1.69,15024.0,United Kingdom
570646,22197,POPCORN HOLDER,12,2011-10-11 12:49:00,0.85,12824.0,United Kingdom
570648,85099B,JUMBO BAG RED RETROSPOT,10,2011-10-11 13:09:00,2.08,16086.0,United Kingdom
570653,22197,POPCORN HOLDER,6,2011-10-11 13:49:00,0.85,14710.0,United Kingdom
570672,22616,PACK OF 12 LONDON TISSUES ,24,2011-10-11 14:52:00,0.39,12536.0,France
570672,84077,WORLD WAR 2 GLIDERS ASSTD DESIGNS,48,2011-10-11 14:52:00,0.29,12536.0,France
570672,84879,ASSORTED COLOUR BIRD ORNAMENT,8,2011-10-11 14:52:00,1.69,12536.0,France
570672,85099B,JUMBO BAG RED RETROSPOT,10,2011-10-11 14:52:00,2.08,12536.0,France
570672,21212,PACK OF 72 RETROSPOT CAKE CASES,24,2011-10-11 14:52:00,0.55,12536.0,France
570674,85123A,WHITE HANGING HEART T-LIGHT HOLDER,6,2011-10-11 14:59:00,2.95,14911.0,EIRE
570677,85099B,JUMBO BAG RED RETROSPOT,6,2011-10-11 15:10:00,2.08,12836.0,United Kingdom
570677,85123A,WHITE HANGING HEART T-LIGHT HOLDER,12,2011-10-11 15:10:00,2.95,12836.0,United Kingdom
570680,85099B,JUMBO BAG RED RETROSPOT,10,2011-10-11 15:36:00,2.08,13969.0,United Kingdom
570688,85123A,WHITE HANGING HEART T-LIGHT HOLDER,4,2011-10-11 16:29:00,2.95,,United Kingdom
570688,84077,WORLD WAR 2 GLIDERS ASSTD DESIGNS,1,2011-10-11 16:29:00,0.63,,United Kingdom
570688,21212,PACK OF 72 RETROSPOT CAKE CASES,1,2011-10-11 16:29:00,1.25,,United Kingdom
570690,21212,PACK OF 72 RETROSPOT CAKE CASES,1,2011-10-11 16:37:00,1.25,,United Kingdom
570699,85099B,JUMBO BAG RED RETROSPOT,10,2011-10-12 09:20:00,2.08,15421.0,United Kingdom
570703,22197,POPCORN HOLDER,24,2011-10-12 09:50:00,0.85,14911.0,EIRE
570733,85099B,JUMBO BAG RED RETROSPOT,4,2011-10-12 11:33:00,2.08,17190.0,United Kingdom
570791,85099B,JUMBO BAG RED RETROSPOT,3,2011-10-12 11:58:00,2.08,17346.0,United Kingdom
570792,21212,PACK OF 72 RETROSPOT CAKE CASES,24,2011-10-12 12:01:00,0.55,12709.0,Germany
570796,85123A,WHITE HANGING HEART T-LIGHT HOLDER,2,2011-10-12 12:19:00,2.95,16241.0,United Kingdom
570796,85099B,JUMBO BAG RED RETROSPOT,2,2011-10-12 12:19:00,2.08,16241.0,United Kingdom
570797,23166,MEDIUM CERAMIC TOP STORAGE JAR,48,2011-10-12 12:24:00,1.04,15311.0,United Kingdom
570806,84077,WORLD WAR 2 GLIDERS ASSTD DESIGNS,48,2011-10-12 12:42:00,0.29,13115.0,United Kingdom
570818,22197,POPCORN HOLDER,35,2011-10-12 12:47:00,0.85,17841.0,United Kingdom
570818,85099B,JUMBO BAG RED RETROSPOT,1,2011-10-12 12:47:00,2.08,17841.0,United Kingdom
570818,21212,PACK OF 72 RETROSPOT CAKE CASES,1,2011-10-12 12:47:00,0.55,17841.0,United Kingdom
570818,85123A,WHITE HANGING HEART T-LIGHT HOLDER,2,2011-10-12 12:47:00,2.95,17841.0,United Kingdom
570818,85099B,JUMBO BAG RED RETROSPOT,3,2011-10-12 12:47:00,2.08,17841.0,United Kingdom
570830,85123A,WHITE HANGING HEART T-LIGHT HOLDER,6,2011-10-12 13:20:00,2.95,14852.0,United Kingdom
570833,22197,POPCORN HOLDER,24,2011-10-12 13:30:00,0.85,14834.0,United Kingdom
570833,84879,ASSORTED COLOUR BIRD ORNAMENT,16,2011-10-12 13:30:00,1.69,14834.0,United Kingdom
570834,84879,ASSORTED COLOUR BIRD ORNAMENT,8,2011-10-12 13:31:00,1.69,13865.0,United Kingdom
570837,21212,PACK OF 72 RETROSPOT CAKE CASES,24,2011-10-12 13:55:00,0.55,,United Kingdom
570839,85099B,JUMBO BAG RED RETROSPOT,10,2011-10-12 14:08:00,2.08,14911.0,EIRE
570841,85099B,JUMBO BAG RED RETROSPOT,20,2011-10-12 14:18:00,2.08,12553.0,France
570843,84879,ASSORTED COLOUR BIRD ORNAMENT,16,2011-10-12 14:22:00,1.69,17293.0,United Kingdom
570846,22197,POPCORN HOLDER,3,2011-10-12 14:33:00,0.85,13983.0,United Kingdom
570851,22197,POPCORN HOLDER,12,2011-10-12 14:46:00,0.85,12583.0,France
570852,22197,POPCORN HOLDER,100,2011-10-12 14:48:00,0.72,13078.0,United Kingdom
570855,84879,ASSORTED COLOUR BIRD ORNAMENT,8,2011-10-12 14:56:00,1.69,17314.0,United Kingdom
570856,85123A,WHITE HANGING HEART T-LIGHT HOLDER,6,2011-10-12 15:01:00,2.95,13464.0,United Kingdom
570859,84879,ASSORTED COLOUR BIRD ORNAMENT,8,2011-10-12 15:22:00,1.69,18277.0,United Kingdom
570864,85099B,JUMBO BAG RED RETROSPOT,20,2011-10-12 15:41:00,2.08,16945.0,United Kingdom
570871,23166,MEDIUM CERAMIC TOP STORAGE JAR,3,2011-10-12 16:36:00,2.46,,United Kingdom
570871,85123A,WHITE HANGING HEART T-LIGHT HOLDER,3,2011-10-12 16:36:00,5.79,,United Kingdom
570871,84077,WORLD WAR 2 GLIDERS ASSTD DESIGNS,5,2011-10-12 16:36:00,0.63,,United Kingdom
570871,22197,POPCORN HOLDER,1,2011-10-12 16:36:00,1.63,,United Kingdom
570872,23166,MEDIUM CERAMIC TOP STORAGE JAR,1,2011-10-12 16:40:00,2.46,,United Kingdom
570872,85099B,JUMBO BAG RED RETROSPOT,5,2011-10-12 16:40:00,4.13,,United Kingdom
570872,22197,POPCORN HOLDER,11,2011-10-12 16:40:00,1.63,,United Kingdom
570875,85123A,WHITE HANGING HEART T-LIGHT HOLDER,6,2011-10-12 17:00:00,2.95,12667.0,Finland
570875,21212,PACK OF 72 RETROSPOT CAKE CASES,24,2011-10-12 17:00:00,0.55,12667.0,Finland
570876,84077,WORLD WAR 2 GLIDERS ASSTD DESIGNS,48,2011-10-12 17:19:00,0.29,16085.0,United Kingdom
570879,85099B,JUMBO BAG RED RETROSPOT,10,2011-10-13 08:42:00,2.08,12685.0,France
570883,84077,WORLD WAR 2 GLIDERS ASSTD DESIGNS,48,2011-10-13 09:55:00,0.29,13477.0,United Kingdom
570885,85099B,JUMBO BAG RED RETROSPOT,10,2011-10-13 10:20:00,2.08,14211.0,United Kingdom
570886,85099B,JUMBO BAG RED RETROSPOT,160,2011-10-13 10:23:00,1.79,13777.0,United Kingdom
570886,85123A,WHITE HANGING HEART T-LIGHT HOLDER,192,2011-10-13 10:23:00,2.55,13777.0,United Kingdom
570887,85123A,WHITE HANGING HEART T-LIGHT HOLDER,6,2011-10-13 10:25:00,2.95,17169.0,United Kingdom
570896,85099B,JUMBO BAG RED RETROSPOT,10,2011-10-13 10:52:00,2.08,14217.0,United Kingdom
570964,21212,PACK OF 72 RETROSPOT CAKE CASES,48,2011-10-13 11:50:00,0.55,12766.0,Portugal
570983,22197,POPCORN HOLDER,100,2011-10-13 11:57:00,0.72,14963.0,United Kingdom
571006,85099B,JUMBO BAG RED RETROSPOT,10,2011-10-13 12:06:00,2.08,17063.0,United Kingdom
571008,85123A,WHITE HANGING HEART T-LIGHT HOLDER,12,2011-10-13 12:07:00,2.95,17063.0,United Kingdom
571028,85123A,WHITE HANGING HEART T-LIGHT HOLDER,2,2011-10-13 12:21:00,2.95,16770.0,United Kingdom
571030,85099B,JUMBO BAG RED RETROSPOT,10,2011-10-13 12:26:00,2.08,12876.0,Belgium
571030,21212,PACK OF 72 RETROSPOT CAKE CASES,72,2011-10-13 12:26:00,0.55,12876.0,Belgium
571031,85123A,WHITE HANGING HEART T-LIGHT HOLDER,3,2011-10-13 12:30:00,2.95,15005.0,United Kingdom
571032,85123A,WHITE HANGING HEART T-LIGHT HOLDER,1,2011-10-13 12:38:00,2.95,13827.0,United Kingdom
571034,85099B,JUMBO BAG RED RETROSPOT,10,2011-10-13 12:47:00,2.08,12359.0,Cyprus
571035,85099B,JUMBO BAG RED RETROSPOT,10,2011-10-13 12:50:00,2.08,12446.0,RSA
571036,84879,ASSORTED COLOUR BIRD ORNAMENT,32,2011-10-13 12:52:00,1.69,17567.0,United Kingdom
571039,85123A,WHITE HANGING HEART T-LIGHT HOLDER,2,2011-10-13 12:59:00,2.95,16121.0,United Kingdom
571039,85099B,JUMBO BAG RED RETROSPOT,3,2011-10-13 12:59:00,2.08,16121.0,United Kingdom
571040,22197,POPCORN HOLDER,4,2011-10-13 12:59:00,0.85,15272.0,United Kingdom
571039,84879,ASSORTED COLOUR BIRD ORNAMENT,16,2011-10-13 12:59:00,1.69,16121.0,United Kingdom
571039,84879,ASSORTED COLOUR BIRD ORNAMENT,8,2011-10-13 12:59:00,1.69,16121.0,United Kingdom
571046,22197,POPCORN HOLDER,4,2011-10-13 13:35:00,0.85,18096.0,United Kingdom
571046,22197,POPCORN HOLDER,6,2011-10-13 13:35:00,0.85,18096.0,United Kingdom
571046,84077,WORLD WAR 2 GLIDERS ASSTD DESIGNS,48,2011-10-13 13:35:00,0.29,18096.0,United Kingdom
571046,22197,POPCORN HOLDER,12,2011-10-13 13:35:00,0.85,18096.0,United Kingdom
571046,22197,POPCORN HOLDER,7,2011-10-13 13:35:00,0.85,18096.0,United Kingdom
571046,22616,PACK OF 12 LONDON TISSUES ,1,2011-10-13 13:35:00,0.39,18096.0,United Kingdom
571053,21212,PACK OF 72 RETROSPOT CAKE CASES,24,2011-10-13 13:53:00,0.55,12631.0,Finland
571054,84879,ASSORTED COLOUR BIRD ORNAMENT,3,2011-10-13 13:58:00,1.69,14234.0,United Kingdom
571054,84879,ASSORTED COLOUR BIRD ORNAMENT,1,2011-10-13 13:58:00,1.69,14234.0,United Kingdom
571056,85099B,JUMBO BAG RED RETROSPOT,10,2011-10-13 14:10:00,2.08,15367.0,United Kingdom
571061,85099B,JUMBO BAG RED RETROSPOT,13,2011-10-13 14:33:00,4.13,,United Kingdom
571062,85123A,WHITE HANGING HEART T-LIGHT HOLDER,5,2011-10-13 14:37:00,2.95,16773.0,United Kingdom
571069,84879,ASSORTED COLOUR BIRD ORNAMENT,8,2011-10-13 15:15:00,1.69,13668.0,United Kingdom
571081,85123A,WHITE HANGING HEART T-LIGHT HOLDER,3,2011-10-13 15:23:00,2.95,16775.0,United Kingdom
571082,85099B,JUMBO BAG RED RETROSPOT,2,2011-10-13 15:25:00,4.13,,United Kingdom
571082,21212,PACK OF 72 RETROSPOT CAKE CASES,1,2011-10-13 15:25:00,1.25,,United Kingdom
571082,22616,PACK OF 12 LONDON TISSUES ,1,2011-10-13 15:25:00,0.83,,United Kingdom
571098,85123A,WHITE HANGING HEART T-LIGHT HOLDER,2,2011-10-13 15:38:00,2.95,17841.0,United Kingdom
571098,85099B,JUMBO BAG RED RETROSPOT,6,2011-10-13 15:38:00,2.08,17841.0,United Kingdom
571098,23166,MEDIUM CERAMIC TOP STORAGE JAR,6,2011-10-13 15:38:00,1.25,17841.0,United Kingdom
571098,85123A,WHITE HANGING HEART T-LIGHT HOLDER,4,2011-10-13 15:38:00,2.95,17841.0,United Kingdom
571098,85099B,JUMBO BAG RED RETROSPOT,10,2011-10-13 15:38:00,2.08,17841.0,United Kingdom
571101,84879,ASSORTED COLOUR BIRD ORNAMENT,48,2011-10-13 15:49:00,1.69,16570.0,United Kingdom
571104,21212,PACK OF 72 RETROSPOT CAKE CASES,24,2011-10-13 15:58:00,0.55,18130.0,United Kingdom
571108,85123A,WHITE HANGING HEART T-LIGHT HOLDER,11,2011-10-13 16:24:00,2.95,14555.0,United Kingdom
571119,21212,PACK OF 72 RETROSPOT CAKE CASES,19,2011-10-14 09:04:00,2.08,,United Kingdom
571119,22197,POPCORN HOLDER,13,2011-10-14 09:04:00,2.46,,United Kingdom
571120,85123A,WHITE HANGING HEART T-LIGHT HOLDER,64,2011-10-14 09:06:00,2.55,16950.0,United Kingdom
571183,21212,PACK OF 72 RETROSPOT CAKE CASES,2,2011-10-14 11:08:00,0.55,14796.0,United Kingdom
571183,22616,PACK OF 12 LONDON TISSUES ,12,2011-10-14 11:08:00,0.39,14796.0,United Kingdom
571187,21212,PACK OF 72 RETROSPOT CAKE CASES,24,2011-10-14 11:39:00,0.55,12380.0,Belgium
571188,84077,WORLD WAR 2 GLIDERS ASSTD DESIGNS,48,2011-10-14 11:42:00,0.29,12783.0,Portugal
571202,85123A,WHITE HANGING HEART T-LIGHT HOLDER,72,2011-10-14 12:29:00,2.95,14937.0,Channel Islands
571203,85099B,JUMBO BAG RED RETROSPOT,100,2011-10-14 12:33:00,1.79,17677.0,United Kingdom
571205,84879,ASSORTED COLOUR BIRD ORNAMENT,16,2011-10-14 12:41:00,1.69,15620.0,United Kingdom
571214,84879,ASSORTED COLOUR BIRD ORNAMENT,8,2011-10-14 12:56:00,1.69,14390.0,United Kingdom
571214,85099B,JUMBO BAG RED RETROSPOT,10,2011-10-14 12:56:00,2.08,14390.0,United Kingdom
571214,22197,POPCORN HOLDER,24,2011-10-14 12:56:00,0.85,14390.0,United Kingdom
571216,85099B,JUMBO BAG RED RETROSPOT,1,2011-10-14 13:06:00,2.08,16081.0,United Kingdom
571216,85123A,WHITE HANGING HEART T-LIGHT HOLDER,3,2011-10-14 13:06:00,2.95,16081.0,United Kingdom
571219,22197,POPCORN HOLDER,12,2011-10-14 13:35:00,0.85,15601.0,United Kingdom
571219,84879,ASSORTED COLOUR BIRD ORNAMENT,16,2011-10-14 13:35:00,1.69,15601.0,United Kingdom
571221,22197,POPCORN HOLDER,2,2011-10-14 13:35:00,0.85,16416.0,United Kingdom
571228,85123A,WHITE HANGING HEART T-LIGHT HOLDER,12,2011-10-14 14:00:00,2.95,15132.0,United Kingdom
571229,85123A,WHITE HANGING HEART T-LIGHT HOLDER,1,2011-10-14 14:04:00,2.95,15453.0,United Kingdom
571231,22197,POPCORN HOLDER,100,2011-10-14 14:22:00,0.72,15856.0,United Kingdom
571231,85123A,WHITE HANGING HEART T-LIGHT HOLDER,32,2011-10-14 14:22:00,2.55,15856.0,United Kingdom
571235,85099B,JUMBO BAG RED RETROSPOT,20,2011-10-14 14:37:00,2.08,15078.0,United Kingdom
571239,22197,POPCORN HOLDER,100,2011-10-14 14:54:00,0.72,12744.0,Singapore
571240,85099B,JUMBO BAG RED RETROSPOT,10,2011-10-14 14:55:00,2.08,12562.0,France
571243,84879,ASSORTED COLOUR BIRD ORNAMENT,8,2011-10-14 15:26:00,1.69,14595.0,United Kingdom
571247,84879,ASSORTED COLOUR BIRD ORNAMENT,24,2011-10-14 16:04:00,1.69,15826.0,United Kingdom
571257,22197,POPCORN HOLDER,1,2011-10-14 17:17:00,1.63,,United Kingdom
571257,85099B,JUMBO BAG RED RETROSPOT,6,2011-10-14 17:17:00,4.13,,United Kingdom
571257,85123A,WHITE HANGING HEART T-LIGHT HOLDER,3,2011-10-14 17:17:00,5.79,,United Kingdom
571265,84879,ASSORTED COLOUR BIRD ORNAMENT,4,2011-10-16 11:31:00,1.69,16674.0,United Kingdom
571266,22616,PACK OF 12 LONDON TISSUES ,12,2011-10-16 11:41:00,0.39,17769.0,United Kingdom
571266,84879,ASSORTED COLOUR BIRD ORNAMENT,16,2011-10-16 11:41:00,1.69,17769.0,United Kingdom
571274,85123A,WHITE HANGING HEART T-LIGHT HOLDER,12,2011-10-16 12:25:00,2.95,16934.0,United Kingdom
571278,85099B,JUMBO BAG RED RETROSPOT,10,2011-10-16 12:46:00,2.08,14780.0,United Kingdom
571279,85123A,WHITE HANGING HEART T-LIGHT HOLDER,9,2011-10-16 12:54:00,2.95,16466.0,United Kingdom
571280,22197,POPCORN HOLDER,6,2011-10-16 13:08:00,0.85,18122.0,United Kingdom
571283,85123A,WHITE HANGING HEART T-LIGHT HOLDER,3,2011-10-16 13:51:00,2.95,16533.0,United Kingdom
571284,85099B,JUMBO BAG RED RETROSPOT,3,2011-10-16 14:07:00,2.08,14562.0,United Kingdom
571286,85123A,WHITE HANGING HEART T-LIGHT HOLDER,6,2011-10-16 14:35:00,2.95,14547.0,United Kingdom
571286,85099B,JUMBO BAG RED RETROSPOT,3,2011-10-16 14:35:00,2.08,14547.0,United Kingdom
571288,84879,ASSORTED COLOUR BIRD ORNAMENT,24,2011-10-16 15:13:00,1.69,16052.0,United Kingdom
571289,85099B,JUMBO BAG RED RETROSPOT,2,2011-10-16 15:27:00,2.08,15113.0,United Kingdom
571289,21212,PACK OF 72 RETROSPOT CAKE CASES,24,2011-10-16 15:27:00,0.55,15113.0,United Kingdom
571289,84077,WORLD WAR 2 GLIDERS ASSTD DESIGNS,144,2011-10-16 15:27:00,0.29,15113.0,United Kingdom
571289,85123A,WHITE HANGING HEART T-LIGHT HOLDER,25,2011-10-16 15:27:00,2.95,15113.0,United Kingdom
571290,84879,ASSORTED COLOUR BIRD ORNAMENT,16,2011-10-16 15:32:00,1.69,17183.0,United Kingdom
571298,85099B,JUMBO BAG RED RETROSPOT,300,2011-10-17 08:14:00,1.79,15769.0,United Kingdom
571301,84879,ASSORTED COLOUR BIRD ORNAMENT,160,2011-10-17 08:59:00,1.45,15218.0,United Kingdom
571301,85099B,JUMBO BAG RED RETROSPOT,10,2011-10-17 08:59:00,2.08,15218.0,United Kingdom
571305,85099B,JUMBO BAG RED RETROSPOT,4,2011-10-17 09:55:00,4.13,,United Kingdom
571313,22197,POPCORN HOLDER,500,2011-10-17 10:42:00,0.72,14156.0,EIRE
571314,85123A,WHITE HANGING HEART T-LIGHT HOLDER,32,2011-10-17 10:43:00,2.55,14156.0,EIRE
571317,85099B,JUMBO BAG RED RETROSPOT,2,2011-10-17 10:48:00,2.08,17377.0,United Kingdom
571317,21212,PACK OF 72 RETROSPOT CAKE CASES,3,2011-10-17 10:48:00,0.55,17377.0,United Kingdom
571317,21212,PACK OF 72 RETROSPOT CAKE CASES,3,2011-10-17 10:48:00,0.55,17377.0,United Kingdom
571318,21212,PACK OF 72 RETROSPOT CAKE CASES,240,2011-10-17 10:50:00,0.42,17404.0,Sweden
571322,85099B,JUMBO BAG RED RETROSPOT,20,2011-10-17 11:05:00,2.08,13534.0,United Kingdom
571323,85099B,JUMBO BAG RED RETROSPOT,10,2011-10-17 11:07:00,2.08,13534.0,United Kingdom
571328,84879,ASSORTED COLOUR BIRD ORNAMENT,16,2011-10-17 11:27:00,1.69,12473.0,Germany
571360,84879,ASSORTED COLOUR BIRD ORNAMENT,160,2011-10-17 11:51:00,1.45,16563.0,United Kingdom
571404,85123A,WHITE HANGING HEART T-LIGHT HOLDER,6,2011-10-17 12:04:00,2.95,17520.0,United Kingdom
571408,22197,POPCORN HOLDER,2,2011-10-17 12:22:00,0.85,15012.0,United Kingdom
571409,84879,ASSORTED COLOUR BIRD ORNAMENT,16,2011-10-17 12:25:00,1.69,14911.0,EIRE
571418,85123A,WHITE HANGING HEART T-LIGHT HOLDER,5,2011-10-17 12:35:00,2.95,16412.0,United Kingdom
571425,85123A,WHITE HANGING HEART T-LIGHT HOLDER,6,2011-10-17 12:41:00,2.95,14911.0,EIRE
571426,85099B,JUMBO BAG RED RETROSPOT,10,2011-10-17 12:41:00,2.08,15179.0,United Kingdom
571429,22197,POPCORN HOLDER,5,2011-10-17 12:50:00,0.85,15335.0,United Kingdom
571429,84879,ASSORTED COLOUR BIRD ORNAMENT,8,2011-10-17 12:50:00,1.69,15335.0,United Kingdom
571433,23166,MEDIUM CERAMIC TOP STORAGE JAR,12,2011-10-17 13:19:00,1.25,13015.0,United Kingdom
571433,21212,PACK OF 72 RETROSPOT CAKE CASES,24,2011-10-17 13:19:00,0.55,13015.0,United Kingdom
571438,84879,ASSORTED COLOUR BIRD ORNAMENT,8,2011-10-17 13:25:00,1.69,15066.0,United Kingdom
571441,22616,PACK OF 12 LONDON TISSUES ,5,2011-10-17 13:31:00,0.83,14096.0,United Kingdom
571441,85123A,WHITE HANGING HEART T-LIGHT HOLDER,1,2011-10-17 13:31:00,5.79,14096.0,United Kingdom
571441,84077,WORLD WAR 2 GLIDERS ASSTD DESIGNS,15,2011-10-17 13:31:00,0.63,14096.0,United Kingdom
571441,21212,PACK OF 72 RETROSPOT CAKE CASES,4,2011-10-17 13:31:00,1.25,14096.0,United Kingdom
571441,22197,POPCORN HOLDER,5,2011-10-17 13:31:00,1.63,14096.0,United Kingdom
571442,85099B,JUMBO BAG RED RETROSPOT,10,2011-10-17 13:39:00,2.08,17049.0,United Kingdom
571456,22616,PACK OF 12 LONDON TISSUES ,12,2011-10-17 13:57:00,0.39,16729.0,United Kingdom
571456,84879,ASSORTED COLOUR BIRD ORNAMENT,24,2011-10-17 13:57:00,1.69,16729.0,United Kingdom
571461,85123A,WHITE HANGING HEART T-LIGHT HOLDER,2,2011-10-17 14:12:00,2.95,16932.0,United Kingdom
571461,85123A,WHITE HANGING HEART T-LIGHT HOLDER,3,2011-10-17 14:12:00,2.95,16932.0,United Kingdom
571461,22197,POPCORN HOLDER,2,2011-10-17 14:12:00,0.85,16932.0,United Kingdom
571461,22197,POPCORN HOLDER,6,2011-10-17 14:12:00,0.85,16932.0,United Kingdom
571461,85123A,WHITE HANGING HEART T-LIGHT HOLDER,1,2011-10-17 14:12:00,2.95,16932.0,United Kingdom
571465,85099B,JUMBO BAG RED RETROSPOT,11,2011-10-17 14:29:00,2.08,14830.0,United Kingdom
571476,21212,PACK OF 72 RETROSPOT CAKE CASES,4,2011-10-17 14:51:00,0.55,13546.0,United Kingdom
571497,85099B,JUMBO BAG RED RETROSPOT,20,2011-10-17 15:03:00,2.08,14841.0,United Kingdom
571502,85123A,WHITE HANGING HEART T-LIGHT HOLDER,6,2011-10-17 15:18:00,2.95,14422.0,United Kingdom
571508,23166,MEDIUM CERAMIC TOP STORAGE JAR,1,2011-10-17 15:27:00,2.46,,United Kingdom
571508,85099B,JUMBO BAG RED RETROSPOT,2,2011-10-17 15:27:00,4.13,,United Kingdom
571508,85123A,WHITE HANGING HEART T-LIGHT HOLDER,1,2011-10-17 15:27:00,5.79,,United Kingdom
571508,22616,PACK OF 12 LONDON TISSUES ,1,2011-10-17 15:27:00,0.83,,United Kingdom
571508,22197,POPCORN HOLDER,4,2011-10-17 15:27:00,1.63,,United Kingdom
571511,85099B,JUMBO BAG RED RETROSPOT,10,2011-10-17 16:04:00,2.08,15598.0,United Kingdom
571511,85123A,WHITE HANGING HEART T-LIGHT HOLDER,6,2011-10-17 16:04:00,2.95,15598.0,United Kingdom
571544,84077,WORLD WAR 2 GLIDERS ASSTD DESIGNS,48,2011-10-17 16:53:00,0.29,17757.0,United Kingdom
571544,22197,POPCORN HOLDER,10,2011-10-17 16:53:00,0.85,17757.0,United Kingdom
571554,22197,POPCORN HOLDER,21,2011-10-18 09:13:00,2.46,,United Kingdom
571554,21212,PACK OF 72 RETROSPOT CAKE CASES,7,2011-10-18 09:13:00,2.08,,United Kingdom
571555,85099B,JUMBO BAG RED RETROSPOT,10,2011-10-18 09:15:00,2.08,16458.0,United Kingdom
571555,85123A,WHITE HANGING HEART T-LIGHT HOLDER,6,2011-10-18 09:15:00,2.95,16458.0,United Kingdom
571557,85099B,JUMBO BAG RED RETROSPOT,30,2011-10-18 09:25:00,2.08,15678.0,United Kingdom
571559,21212,PACK OF 72 RETROSPOT CAKE CASES,24,2011-10-18 09:32:00,0.55,14911.0,EIRE
571563,85123A,WHITE HANGING HEART T-LIGHT HOLDER,6,2011-10-18 10:07:00,2.95,16249.0,United Kingdom
571595,85099B,JUMBO BAG RED RETROSPOT,40,2011-10-18 10:52:00,2.08,15971.0,United Kingdom
571636,22197,POPCORN HOLDER,24,2011-10-18 11:41:00,0.85,13509.0,United Kingdom
571638,22197,POPCORN HOLDER,12,2011-10-18 11:55:00,0.85,15327.0,United Kingdom
571640,22197,POPCORN HOLDER,70,2011-10-18 12:01:00,0.85,17203.0,United Kingdom
571654,85099B,JUMBO BAG RED RETROSPOT,2,2011-10-18 12:17:00,2.08,18118.0,United Kingdom
571654,85123A,WHITE HANGING HEART T-LIGHT HOLDER,1,2011-10-18 12:17:00,2.95,18118.0,United Kingdom
571658,21212,PACK OF 72 RETROSPOT CAKE CASES,24,2011-10-18 12:48:00,0.55,12621.0,Germany
571665,84879,ASSORTED COLOUR BIRD ORNAMENT,32,2011-10-18 12:59:00,1.69,12540.0,Spain
571667,22197,POPCORN HOLDER,20,2011-10-18 13:04:00,0.85,14554.0,United Kingdom
571667,22197,POPCORN HOLDER,4,2011-10-18 13:04:00,0.85,14554.0,United Kingdom
571668,84879,ASSORTED COLOUR BIRD ORNAMENT,16,2011-10-18 13:10:00,1.69,16515.0,United Kingdom
571670,85099B,JUMBO BAG RED RETROSPOT,10,2011-10-18 13:12:00,2.08,12611.0,Italy
571670,22197,POPCORN HOLDER,12,2011-10-18 13:12:00,0.85,12611.0,Italy
571670,21212,PACK OF 72 RETROSPOT CAKE CASES,24,2011-10-18 13:12:00,0.55,12611.0,Italy
571671,85099B,JUMBO BAG RED RETROSPOT,2,2011-10-18 13:15:00,2.08,16940.0,United Kingdom
571677,22197,POPCORN HOLDER,12,2011-10-18 13:32:00,0.85,13637.0,United Kingdom
571679,85099B,JUMBO BAG RED RETROSPOT,2,2011-10-18 13:41:00,2.08,14159.0,United Kingdom
571682,22197,POPCORN HOLDER,4,2011-10-18 14:00:00,0.85,14179.0,United Kingdom
571682,85099B,JUMBO BAG RED RETROSPOT,1,2011-10-18 14:00:00,2.08,14179.0,United Kingdom
571685,22197,POPCORN HOLDER,100,2011-10-18 14:15:00,0.72,12863.0,United Kingdom
571690,85099B,JUMBO BAG RED RETROSPOT,10,2011-10-18 14:32:00,2.08,14191.0,United Kingdom
571696,23166,MEDIUM CERAMIC TOP STORAGE JAR,12,2011-10-18 14:47:00,1.25,15604.0,United Kingdom
571697,85123A,WHITE HANGING HEART T-LIGHT HOLDER,6,2011-10-18 14:49:00,2.95,12759.0,Netherlands
571709,84077,WORLD WAR 2 GLIDERS ASSTD DESIGNS,48,2011-10-18 15:52:00,0.29,16463.0,United Kingdom
571712,22616,PACK OF 12 LONDON TISSUES ,24,2011-10-18 16:46:00,0.39,14056.0,United Kingdom
571713,23084,RABBIT NIGHT LIGHT,9,2011-10-18 16:58:00,4.13,,United Kingdom
571713,85099B,JUMBO BAG RED RETROSPOT,5,2011-10-18 16:58:00,4.13,,United Kingdom
571713,85123A,WHITE HANGING HEART T-LIGHT HOLDER,2,2011-10-18 16:58:00,5.79,,United Kingdom
571713,21212,PACK OF 72 RETROSPOT CAKE CASES,1,2011-10-18 16:58:00,1.25,,United Kingdom
571714,23084,RABBIT NIGHT LIGHT,4,2011-10-18 17:00:00,4.13,,United Kingdom
571714,22197,POPCORN HOLDER,13,2011-10-18 17:00:00,1.63,,United Kingdom
571715,23166,MEDIUM CERAMIC TOP STORAGE JAR,5,2011-10-18 17:04:00,1.25,17576.0,United Kingdom
571716,23084,RABBIT NIGHT LIGHT,1,2011-10-18 17:05:00,4.13,,United Kingdom
571716,22197,POPCORN HOLDER,2,2011-10-18 17:05:00,1.63,,United Kingdom
571733,84879,ASSORTED COLOUR BIRD ORNAMENT,24,2011-10-19 09:59:00,1.69,16187.0,United Kingdom
571735,84879,ASSORTED COLOUR BIRD ORNAMENT,40,2011-10-19 10:03:00,1.69,14229.0,United Kingdom
571737,85099B,JUMBO BAG RED RETROSPOT,10,2011-10-19 10:31:00,2.08,14367.0,United Kingdom
571741,85099B,JUMBO BAG RED RETROSPOT,10,2011-10-19 10:36:00,2.08,15610.0,United Kingdom
571741,84879,ASSORTED COLOUR BIRD ORNAMENT,8,2011-10-19 10:36:00,1.69,15610.0,United Kingdom
571779,84077,WORLD WAR 2 GLIDERS ASSTD DESIGNS,48,2011-10-19 11:27:00,0.29,12748.0,United Kingdom
571797,85099B,JUMBO BAG RED RETROSPOT,12,2011-10-19 11:41:00,4.13,,United Kingdom
571828,85123A,WHITE HANGING HEART T-LIGHT HOLDER,6,2011-10-19 11:52:00,2.95,16440.0,United Kingdom
571828,22197,POPCORN HOLDER,10,2011-10-19 11:52:00,0.85,16440.0,United Kingdom
571828,22616,PACK OF 12 LONDON TISSUES ,12,2011-10-19 11:52:00,0.39,16440.0,United Kingdom
571841,85123A,WHITE HANGING HEART T-LIGHT HOLDER,2,2011-10-19 12:21:00,2.95,17625.0,United Kingdom
571844,22197,POPCORN HOLDER,24,2011-10-19 12:30:00,0.85,17101.0,United Kingdom
571846,23166,MEDIUM CERAMIC TOP STORAGE JAR,2,2011-10-19 12:35:00,1.25,17841.0,United Kingdom
571852,85099B,JUMBO BAG RED RETROSPOT,10,2011-10-19 13:20:00,2.08,14273.0,United Kingdom
571883,84879,ASSORTED COLOUR BIRD ORNAMENT,2,2011-10-19 13:58:00,1.69,14704.0,United Kingdom
571890,22197,POPCORN HOLDER,12,2011-10-19 14:05:00,0.85,16826.0,United Kingdom
571895,84077,WORLD WAR 2 GLIDERS ASSTD DESIGNS,144,2011-10-19 14:14:00,0.29,17824.0,United Kingdom
571905,85123A,WHITE HANGING HEART T-LIGHT HOLDER,30,2011-10-19 14:51:00,2.95,12370.0,Cyprus
571905,84879,ASSORTED COLOUR BIRD ORNAMENT,24,2011-10-19 14:51:00,1.69,12370.0,Cyprus
571908,84879,ASSORTED COLOUR BIRD ORNAMENT,56,2011-10-19 14:56:00,1.69,15803.0,United Kingdom
571909,84879,ASSORTED COLOUR BIRD ORNAMENT,4,2011-10-19 15:08:00,1.69,15006.0,United Kingdom
571913,85099B,JUMBO BAG RED RETROSPOT,10,2011-10-19 15:29:00,2.08,18210.0,United Kingdom
571917,22197,POPCORN HOLDER,200,2011-10-19 15:46:00,0.72,13078.0,United Kingdom
571931,85123A,WHITE HANGING HEART T-LIGHT HOLDER,1,2011-10-19 16:59:00,5.79,,United Kingdom
571931,85099B,JUMBO BAG RED RETROSPOT,2,2011-10-19 16:59:00,4.13,,United Kingdom
571931,22197,POPCORN HOLDER,1,2011-10-19 16:59:00,1.63,,United Kingdom
571934,84077,WORLD WAR 2 GLIDERS ASSTD DESIGNS,48,2011-10-20 08:21:00,0.29,16170.0,United Kingdom
571936,21212,PACK OF 72 RETROSPOT CAKE CASES,24,2011-10-20 09:04:00,0.55,15814.0,United Kingdom
571937,85099B,JUMBO BAG RED RETROSPOT,10,2011-10-20 09:28:00,2.08,14911.0,EIRE
571943,84879,ASSORTED COLOUR BIRD ORNAMENT,16,2011-10-20 10:10:00,1.69,14638.0,United Kingdom
572021,84879,ASSORTED COLOUR BIRD ORNAMENT,24,2011-10-20 10:57:00,1.69,15664.0,United Kingdom
572023,84879,ASSORTED COLOUR BIRD ORNAMENT,8,2011-10-20 11:03:00,1.69,17764.0,United Kingdom
572023,84879,ASSORTED COLOUR BIRD ORNAMENT,8,2011-10-20 11:03:00,1.69,17764.0,United Kingdom
572028,84077,WORLD WAR 2 GLIDERS ASSTD DESIGNS,48,2011-10-20 11:47:00,0.29,15296.0,United Kingdom
572030,22197,POPCORN HOLDER,12,2011-10-20 11:51:00,0.85,14923.0,United Kingdom
572035,85099B,JUMBO BAG RED RETROSPOT,200,2011-10-20 12:03:00,1.79,14646.0,Netherlands
572036,85099B,JUMBO BAG RED RETROSPOT,15,2011-10-20 12:04:00,2.08,18149.0,United Kingdom
572045,23166,MEDIUM CERAMIC TOP STORAGE JAR,2,2011-10-20 12:11:00,1.25,14527.0,United Kingdom
572048,85099B,JUMBO BAG RED RETROSPOT,100,2011-10-20 12:21:00,1.79,14477.0,United Kingdom
572050,85099B,JUMBO BAG RED RETROSPOT,4,2011-10-20 12:23:00,2.08,17346.0,United Kingdom
572050,84879,ASSORTED COLOUR BIRD ORNAMENT,3,2011-10-20 12:23:00,1.69,17346.0,United Kingdom
572055,85099B,JUMBO BAG RED RETROSPOT,2,2011-10-20 12:34:00,2.08,17346.0,United Kingdom
572058,84879,ASSORTED COLOUR BIRD ORNAMENT,8,2011-10-20 12:43:00,1.69,18252.0,United Kingdom
572058,22616,PACK OF 12 LONDON TISSUES ,12,2011-10-20 12:43:00,0.39,18252.0,United Kingdom
572065,22197,POPCORN HOLDER,3,2011-10-20 13:06:00,0.85,12556.0,Spain
572065,84879,ASSORTED COLOUR BIRD ORNAMENT,1,2011-10-20 13:06:00,1.69,12556.0,Spain
572065,85123A,WHITE HANGING HEART T-LIGHT HOLDER,8,2011-10-20 13:06:00,2.95,12556.0,Spain
572066,84879,ASSORTED COLOUR BIRD ORNAMENT,16,2011-10-20 13:07:00,1.69,15159.0,United Kingdom
572066,21212,PACK OF 72 RETROSPOT CAKE CASES,24,2011-10-20 13:07:00,0.55,15159.0,United Kingdom
572074,84077,WORLD WAR 2 GLIDERS ASSTD DESIGNS,48,2011-10-20 13:54:00,0.29,16284.0,United Kingdom
572079,84879,ASSORTED COLOUR BIRD ORNAMENT,16,2011-10-20 14:11:00,1.69,14484.0,United Kingdom
572082,21212,PACK OF 72 RETROSPOT CAKE CASES,24,2011-10-20 14:18:00,0.55,17672.0,United Kingdom
572082,23166,MEDIUM CERAMIC TOP STORAGE JAR,12,2011-10-20 14:18:00,1.25,17672.0,United Kingdom
572091,85123A,WHITE HANGING HEART T-LIGHT HOLDER,18,2011-10-20 14:40:00,2.95,15129.0,United Kingdom
572098,85099B,JUMBO BAG RED RETROSPOT,10,2011-10-20 15:38:00,2.08,15117.0,United Kingdom
572103,23166,MEDIUM CERAMIC TOP STORAGE JAR,10,2011-10-20 15:57:00,1.25,17571.0,United Kingdom
572107,84879,ASSORTED COLOUR BIRD ORNAMENT,8,2011-10-20 17:13:00,1.69,15836.0,United Kingdom
572108,84879,ASSORTED COLOUR BIRD ORNAMENT,48,2011-10-20 18:08:00,1.69,15814.0,United Kingdom
572121,84077,WORLD WAR 2 GLIDERS ASSTD DESIGNS,48,2011-10-20 19:51:00,0.29,17092.0,United Kingdom
572123,85099B,JUMBO BAG RED RETROSPOT,100,2011-10-21 08:40:00,1.79,14646.0,Netherlands
572126,84879,ASSORTED COLOUR BIRD ORNAMENT,8,2011-10-21 09:04:00,1.69,16313.0,United Kingdom
572127,21212,PACK OF 72 RETROSPOT CAKE CASES,48,2011-10-21 09:20:00,0.55,14911.0,EIRE
572127,22197,POPCORN HOLDER,36,2011-10-21 09:20:00,0.85,14911.0,EIRE
572185,21212,PACK OF 72 RETROSPOT CAKE CASES,1,2011-10-21 10:52:00,2.08,,United Kingdom
572185,22197,POPCORN HOLDER,2,2011-10-21 10:52:00,2.46,,United Kingdom
572192,85123A,WHITE HANGING HEART T-LIGHT HOLDER,3,2011-10-21 11:30:00,2.95,18118.0,United Kingdom
572212,84077,WORLD WAR 2 GLIDERS ASSTD DESIGNS,288,2011-10-21 12:25:00,0.21,13918.0,United Kingdom
572216,84077,WORLD WAR 2 GLIDERS ASSTD DESIGNS,48,2011-10-21 12:56:00,0.29,16015.0,United Kingdom
572216,85123A,WHITE HANGING HEART T-LIGHT HOLDER,2,2011-10-21 12:56:00,2.95,16015.0,United Kingdom
572219,85099B,JUMBO BAG RED RETROSPOT,2,2011-10-21 13:17:00,2.08,17463.0,United Kingdom
572219,85123A,WHITE HANGING HEART T-LIGHT HOLDER,2,2011-10-21 13:17:00,2.95,17463.0,United Kingdom
572221,85099B,JUMBO BAG RED RETROSPOT,20,2011-10-21 13:27:00,2.08,17086.0,United Kingdom
572222,22616,PACK OF 12 LONDON TISSUES ,600,2011-10-21 13:27:00,0.32,17940.0,United Kingdom
572225,84077,WORLD WAR 2 GLIDERS ASSTD DESIGNS,96,2011-10-21 13:50:00,0.29,13157.0,United Kingdom
572229,22197,POPCORN HOLDER,24,2011-10-21 14:23:00,0.85,14329.0,United Kingdom
572237,84879,ASSORTED COLOUR BIRD ORNAMENT,8,2011-10-21 14:49:00,1.69,15152.0,United Kingdom
572240,85123A,WHITE HANGING HEART T-LIGHT HOLDER,6,2011-10-21 15:18:00,2.95,13709.0,United Kingdom
572280,22197,POPCORN HOLDER,6,2011-10-23 11:05:00,0.85,16007.0,United Kingdom
572280,21212,PACK OF 72 RETROSPOT CAKE CASES,2,2011-10-23 11:05:00,0.55,16007.0,United Kingdom
572281,85123A,WHITE HANGING HEART T-LIGHT HOLDER,6,2011-10-23 11:10:00,2.95,17211.0,United Kingdom
572282,22197,POPCORN HOLDER,6,2011-10-23 11:39:00,0.85,17634.0,United Kingdom
572283,84879,ASSORTED COLOUR BIRD ORNAMENT,4,2011-10-23 11:42:00,1.69,15000.0,United Kingdom
572287,84879,ASSORTED COLOUR BIRD ORNAMENT,8,2011-10-23 12:26:00,1.69,15584.0,United Kingdom
572288,85099B,JUMBO BAG RED RETROSPOT,2,2011-10-23 12:28:00,2.08,17377.0,United Kingdom
572289,85123A,WHITE HANGING HEART T-LIGHT HOLDER,2,2011-10-23 12:37:00,2.95,13782.0,United Kingdom
572291,85123A,WHITE HANGING HEART T-LIGHT HOLDER,6,2011-10-23 12:46:00,2.95,16931.0,United Kingdom
572294,85099B,JUMBO BAG RED RETROSPOT,4,2011-10-23 13:10:00,2.08,13471.0,United Kingdom
572294,21212,PACK OF 72 RETROSPOT CAKE CASES,24,2011-10-23 13:10:00,0.55,13471.0,United Kingdom
572296,85099B,JUMBO BAG RED RETROSPOT,1,2011-10-23 14:28:00,2.08,13598.0,United Kingdom
572297,85123A,WHITE HANGING HEART T-LIGHT HOLDER,32,2011-10-23 14:30:00,2.55,15953.0,United Kingdom
572302,84077,WORLD WAR 2 GLIDERS ASSTD DESIGNS,48,2011-10-23 14:47:00,0.29,15427.0,United Kingdom
572303,85123A,WHITE HANGING HEART T-LIGHT HOLDER,3,2011-10-23 14:56:00,2.95,18109.0,United Kingdom
572304,85123A,WHITE HANGING HEART T-LIGHT HOLDER,4,2011-10-23 15:07:00,2.95,17131.0,United Kingdom
572306,85123A,WHITE HANGING HEART T-LIGHT HOLDER,2,2011-10-23 15:11:00,2.95,17841.0,United Kingdom
572309,84879,ASSORTED COLOUR BIRD ORNAMENT,7,2011-10-23 15:29:00,1.69,14432.0,United Kingdom
572309,85123A,WHITE HANGING HEART T-LIGHT HOLDER,8,2011-10-23 15:29:00,2.95,14432.0,United Kingdom
572311,84879,ASSORTED COLOUR BIRD ORNAMENT,32,2011-10-23 15:45:00,1.69,14035.0,United Kingdom
572315,84879,ASSORTED COLOUR BIRD ORNAMENT,8,2011-10-23 16:00:00,1.69,14504.0,United Kingdom
572318,23166,MEDIUM CERAMIC TOP STORAGE JAR,1,2011-10-23 16:19:00,1.25,15436.0,United Kingdom
572318,21212,PACK OF 72 RETROSPOT CAKE CASES,1,2011-10-23 16:19:00,0.55,15436.0,United Kingdom
572318,21212,PACK OF 72 RETROSPOT CAKE CASES,1,2011-10-23 16:19:00,0.55,15436.0,United Kingdom
572320,23166,MEDIUM CERAMIC TOP STORAGE JAR,12,2011-10-24 08:48:00,1.25,16325.0,United Kingdom
572320,84879,ASSORTED COLOUR BIRD ORNAMENT,8,2011-10-24 08:48:00,1.69,16325.0,United Kingdom
572321,84077,WORLD WAR 2 GLIDERS ASSTD DESIGNS,48,2011-10-24 08:59:00,0.29,15592.0,United Kingdom
572326,85099B,JUMBO BAG RED RETROSPOT,100,2011-10-24 09:55:00,1.79,14607.0,United Kingdom
572327,84077,WORLD WAR 2 GLIDERS ASSTD DESIGNS,48,2011-10-24 10:08:00,0.29,15277.0,United Kingdom
572332,22197,POPCORN HOLDER,100,2011-10-24 10:20:00,0.72,17186.0,United Kingdom
572336,22197,POPCORN HOLDER,36,2011-10-24 10:29:00,0.85,13523.0,United Kingdom
572337,85099B,JUMBO BAG RED RETROSPOT,100,2011-10-24 10:30:00,1.79,14607.0,United Kingdom
572399,85123A,WHITE HANGING HEART T-LIGHT HOLDER,6,2011-10-24 11:56:00,2.95,15628.0,United Kingdom
572447,85099B,JUMBO BAG RED RETROSPOT,3,2011-10-24 12:25:00,2.08,17811.0,United Kingdom
572451,85099B,JUMBO BAG RED RETROSPOT,40,2011-10-24 12:36:00,2.08,12921.0,United Kingdom
572451,84879,ASSORTED COLOUR BIRD ORNAMENT,24,2011-10-24 12:36:00,1.69,12921.0,United Kingdom
572459,85123A,WHITE HANGING HEART T-LIGHT HOLDER,60,2011-10-24 12:53:00,2.55,14911.0,EIRE
572460,85099B,JUMBO BAG RED RETROSPOT,20,2011-10-24 12:54:00,2.08,17001.0,United Kingdom
572461,85123A,WHITE HANGING HEART T-LIGHT HOLDER,1,2011-10-24 12:56:00,2.95,17344.0,United Kingdom
572472,84077,WORLD WAR 2 GLIDERS ASSTD DESIGNS,48,2011-10-24 13:34:00,0.29,14139.0,United Kingdom
572484,21212,PACK OF 72 RETROSPOT CAKE CASES,4,2011-10-24 13:50:00,0.55,17220.0,United Kingdom
572483,22197,POPCORN HOLDER,30,2011-10-24 13:50:00,0.85,16444.0,United Kingdom
572484,22197,POPCORN HOLDER,10,2011-10-24 13:50:00,0.85,17220.0,United Kingdom
572490,21212,PACK OF 72 RETROSPOT CAKE CASES,4,2011-10-24 13:59:00,0.55,14467.0,United Kingdom
572499,22197,POPCORN HOLDER,12,2011-10-24 14:10:00,0.85,15786.0,United Kingdom
572512,84077,WORLD WAR 2 GLIDERS ASSTD DESIGNS,48,2011-10-24 14:35:00,0.29,15806.0,United Kingdom
572513,22616,PACK OF 12 LONDON TISSUES ,12,2011-10-24 14:36:00,0.39,16728.0,United Kingdom
572540,85099B,JUMBO BAG RED RETROSPOT,20,2011-10-24 16:17:00,4.13,,United Kingdom
572542,84077,WORLD WAR 2 GLIDERS ASSTD DESIGNS,48,2011-10-24 16:20:00,0.29,17272.0,United Kingdom
572542,22616,PACK OF 12 LONDON TISSUES ,24,2011-10-24 16:20:00,0.39,17272.0,United Kingdom
572541,21212,PACK OF 72 RETROSPOT CAKE CASES,2,2011-10-24 16:20:00,0.55,17315.0,United Kingdom
572542,22197,POPCORN HOLDER,24,2011-10-24 16:20:00,0.85,17272.0,United Kingdom
572544,84879,ASSORTED COLOUR BIRD ORNAMENT,8,2011-10-24 16:34:00,1.69,16023.0,United Kingdom
572544,23166,MEDIUM CERAMIC TOP STORAGE JAR,6,2011-10-24 16:34:00,1.25,16023.0,United Kingdom
572544,85099B,JUMBO BAG RED RETROSPOT,2,2011-10-24 16:34:00,2.08,16023.0,United Kingdom
572549,84879,ASSORTED COLOUR BIRD ORNAMENT,8,2011-10-24 17:03:00,3.12,,United Kingdom
572549,22616,PACK OF 12 LONDON TISSUES ,1,2011-10-24 17:03:00,0.83,,United Kingdom
572549,22197,POPCORN HOLDER,1,2011-10-24 17:03:00,1.63,,United Kingdom
572550,85099B,JUMBO BAG RED RETROSPOT,1,2011-10-24 17:06:00,4.13,,United Kingdom
572550,22197,POPCORN HOLDER,2,2011-10-24 17:06:00,1.63,,United Kingdom
572552,85123A,WHITE HANGING HEART T-LIGHT HOLDER,2,2011-10-24 17:07:00,5.79,14096.0,United Kingdom
572552,85099B,JUMBO BAG RED RETROSPOT,1,2011-10-24 17:07:00,4.13,14096.0,United Kingdom
572552,21212,PACK OF 72 RETROSPOT CAKE CASES,4,2011-10-24 17:07:00,1.25,14096.0,United Kingdom
572552,22197,POPCORN HOLDER,17,2011-10-24 17:07:00,1.63,14096.0,United Kingdom
572553,85123A,WHITE HANGING HEART T-LIGHT HOLDER,7,2011-10-24 17:09:00,5.79,,United Kingdom
572553,84879,ASSORTED COLOUR BIRD ORNAMENT,80,2011-10-24 17:09:00,3.12,,United Kingdom
572561,84077,WORLD WAR 2 GLIDERS ASSTD DESIGNS,48,2011-10-25 08:51:00,0.29,13652.0,United Kingdom
572567,21212,PACK OF 72 RETROSPOT CAKE CASES,24,2011-10-25 10:27:00,0.55,12398.0,Switzerland
572568,84879,ASSORTED COLOUR BIRD ORNAMENT,32,2011-10-25 10:31:00,1.69,14001.0,United Kingdom
572569,21212,PACK OF 72 RETROSPOT CAKE CASES,6,2011-10-25 10:32:00,0.55,17870.0,United Kingdom
572652,85099B,JUMBO BAG RED RETROSPOT,10,2011-10-25 12:11:00,2.08,15805.0,United Kingdom
572652,84879,ASSORTED COLOUR BIRD ORNAMENT,8,2011-10-25 12:11:00,1.69,15805.0,United Kingdom
572653,21212,PACK OF 72 RETROSPOT CAKE CASES,2,2011-10-25 12:12:00,0.55,15861.0,United Kingdom
572653,22197,POPCORN HOLDER,28,2011-10-25 12:12:00,0.85,15861.0,United Kingdom
572660,23166,MEDIUM CERAMIC TOP STORAGE JAR,3,2011-10-25 12:30:00,1.25,14527.0,United Kingdom
572664,22197,POPCORN HOLDER,100,2011-10-25 12:56:00,0.72,16401.0,United Kingdom
572669,85123A,WHITE HANGING HEART T-LIGHT HOLDER,4,2011-10-25 13:10:00,2.95,16549.0,United Kingdom
572669,21212,PACK OF 72 RETROSPOT CAKE CASES,3,2011-10-25 13:10:00,0.55,16549.0,United Kingdom
572673,85099B,JUMBO BAG RED RETROSPOT,10,2011-10-25 13:16:00,2.08,13309.0,United Kingdom
572676,85099B,JUMBO BAG RED RETROSPOT,10,2011-10-25 13:30:00,2.08,16258.0,United Kingdom
572681,85099B,JUMBO BAG RED RETROSPOT,10,2011-10-25 13:51:00,2.08,13510.0,United Kingdom
572688,85099B,JUMBO BAG RED RETROSPOT,10,2011-10-25 14:09:00,2.08,13028.0,United Kingdom
572703,21212,PACK OF 72 RETROSPOT CAKE CASES,2,2011-10-25 14:35:00,0.55,16110.0,United Kingdom
572703,23166,MEDIUM CERAMIC TOP STORAGE JAR,3,2011-10-25 14:35:00,1.25,16110.0,United Kingdom
572704,22197,POPCORN HOLDER,11,2011-10-25 14:39:00,2.46,,United Kingdom
572720,84879,ASSORTED COLOUR BIRD ORNAMENT,24,2011-10-25 15:04:00,1.69,13978.0,United Kingdom
572721,84879,ASSORTED COLOUR BIRD ORNAMENT,16,2011-10-25 15:07:00,1.69,16201.0,United Kingdom
572732,22616,PACK OF 12 LONDON TISSUES ,36,2011-10-25 15:21:00,0.39,18079.0,United Kingdom
572732,21212,PACK OF 72 RETROSPOT CAKE CASES,24,2011-10-25 15:21:00,0.55,18079.0,United Kingdom
572735,85123A,WHITE HANGING HEART T-LIGHT HOLDER,6,2011-10-25 15:36:00,2.95,15630.0,United Kingdom
572742,85099B,JUMBO BAG RED RETROSPOT,10,2011-10-25 15:48:00,2.08,14341.0,United Kingdom
572743,22197,POPCORN HOLDER,100,2011-10-25 16:13:00,0.72,14482.0,United Kingdom
572743,85099B,JUMBO BAG RED RETROSPOT,100,2011-10-25 16:13:00,1.79,14482.0,United Kingdom
572746,85123A,WHITE HANGING HEART T-LIGHT HOLDER,2,2011-10-25 16:30:00,2.95,13263.0,United Kingdom
572755,22197,POPCORN HOLDER,6,2011-10-25 17:31:00,0.85,13601.0,United Kingdom
572755,85123A,WHITE HANGING HEART T-LIGHT HOLDER,3,2011-10-25 17:31:00,2.95,13601.0,United Kingdom
572758,85099B,JUMBO BAG RED RETROSPOT,1,2011-10-25 18:39:00,4.13,,United Kingdom
572758,85123A,WHITE HANGING HEART T-LIGHT HOLDER,1,2011-10-25 18:39:00,5.79,,United Kingdom
572758,22197,POPCORN HOLDER,6,2011-10-25 18:39:00,1.63,,United Kingdom
572764,22197,POPCORN HOLDER,12,2011-10-26 09:58:00,0.85,15110.0,United Kingdom
572767,21212,PACK OF 72 RETROSPOT CAKE CASES,24,2011-10-26 10:11:00,0.55,17865.0,United Kingdom
572772,84879,ASSORTED COLOUR BIRD ORNAMENT,160,2011-10-26 10:29:00,1.45,17511.0,United Kingdom
572811,85099B,JUMBO BAG RED RETROSPOT,10,2011-10-26 11:14:00,2.08,16071.0,United Kingdom
572811,85123A,WHITE HANGING HEART T-LIGHT HOLDER,6,2011-10-26 11:14:00,2.95,16071.0,United Kingdom
572837,84879,ASSORTED COLOUR BIRD ORNAMENT,8,2011-10-26 12:01:00,1.69,14754.0,United Kingdom
572843,85099B,JUMBO BAG RED RETROSPOT,10,2011-10-26 12:06:00,2.08,14315.0,United Kingdom
572846,21212,PACK OF 72 RETROSPOT CAKE CASES,12,2011-10-26 12:14:00,0.55,14550.0,United Kingdom
572847,23084,RABBIT NIGHT LIGHT,1,2011-10-26 12:15:00,2.08,14606.0,United Kingdom
572857,23084,RABBIT NIGHT LIGHT,72,2011-10-26 12:31:00,1.79,16701.0,United Kingdom
572858,22197,POPCORN HOLDER,15,2011-10-26 12:36:00,0.85,13571.0,United Kingdom
572866,85099B,JUMBO BAG RED RETROSPOT,3,2011-10-26 13:07:00,2.08,15005.0,United Kingdom
572866,22197,POPCORN HOLDER,12,2011-10-26 13:07:00,0.85,15005.0,United Kingdom
572869,23084,RABBIT NIGHT LIGHT,960,2011-10-26 13:21:00,1.79,12798.0,Japan
572870,23084,RABBIT NIGHT LIGHT,24,2011-10-26 13:22:00,1.79,13408.0,United Kingdom
572875,23084,RABBIT NIGHT LIGHT,12,2011-10-26 13:31:00,1.67,17706.0,United Kingdom
572882,85099B,JUMBO BAG RED RETROSPOT,10,2011-10-26 13:36:00,2.08,18226.0,United Kingdom
572886,21212,PACK OF 72 RETROSPOT CAKE CASES,24,2011-10-26 13:46:00,0.55,12448.0,Spain
572889,84077,WORLD WAR 2 GLIDERS ASSTD DESIGNS,48,2011-10-26 13:56:00,0.29,12748.0,United Kingdom
572892,84077,WORLD WAR 2 GLIDERS ASSTD DESIGNS,48,2011-10-26 14:20:00,0.29,17017.0,United Kingdom
572896,84879,ASSORTED COLOUR BIRD ORNAMENT,32,2011-10-26 14:41:00,1.69,12456.0,Switzerland
572897,22616,PACK OF 12 LONDON TISSUES ,1,2011-10-26 14:42:00,0.79,,United Kingdom
572897,85099B,JUMBO BAG RED RETROSPOT,15,2011-10-26 14:42:00,4.13,,United Kingdom
572900,23084,RABBIT NIGHT LIGHT,60,2011-10-26 14:52:00,1.79,13107.0,United Kingdom
572905,84879,ASSORTED COLOUR BIRD ORNAMENT,8,2011-10-26 15:39:00,1.69,14690.0,United Kingdom
572910,23084,RABBIT NIGHT LIGHT,20,2011-10-26 15:58:00,2.08,15990.0,United Kingdom
572911,84879,ASSORTED COLOUR BIRD ORNAMENT,8,2011-10-26 16:03:00,1.69,16345.0,United Kingdom
572911,84879,ASSORTED COLOUR BIRD ORNAMENT,1,2011-10-26 16:03:00,1.69,16345.0,United Kingdom
572912,23084,RABBIT NIGHT LIGHT,2,2011-10-26 16:07:00,2.08,16915.0,United Kingdom
572913,85123A,WHITE HANGING HEART T-LIGHT HOLDER,4,2011-10-26 16:21:00,2.95,15993.0,United Kingdom
572913,84077,WORLD WAR 2 GLIDERS ASSTD DESIGNS,48,2011-10-26 16:21:00,0.29,15993.0,United Kingdom
572918,85123A,WHITE HANGING HEART T-LIGHT HOLDER,1,2011-10-26 16:43:00,2.95,14379.0,United Kingdom
572918,85123A,WHITE HANGING HEART T-LIGHT HOLDER,6,2011-10-26 16:43:00,2.95,14379.0,United Kingdom
572921,23084,RABBIT NIGHT LIGHT,6,2011-10-26 16:57:00,2.08,15993.0,United Kingdom
572921,22197,POPCORN HOLDER,4,2011-10-26 16:57:00,0.85,15993.0,United Kingdom
572930,85123A,WHITE HANGING HEART T-LIGHT HOLDER,12,2011-10-27 10:01:00,2.95,17613.0,United Kingdom
572932,85099B,JUMBO BAG RED RETROSPOT,10,2011-10-27 10:14:00,2.08,15791.0,United Kingdom
572935,84077,WORLD WAR 2 GLIDERS ASSTD DESIGNS,48,2011-10-27 10:26:00,0.29,14189.0,United Kingdom
572992,23084,RABBIT NIGHT LIGHT,48,2011-10-27 10:57:00,1.79,12681.0,France
573003,23084,RABBIT NIGHT LIGHT,2400,2011-10-27 12:11:00,2.08,14646.0,Netherlands
573006,84879,ASSORTED COLOUR BIRD ORNAMENT,16,2011-10-27 12:16:00,1.69,16232.0,United Kingdom
573007,23084,RABBIT NIGHT LIGHT,12,2011-10-27 12:22:00,2.08,16009.0,United Kingdom
573008,84077,WORLD WAR 2 GLIDERS ASSTD DESIGNS,4800,2011-10-27 12:26:00,0.21,12901.0,United Kingdom
573019,21212,PACK OF 72 RETROSPOT CAKE CASES,24,2011-10-27 12:33:00,0.55,15145.0,United Kingdom
573020,23084,RABBIT NIGHT LIGHT,6,2011-10-27 12:37:00,2.08,14842.0,United Kingdom
573020,84879,ASSORTED COLOUR BIRD ORNAMENT,8,2011-10-27 12:37:00,1.69,14842.0,United Kingdom
573027,85099B,JUMBO BAG RED RETROSPOT,20,2011-10-27 13:26:00,2.08,18225.0,United Kingdom
573027,85123A,WHITE HANGING HEART T-LIGHT HOLDER,24,2011-10-27 13:26:00,2.95,18225.0,United Kingdom
573029,23084,RABBIT NIGHT LIGHT,2,2011-10-27 13:33:00,2.08,14971.0,United Kingdom
573035,23166,MEDIUM CERAMIC TOP STORAGE JAR,12,2011-10-27 13:43:00,1.25,12433.0,Norway
573036,23084,RABBIT NIGHT LIGHT,24,2011-10-27 13:44:00,1.79,12437.0,France
573068,85099B,JUMBO BAG RED RETROSPOT,1,2011-10-27 13:56:00,2.08,17545.0,United Kingdom
573069,23084,RABBIT NIGHT LIGHT,30,2011-10-27 13:58:00,1.79,18077.0,United Kingdom
573074,22197,POPCORN HOLDER,12,2011-10-27 14:03:00,0.85,16265.0,United Kingdom
573076,85123A,WHITE HANGING HEART T-LIGHT HOLDER,6,2011-10-27 14:05:00,2.95,13488.0,United Kingdom
573078,22197,POPCORN HOLDER,12,2011-10-27 14:13:00,0.85,12839.0,United Kingdom
573078,85099B,JUMBO BAG RED RETROSPOT,10,2011-10-27 14:13:00,2.08,12839.0,United Kingdom
573082,85123A,WHITE HANGING HEART T-LIGHT HOLDER,36,2011-10-27 14:21:00,2.55,17173.0,United Kingdom
573083,22616,PACK OF 12 LONDON TISSUES ,11,2011-10-27 14:22:00,0.39,13735.0,United Kingdom
573083,23084,RABBIT NIGHT LIGHT,6,2011-10-27 14:22:00,2.08,13735.0,United Kingdom
573093,22197,POPCORN HOLDER,3,2011-10-27 14:38:00,0.85,18283.0,United Kingdom
573094,23084,RABBIT NIGHT LIGHT,6,2011-10-27 14:39:00,2.08,15707.0,United Kingdom
573094,22616,PACK OF 12 LONDON TISSUES ,4,2011-10-27 14:39:00,0.39,15707.0,United Kingdom
573109,23084,RABBIT NIGHT LIGHT,12,2011-10-27 15:19:00,2.08,15144.0,United Kingdom
573111,23084,RABBIT NIGHT LIGHT,72,2011-10-27 15:25:00,1.79,17677.0,United Kingdom
573116,85123A,WHITE HANGING HEART T-LIGHT HOLDER,32,2011-10-27 15:49:00,2.55,14525.0,United Kingdom
573122,21212,PACK OF 72 RETROSPOT CAKE CASES,3,2011-10-27 16:23:00,0.55,14357.0,United Kingdom
573126,21212,PACK OF 72 RETROSPOT CAKE CASES,24,2011-10-27 16:32:00,0.55,15738.0,United Kingdom
573130,22197,POPCORN HOLDER,12,2011-10-27 16:41:00,0.85,13969.0,United Kingdom
573135,84879,ASSORTED COLOUR BIRD ORNAMENT,8,2011-10-27 17:00:00,1.69,12952.0,United Kingdom
573137,23166,MEDIUM CERAMIC TOP STORAGE JAR,5,2011-10-27 17:15:00,2.46,,United Kingdom
573137,85123A,WHITE HANGING HEART T-LIGHT HOLDER,1,2011-10-27 17:15:00,5.79,,United Kingdom
573137,22197,POPCORN HOLDER,3,2011-10-27 17:15:00,1.63,,United Kingdom
573143,23084,RABBIT NIGHT LIGHT,24,2011-10-27 17:56:00,1.79,13098.0,United Kingdom
573144,23084,RABBIT NIGHT LIGHT,1,2011-10-27 17:57:00,2.08,18035.0,United Kingdom
573144,23084,RABBIT NIGHT LIGHT,4,2011-10-27 17:57:00,2.08,18035.0,United Kingdom
573145,84879,ASSORTED COLOUR BIRD ORNAMENT,8,2011-10-27 18:02:00,1.69,18219.0,United Kingdom
573145,85123A,WHITE HANGING HEART T-LIGHT HOLDER,6,2011-10-27 18:02:00,2.95,18219.0,United Kingdom
573150,22197,POPCORN HOLDER,5,2011-10-27 20:07:00,0.85,15014.0,United Kingdom
573151,21212,PACK OF 72 RETROSPOT CAKE CASES,6,2011-10-27 20:09:00,0.55,17602.0,United Kingdom
573151,22616,PACK OF 12 LONDON TISSUES ,12,2011-10-27 20:09:00,0.39,17602.0,United Kingdom
573152,21212,PACK OF 72 RETROSPOT CAKE CASES,4,2011-10-27 20:16:00,0.55,17530.0,United Kingdom
573153,23084,RABBIT NIGHT LIGHT,912,2011-10-28 07:39:00,1.79,12678.0,France
573153,22616,PACK OF 12 LONDON TISSUES ,120,2011-10-28 07:39:00,0.39,12678.0,France
573155,84879,ASSORTED COLOUR BIRD ORNAMENT,16,2011-10-28 08:34:00,1.69,13632.0,United Kingdom
573162,23084,RABBIT NIGHT LIGHT,120,2011-10-28 09:01:00,1.79,15611.0,United Kingdom
573171,85123A,WHITE HANGING HEART T-LIGHT HOLDER,6,2011-10-28 10:00:00,2.95,14218.0,United Kingdom
573175,22197,POPCORN HOLDER,12,2011-10-28 10:27:00,0.85,15096.0,United Kingdom
573183,22616,PACK OF 12 LONDON TISSUES ,48,2011-10-28 11:33:00,0.39,15028.0,United Kingdom
573230,23084,RABBIT NIGHT LIGHT,48,2011-10-28 11:55:00,1.79,13199.0,United Kingdom
573248,21212,PACK OF 72 RETROSPOT CAKE CASES,2,2011-10-28 12:09:00,0.55,14498.0,United Kingdom
573261,22197,POPCORN HOLDER,1992,2011-10-28 12:32:00,0.72,17949.0,United Kingdom
573263,21212,PACK OF 72 RETROSPOT CAKE CASES,240,2011-10-28 12:34:00,0.42,13694.0,United Kingdom
573265,84879,ASSORTED COLOUR BIRD ORNAMENT,8,2011-10-28 12:39:00,1.69,16150.0,United Kingdom
573267,23084,RABBIT NIGHT LIGHT,1,2011-10-28 12:44:00,2.08,,United Kingdom
573270,85099B,JUMBO BAG RED RETROSPOT,10,2011-10-28 13:00:00,2.08,17418.0,United Kingdom
573270,85123A,WHITE HANGING HEART T-LIGHT HOLDER,6,2011-10-28 13:00:00,2.95,17418.0,United Kingdom
573269,85099B,JUMBO BAG RED RETROSPOT,1,2011-10-28 13:00:00,2.08,16764.0,United Kingdom
573272,22197,POPCORN HOLDER,48,2011-10-28 13:02:00,0.85,13102.0,United Kingdom
573272,22616,PACK OF 12 LONDON TISSUES ,24,2011-10-28 13:02:00,0.39,13102.0,United Kingdom
573272,23084,RABBIT NIGHT LIGHT,144,2011-10-28 13:02:00,1.79,13102.0,United Kingdom
573274,22197,POPCORN HOLDER,13,2011-10-28 13:10:00,2.46,,United Kingdom
573279,85123A,WHITE HANGING HEART T-LIGHT HOLDER,64,2011-10-28 13:22:00,2.55,16107.0,United Kingdom
573279,23084,RABBIT NIGHT LIGHT,120,2011-10-28 13:22:00,1.79,16107.0,United Kingdom
573286,84879,ASSORTED COLOUR BIRD ORNAMENT,1,2011-10-28 14:38:00,1.69,,Switzerland
573286,85123A,WHITE HANGING HEART T-LIGHT HOLDER,4,2011-10-28 14:38:00,2.95,,Switzerland
573286,85123A,WHITE HANGING HEART T-LIGHT HOLDER,2,2011-10-28 14:38:00,2.95,,Switzerland
573287,84879,ASSORTED COLOUR BIRD ORNAMENT,8,2011-10-28 14:42:00,1.69,14194.0,United Kingdom
573291,84879,ASSORTED COLOUR BIRD ORNAMENT,8,2011-10-28 14:51:00,1.69,16554.0,United Kingdom
573292,23084,RABBIT NIGHT LIGHT,120,2011-10-28 15:10:00,1.79,14416.0,United Kingdom
573292,84879,ASSORTED COLOUR BIRD ORNAMENT,8,2011-10-28 15:10:00,1.69,14416.0,United Kingdom
573300,23084,RABBIT NIGHT LIGHT,4,2011-10-28 16:10:00,2.08,16049.0,United Kingdom
573300,85099B,JUMBO BAG RED RETROSPOT,1,2011-10-28 16:10:00,2.08,16049.0,United Kingdom
573300,21212,PACK OF 72 RETROSPOT CAKE CASES,2,2011-10-28 16:10:00,0.55,16049.0,United Kingdom
573300,85123A,WHITE HANGING HEART T-LIGHT HOLDER,1,2011-10-28 16:10:00,2.95,16049.0,United Kingdom
573305,85123A,WHITE HANGING HEART T-LIGHT HOLDER,5,2011-10-28 16:13:00,2.95,17837.0,United Kingdom
573311,85123A,WHITE HANGING HEART T-LIGHT HOLDER,2,2011-10-28 16:45:00,2.95,14071.0,United Kingdom
573323,85123A,WHITE HANGING HEART T-LIGHT HOLDER,14,2011-10-30 10:54:00,2.95,15708.0,United Kingdom
573324,84879,ASSORTED COLOUR BIRD ORNAMENT,8,2011-10-30 10:56:00,1.69,16235.0,United Kingdom
573326,21212,PACK OF 72 RETROSPOT CAKE CASES,24,2011-10-30 11:08:00,0.55,15298.0,United Kingdom
573327,23084,RABBIT NIGHT LIGHT,6,2011-10-30 11:09:00,2.08,15298.0,United Kingdom
573329,85099B,JUMBO BAG RED RETROSPOT,4,2011-10-30 11:19:00,2.08,14810.0,United Kingdom
573330,85123A,WHITE HANGING HEART T-LIGHT HOLDER,4,2011-10-30 11:22:00,2.95,16923.0,United Kingdom
573333,23084,RABBIT NIGHT LIGHT,24,2011-10-30 11:34:00,1.79,12483.0,Sweden
573334,23084,RABBIT NIGHT LIGHT,24,2011-10-30 11:35:00,1.79,12912.0,United Kingdom
573338,85123A,WHITE HANGING HEART T-LIGHT HOLDER,4,2011-10-30 11:47:00,2.95,14546.0,United Kingdom
573340,21212,PACK OF 72 RETROSPOT CAKE CASES,4,2011-10-30 11:55:00,0.55,14159.0,United Kingdom
573340,85123A,WHITE HANGING HEART T-LIGHT HOLDER,2,2011-10-30 11:55:00,2.95,14159.0,United Kingdom
573340,22197,POPCORN HOLDER,10,2011-10-30 11:55:00,0.85,14159.0,United Kingdom
573341,84077,WORLD WAR 2 GLIDERS ASSTD DESIGNS,48,2011-10-30 11:55:00,0.29,16949.0,United Kingdom
573341,84879,ASSORTED COLOUR BIRD ORNAMENT,8,2011-10-30 11:55:00,1.69,16949.0,United Kingdom
573343,22197,POPCORN HOLDER,1,2011-10-30 11:59:00,0.85,13566.0,United Kingdom
573343,85099B,JUMBO BAG RED RETROSPOT,2,2011-10-30 11:59:00,2.08,13566.0,United Kingdom
573344,22197,POPCORN HOLDER,4,2011-10-30 12:07:00,0.85,14179.0,United Kingdom
573344,22197,POPCORN HOLDER,4,2011-10-30 12:07:00,0.85,14179.0,United Kingdom
573345,23166,MEDIUM CERAMIC TOP STORAGE JAR,2,2011-10-30 12:14:00,1.25,17609.0,United Kingdom
573347,85099B,JUMBO BAG RED RETROSPOT,2,2011-10-30 12:26:00,2.08,13137.0,United Kingdom
573347,85099B,JUMBO BAG RED RETROSPOT,1,2011-10-30 12:26:00,2.08,13137.0,United Kingdom
573347,84879,ASSORTED COLOUR BIRD ORNAMENT,4,2011-10-30 12:26:00,1.69,13137.0,United Kingdom
573347,21212,PACK OF 72 RETROSPOT CAKE CASES,3,2011-10-30 12:26:00,0.55,13137.0,United Kingdom
573347,21212,PACK OF 72 RETROSPOT CAKE CASES,1,2011-10-30 12:26:00,0.55,13137.0,United Kingdom
573349,84879,ASSORTED COLOUR BIRD ORNAMENT,4,2011-10-30 12:28:00,1.69,17609.0,United Kingdom
573351,85123A,WHITE HANGING HEART T-LIGHT HOLDER,12,2011-10-30 12:34:00,2.95,13524.0,United Kingdom
573352,23084,RABBIT NIGHT LIGHT,48,2011-10-30 12:35:00,1.79,14077.0,United Kingdom
573353,85099B,JUMBO BAG RED RETROSPOT,2,2011-10-30 12:39:00,2.08,16115.0,United Kingdom
573354,85099B,JUMBO BAG RED RETROSPOT,10,2011-10-30 12:42:00,2.08,14040.0,United Kingdom
573355,23084,RABBIT NIGHT LIGHT,6,2011-10-30 12:43:00,2.08,15865.0,United Kingdom
573361,22197,POPCORN HOLDER,10,2011-10-30 12:53:00,0.85,14456.0,United Kingdom
573363,22197,POPCORN HOLDER,100,2011-10-30 13:06:00,0.72,16079.0,United Kingdom
573363,23084,RABBIT NIGHT LIGHT,48,2011-10-30 13:06:00,1.79,16079.0,United Kingdom
573362,85099B,JUMBO BAG RED RETROSPOT,10,2011-10-30 13:06:00,2.08,12597.0,Spain
573364,84879,ASSORTED COLOUR BIRD ORNAMENT,6,2011-10-30 13:09:00,1.69,14710.0,United Kingdom
573364,23084,RABBIT NIGHT LIGHT,1,2011-10-30 13:09:00,2.08,14710.0,United Kingdom
573365,85123A,WHITE HANGING HEART T-LIGHT HOLDER,12,2011-10-30 13:13:00,2.95,12584.0,Italy
573367,21212,PACK OF 72 RETROSPOT CAKE CASES,24,2011-10-30 13:17:00,0.55,16145.0,United Kingdom
573369,84879,ASSORTED COLOUR BIRD ORNAMENT,4,2011-10-30 13:19:00,1.69,16049.0,United Kingdom
573373,85123A,WHITE HANGING HEART T-LIGHT HOLDER,3,2011-10-30 13:37:00,2.95,14684.0,United Kingdom
573373,21212,PACK OF 72 RETROSPOT CAKE CASES,1,2011-10-30 13:37:00,0.55,14684.0,United Kingdom
573374,85123A,WHITE HANGING HEART T-LIGHT HOLDER,12,2011-10-30 13:39:00,2.95,14755.0,United Kingdom
573374,84879,ASSORTED COLOUR BIRD ORNAMENT,24,2011-10-30 13:39:00,1.69,14755.0,United Kingdom
573375,23084,RABBIT NIGHT LIGHT,96,2011-10-30 13:42:00,1.79,15521.0,United Kingdom
573377,23166,MEDIUM CERAMIC TOP STORAGE JAR,8,2011-10-30 13:51:00,1.25,14653.0,United Kingdom
573378,84879,ASSORTED COLOUR BIRD ORNAMENT,8,2011-10-30 13:53:00,1.69,14217.0,United Kingdom
573379,84879,ASSORTED COLOUR BIRD ORNAMENT,8,2011-10-30 14:03:00,1.69,15680.0,United Kingdom
573380,23084,RABBIT NIGHT LIGHT,4,2011-10-30 14:04:00,2.08,14572.0,United Kingdom
573380,22197,POPCORN HOLDER,2,2011-10-30 14:04:00,0.85,14572.0,United Kingdom
573381,23084,RABBIT NIGHT LIGHT,7,2011-10-30 14:05:00,2.08,17590.0,United Kingdom
573382,84879,ASSORTED COLOUR BIRD ORNAMENT,8,2011-10-30 14:15:00,1.69,17655.0,United Kingdom
573383,23084,RABBIT NIGHT LIGHT,6,2011-10-30 14:18:00,2.08,17447.0,United Kingdom
573383,84879,ASSORTED COLOUR BIRD ORNAMENT,24,2011-10-30 14:18:00,1.69,17447.0,United Kingdom
573385,85099B,JUMBO BAG RED RETROSPOT,10,2011-10-30 14:21:00,2.08,13421.0,United Kingdom
573385,85123A,WHITE HANGING HEART T-LIGHT HOLDER,32,2011-10-30 14:21:00,2.55,13421.0,United Kingdom
573388,23166,MEDIUM CERAMIC TOP STORAGE JAR,12,2011-10-30 14:44:00,1.25,14895.0,United Kingdom
573394,84879,ASSORTED COLOUR BIRD ORNAMENT,48,2011-10-30 15:10:00,1.69,13089.0,United Kingdom
573395,85123A,WHITE HANGING HEART T-LIGHT HOLDER,12,2011-10-30 15:11:00,2.95,15385.0,United Kingdom
573395,84879,ASSORTED COLOUR BIRD ORNAMENT,8,2011-10-30 15:11:00,1.69,15385.0,United Kingdom
573396,22197,POPCORN HOLDER,6,2011-10-30 15:13:00,0.85,14723.0,United Kingdom
573396,85123A,WHITE HANGING HEART T-LIGHT HOLDER,2,2011-10-30 15:13:00,2.95,14723.0,United Kingdom
573396,85123A,WHITE HANGING HEART T-LIGHT HOLDER,1,2011-10-30 15:13:00,2.95,14723.0,United Kingdom
573399,84879,ASSORTED COLOUR BIRD ORNAMENT,80,2011-10-30 15:35:00,1.69,13949.0,United Kingdom
573402,21212,PACK OF 72 RETROSPOT CAKE CASES,24,2011-10-30 15:44:00,0.55,12494.0,France
573405,85123A,WHITE HANGING HEART T-LIGHT HOLDER,3,2011-10-30 15:55:00,2.95,13822.0,United Kingdom
573406,85099B,JUMBO BAG RED RETROSPOT,10,2011-10-30 15:57:00,2.08,14112.0,United Kingdom
573408,84879,ASSORTED COLOUR BIRD ORNAMENT,16,2011-10-30 15:59:00,1.69,16190.0,United Kingdom
573408,85123A,WHITE HANGING HEART T-LIGHT HOLDER,12,2011-10-30 15:59:00,2.95,16190.0,United Kingdom
573410,23084,RABBIT NIGHT LIGHT,48,2011-10-30 16:03:00,1.79,15669.0,United Kingdom
573413,23084,RABBIT NIGHT LIGHT,2,2011-10-30 16:12:00,2.08,15444.0,United Kingdom
573413,84879,ASSORTED COLOUR BIRD ORNAMENT,6,2011-10-30 16:12:00,1.69,15444.0,United Kingdom
573415,85123A,WHITE HANGING HEART T-LIGHT HOLDER,3,2011-10-30 16:17:00,2.95,13607.0,United Kingdom
573419,84879,ASSORTED COLOUR BIRD ORNAMENT,16,2011-10-31 09:38:00,1.69,13103.0,United Kingdom
573420,23084,RABBIT NIGHT LIGHT,24,2011-10-31 09:48:00,1.79,18223.0,United Kingdom
573420,85099B,JUMBO BAG RED RETROSPOT,20,2011-10-31 09:48:00,2.08,18223.0,United Kingdom
573420,22197,POPCORN HOLDER,48,2011-10-31 09:48:00,0.85,18223.0,United Kingdom
573421,22197,POPCORN HOLDER,100,2011-10-31 09:50:00,0.72,14292.0,United Kingdom
573424,85099B,JUMBO BAG RED RETROSPOT,10,2011-10-31 10:05:00,2.08,12720.0,Germany
573428,21212,PACK OF 72 RETROSPOT CAKE CASES,24,2011-10-31 10:19:00,0.55,12571.0,France
573442,23084,RABBIT NIGHT LIGHT,24,2011-10-31 10:42:00,1.79,12488.0,France
573481,23084,RABBIT NIGHT LIGHT,18,2011-10-31 11:10:00,2.08,13994.0,United Kingdom
573483,85123A,WHITE HANGING HEART T-LIGHT HOLDER,32,2011-10-31 11:32:00,2.55,15793.0,United Kingdom
573483,23084,RABBIT NIGHT LIGHT,24,2011-10-31 11:32:00,1.79,15793.0,United Kingdom
573483,84879,ASSORTED COLOUR BIRD ORNAMENT,32,2011-10-31 11:32:00,1.69,15793.0,United Kingdom
573492,84879,ASSORTED COLOUR BIRD ORNAMENT,8,2011-10-31 11:57:00,1.69,13544.0,United Kingdom
573496,85099B,JUMBO BAG RED RETROSPOT,2,2011-10-31 11:59:00,2.08,17841.0,United Kingdom
573496,85123A,WHITE HANGING HEART T-LIGHT HOLDER,4,2011-10-31 11:59:00,2.95,17841.0,United Kingdom
573504,21212,PACK OF 72 RETROSPOT CAKE CASES,24,2011-10-31 12:05:00,0.55,13983.0,United Kingdom
573504,23084,RABBIT NIGHT LIGHT,24,2011-10-31 12:05:00,1.79,13983.0,United Kingdom
573508,84879,ASSORTED COLOUR BIRD ORNAMENT,8,2011-10-31 12:11:00,1.69,12552.0,Italy
573510,23084,RABBIT NIGHT LIGHT,52,2011-10-31 12:21:00,1.79,14808.0,United Kingdom
573511,23084,RABBIT NIGHT LIGHT,48,2011-10-31 12:25:00,1.79,12347.0,Iceland
573543,85123A,WHITE HANGING HEART T-LIGHT HOLDER,2,2011-10-31 13:05:00,2.95,17777.0,United Kingdom
573543,85123A,WHITE HANGING HEART T-LIGHT HOLDER,2,2011-10-31 13:05:00,2.95,17777.0,United Kingdom
573543,23084,RABBIT NIGHT LIGHT,4,2011-10-31 13:05:00,2.08,17777.0,United Kingdom
573548,85123A,WHITE HANGING HEART T-LIGHT HOLDER,6,2011-10-31 13:22:00,2.95,13680.0,United Kingdom
573553,23084,RABBIT NIGHT LIGHT,1,2011-10-31 13:48:00,4.13,,United Kingdom
573553,85099B,JUMBO BAG RED RETROSPOT,17,2011-10-31 13:48:00,4.13,,United Kingdom
573556,84879,ASSORTED COLOUR BIRD ORNAMENT,48,2011-10-31 13:51:00,1.69,17675.0,United Kingdom
573556,85099B,JUMBO BAG RED RETROSPOT,10,2011-10-31 13:51:00,2.08,17675.0,United Kingdom
573572,85099B,JUMBO BAG RED RETROSPOT,4,2011-10-31 14:03:00,2.08,14527.0,United Kingdom
573576,22616,PACK OF 12 LONDON TISSUES ,1,2011-10-31 14:09:00,0.83,14096.0,United Kingdom
573576,84077,WORLD WAR 2 GLIDERS ASSTD DESIGNS,14,2011-10-31 14:09:00,0.63,14096.0,United Kingdom
573576,23084,RABBIT NIGHT LIGHT,8,2011-10-31 14:09:00,4.13,14096.0,United Kingdom
573576,21212,PACK OF 72 RETROSPOT CAKE CASES,4,2011-10-31 14:09:00,1.25,14096.0,United Kingdom
573576,85123A,WHITE HANGING HEART T-LIGHT HOLDER,2,2011-10-31 14:09:00,5.79,14096.0,United Kingdom
573576,85099B,JUMBO BAG RED RETROSPOT,1,2011-10-31 14:09:00,4.13,14096.0,United Kingdom
573576,22197,POPCORN HOLDER,3,2011-10-31 14:09:00,1.63,14096.0,United Kingdom
573579,23084,RABBIT NIGHT LIGHT,3,2011-10-31 14:19:00,2.08,15033.0,United Kingdom
573580,23084,RABBIT NIGHT LIGHT,2,2011-10-31 14:21:00,4.13,,United Kingdom
573580,85099B,JUMBO BAG RED RETROSPOT,3,2011-10-31 14:21:00,4.13,,United Kingdom
573581,22197,POPCORN HOLDER,12,2011-10-31 14:22:00,0.85,14911.0,EIRE
573584,85123A,WHITE HANGING HEART T-LIGHT HOLDER,32,2011-10-31 14:36:00,2.55,16705.0,United Kingdom
573585,23166,MEDIUM CERAMIC TOP STORAGE JAR,2,2011-10-31 14:41:00,2.46,,United Kingdom
573585,23084,RABBIT NIGHT LIGHT,42,2011-10-31 14:41:00,4.13,,United Kingdom
573585,85099B,JUMBO BAG RED RETROSPOT,15,2011-10-31 14:41:00,4.13,,United Kingdom
573585,85123A,WHITE HANGING HEART T-LIGHT HOLDER,5,2011-10-31 14:41:00,5.79,,United Kingdom
573585,21212,PACK OF 72 RETROSPOT CAKE CASES,12,2011-10-31 14:41:00,1.25,,United Kingdom
573585,22616,PACK OF 12 LONDON TISSUES ,3,2011-10-31 14:41:00,0.83,,United Kingdom
573585,22197,POPCORN HOLDER,35,2011-10-31 14:41:00,1.63,,United Kingdom
573587,85099B,JUMBO BAG RED RETROSPOT,10,2011-10-31 14:48:00,2.08,18257.0,United Kingdom
573587,23084,RABBIT NIGHT LIGHT,6,2011-10-31 14:48:00,2.08,18257.0,United Kingdom
573600,23084,RABBIT NIGHT LIGHT,48,2011-10-31 15:21:00,1.79,17924.0,United Kingdom
573601,23084,RABBIT NIGHT LIGHT,1,2011-10-31 15:24:00,4.13,,United Kingdom
573601,85099B,JUMBO BAG RED RETROSPOT,11,2011-10-31 15:24:00,4.13,,United Kingdom
573632,22197,POPCORN HOLDER,12,2011-10-31 15:36:00,0.85,15329.0,United Kingdom
573633,23084,RABBIT NIGHT LIGHT,2,2011-10-31 15:48:00,4.13,,United Kingdom
573633,84879,ASSORTED COLOUR BIRD ORNAMENT,8,2011-10-31 15:48:00,3.12,,United Kingdom
573633,85099B,JUMBO BAG RED RETROSPOT,2,2011-10-31 15:48:00,4.13,,United Kingdom
573665,85123A,WHITE HANGING HEART T-LIGHT HOLDER,32,2011-10-31 16:24:00,2.55,13982.0,United Kingdom
573665,84077,WORLD WAR 2 GLIDERS ASSTD DESIGNS,48,2011-10-31 16:24:00,0.29,13982.0,United Kingdom
573665,23166,MEDIUM CERAMIC TOP STORAGE JAR,4,2011-10-31 16:24:00,1.25,13982.0,United Kingdom
573695,85123A,WHITE HANGING HEART T-LIGHT HOLDER,32,2011-10-31 17:13:00,2.55,15023.0,United Kingdom
573695,23084,RABBIT NIGHT LIGHT,9,2011-10-31 17:13:00,2.08,15023.0,United Kingdom
573746,85099B,JUMBO BAG RED RETROSPOT,30,2011-11-01 09:01:00,2.08,13461.0,United Kingdom
573748,23084,RABBIT NIGHT LIGHT,12,2011-11-01 09:24:00,2.08,14911.0,EIRE
573748,22197,POPCORN HOLDER,36,2011-11-01 09:24:00,0.85,14911.0,EIRE
573748,84879,ASSORTED COLOUR BIRD ORNAMENT,24,2011-11-01 09:24:00,1.69,14911.0,EIRE
573762,23084,RABBIT NIGHT LIGHT,18,2011-11-01 09:56:00,2.08,13758.0,United Kingdom
573762,85099B,JUMBO BAG RED RETROSPOT,10,2011-11-01 09:56:00,2.08,13758.0,United Kingdom
573763,22197,POPCORN HOLDER,48,2011-11-01 09:56:00,0.85,17139.0,United Kingdom
573773,22197,POPCORN HOLDER,24,2011-11-01 10:21:00,0.85,13327.0,United Kingdom
573773,85099B,JUMBO BAG RED RETROSPOT,20,2011-11-01 10:21:00,2.08,13327.0,United Kingdom
573775,84879,ASSORTED COLOUR BIRD ORNAMENT,160,2011-11-01 10:30:00,1.45,13881.0,United Kingdom
573780,23084,RABBIT NIGHT LIGHT,6,2011-11-01 11:12:00,2.08,17503.0,United Kingdom
573808,85123A,WHITE HANGING HEART T-LIGHT HOLDER,6,2011-11-01 11:29:00,2.95,14419.0,United Kingdom
573829,85123A,WHITE HANGING HEART T-LIGHT HOLDER,6,2011-11-01 11:35:00,2.95,16830.0,United Kingdom
573830,23084,RABBIT NIGHT LIGHT,15,2011-11-01 11:35:00,2.08,16960.0,United Kingdom
573841,85123A,WHITE HANGING HEART T-LIGHT HOLDER,2,2011-11-01 11:39:00,2.95,14995.0,United Kingdom
573867,23084,RABBIT NIGHT LIGHT,48,2011-11-01 12:12:00,1.79,12674.0,France
573873,84879,ASSORTED COLOUR BIRD ORNAMENT,22,2011-11-01 12:39:00,1.69,17346.0,United Kingdom
573873,21212,PACK OF 72 RETROSPOT CAKE CASES,1,2011-11-01 12:39:00,0.55,17346.0,United Kingdom
573873,23084,RABBIT NIGHT LIGHT,3,2011-11-01 12:39:00,2.08,17346.0,United Kingdom
573874,85099B,JUMBO BAG RED RETROSPOT,10,2011-11-01 12:45:00,2.08,13868.0,United Kingdom
573874,21212,PACK OF 72 RETROSPOT CAKE CASES,24,2011-11-01 12:45:00,0.55,13868.0,United Kingdom
573875,23084,RABBIT NIGHT LIGHT,6,2011-11-01 12:47:00,2.08,15018.0,United Kingdom
573876,22197,POPCORN HOLDER,35,2011-11-01 12:48:00,0.85,16360.0,United Kingdom
573876,21212,PACK OF 72 RETROSPOT CAKE CASES,3,2011-11-01 12:48:00,0.55,16360.0,United Kingdom
573876,84879,ASSORTED COLOUR BIRD ORNAMENT,8,2011-11-01 12:48:00,1.69,16360.0,United Kingdom
573877,85123A,WHITE HANGING HEART T-LIGHT HOLDER,12,2011-11-01 13:04:00,2.95,14432.0,United Kingdom
573879,85123A,WHITE HANGING HEART T-LIGHT HOLDER,2,2011-11-01 13:21:00,2.95,15039.0,United Kingdom
573879,22197,POPCORN HOLDER,16,2011-11-01 13:21:00,0.85,15039.0,United Kingdom
573886,22616,PACK OF 12 LONDON TISSUES ,24,2011-11-01 13:37:00,0.39,14401.0,United Kingdom
573889,22197,POPCORN HOLDER,15,2011-11-01 13:44:00,0.85,13571.0,United Kingdom
573889,85123A,WHITE HANGING HEART T-LIGHT HOLDER,2,2011-11-01 13:44:00,2.95,13571.0,United Kingdom
573889,23166,MEDIUM CERAMIC TOP STORAGE JAR,1,2011-11-01 13:44:00,1.25,13571.0,United Kingdom
573889,85099B,JUMBO BAG RED RETROSPOT,4,2011-11-01 13:44:00,2.08,13571.0,United Kingdom
573891,23084,RABBIT NIGHT LIGHT,216,2011-11-01 13:56:00,1.79,12682.0,France
573892,22197,POPCORN HOLDER,12,2011-11-01 13:57:00,0.85,14911.0,EIRE
573894,23084,RABBIT NIGHT LIGHT,3,2011-11-01 13:59:00,2.08,17812.0,United Kingdom
573897,22616,PACK OF 12 LONDON TISSUES ,24,2011-11-01 14:29:00,0.39,16729.0,United Kingdom
573897,84879,ASSORTED COLOUR BIRD ORNAMENT,24,2011-11-01 14:29:00,1.69,16729.0,United Kingdom
573897,23084,RABBIT NIGHT LIGHT,3,2011-11-01 14:29:00,2.08,16729.0,United Kingdom
573899,84879,ASSORTED COLOUR BIRD ORNAMENT,16,2011-11-01 14:41:00,1.69,15847.0,United Kingdom
573903,84879,ASSORTED COLOUR BIRD ORNAMENT,24,2011-11-01 14:51:00,1.69,14667.0,United Kingdom
573903,23084,RABBIT NIGHT LIGHT,8,2011-11-01 14:51:00,2.08,14667.0,United Kingdom
573904,23084,RABBIT NIGHT LIGHT,2,2011-11-01 14:54:00,2.08,14505.0,United Kingdom
573904,23084,RABBIT NIGHT LIGHT,3,2011-11-01 14:54:00,2.08,14505.0,United Kingdom
573904,23084,RABBIT NIGHT LIGHT,3,2011-11-01 14:54:00,2.08,14505.0,United Kingdom
573904,85123A,WHITE HANGING HEART T-LIGHT HOLDER,5,2011-11-01 14:54:00,2.95,14505.0,United Kingdom
573905,85123A,WHITE HANGING HEART T-LIGHT HOLDER,2,2011-11-01 15:06:00,2.95,16971.0,United Kingdom
573906,85099B,JUMBO BAG RED RETROSPOT,10,2011-11-01 15:12:00,2.08,16458.0,United Kingdom
573910,22197,POPCORN HOLDER,100,2011-11-01 15:34:00,0.72,13969.0,United Kingdom
573913,84879,ASSORTED COLOUR BIRD ORNAMENT,8,2011-11-01 15:49:00,1.69,17653.0,United Kingdom
573914,84879,ASSORTED COLOUR BIRD ORNAMENT,8,2011-11-01 15:53:00,1.69,14383.0,United Kingdom
573918,85123A,WHITE HANGING HEART T-LIGHT HOLDER,2,2011-11-01 17:20:00,2.95,17576.0,United Kingdom
573922,23084,RABBIT NIGHT LIGHT,48,2011-11-02 09:22:00,1.79,14032.0,United Kingdom
573923,23084,RABBIT NIGHT LIGHT,5,2011-11-02 09:31:00,2.08,17965.0,United Kingdom
573930,22197,POPCORN HOLDER,100,2011-11-02 10:15:00,0.72,17811.0,United Kingdom
573931,22197,POPCORN HOLDER,12,2011-11-02 10:16:00,0.85,16884.0,United Kingdom
573931,23084,RABBIT NIGHT LIGHT,12,2011-11-02 10:16:00,2.08,16884.0,United Kingdom
573945,84879,ASSORTED COLOUR BIRD ORNAMENT,16,2011-11-02 10:44:00,1.69,17663.0,United Kingdom
573955,85123A,WHITE HANGING HEART T-LIGHT HOLDER,6,2011-11-02 10:51:00,2.95,14216.0,United Kingdom
573992,21212,PACK OF 72 RETROSPOT CAKE CASES,24,2011-11-02 11:20:00,0.55,15275.0,United Kingdom
573992,84879,ASSORTED COLOUR BIRD ORNAMENT,8,2011-11-02 11:20:00,1.69,15275.0,United Kingdom
573993,84879,ASSORTED COLOUR BIRD ORNAMENT,8,2011-11-02 11:23:00,1.69,16790.0,United Kingdom
573996,84879,ASSORTED COLOUR BIRD ORNAMENT,32,2011-11-02 11:37:00,1.69,16747.0,United Kingdom
574009,85123A,WHITE HANGING HEART T-LIGHT HOLDER,3,2011-11-02 11:49:00,2.95,15750.0,United Kingdom
574009,23084,RABBIT NIGHT LIGHT,4,2011-11-02 11:49:00,2.08,15750.0,United Kingdom
574018,23084,RABBIT NIGHT LIGHT,24,2011-11-02 12:04:00,1.79,13477.0,United Kingdom
574020,21212,PACK OF 72 RETROSPOT CAKE CASES,24,2011-11-02 12:15:00,0.55,14673.0,United Kingdom
574020,84077,WORLD WAR 2 GLIDERS ASSTD DESIGNS,48,2011-11-02 12:15:00,0.29,14673.0,United Kingdom
574020,23084,RABBIT NIGHT LIGHT,6,2011-11-02 12:15:00,2.08,14673.0,United Kingdom
574022,23084,RABBIT NIGHT LIGHT,48,2011-11-02 12:20:00,1.79,12594.0,Italy
574023,84879,ASSORTED COLOUR BIRD ORNAMENT,24,2011-11-02 12:20:00,1.69,14390.0,United Kingdom
574024,22197,POPCORN HOLDER,36,2011-11-02 12:23:00,0.85,17410.0,United Kingdom
574025,21212,PACK OF 72 RETROSPOT CAKE CASES,1,2011-11-02 12:26:00,0.55,12748.0,United Kingdom
574025,84077,WORLD WAR 2 GLIDERS ASSTD DESIGNS,144,2011-11-02 12:26:00,0.29,12748.0,United Kingdom
574025,22197,POPCORN HOLDER,4,2011-11-02 12:26:00,0.85,12748.0,United Kingdom
574029,21212,PACK OF 72 RETROSPOT CAKE CASES,24,2011-11-02 12:34:00,0.55,12955.0,United Kingdom
574036,23084,RABBIT NIGHT LIGHT,18,2011-11-02 12:46:00,2.08,16607.0,United Kingdom
574038,84879,ASSORTED COLOUR BIRD ORNAMENT,8,2011-11-02 12:56:00,1.69,18164.0,United Kingdom
574040,85099B,JUMBO BAG RED RETROSPOT,2,2011-11-02 13:01:00,2.08,14974.0,United Kingdom
574042,23084,RABBIT NIGHT LIGHT,24,2011-11-02 13:05:00,1.79,17947.0,United Kingdom
574043,85123A,WHITE HANGING HEART T-LIGHT HOLDER,5,2011-11-02 13:13:00,2.95,16367.0,United Kingdom
574043,84077,WORLD WAR 2 GLIDERS ASSTD DESIGNS,48,2011-11-02 13:13:00,0.29,16367.0,United Kingdom
574043,85099B,JUMBO BAG RED RETROSPOT,6,2011-11-02 13:13:00,2.08,16367.0,United Kingdom
574045,23084,RABBIT NIGHT LIGHT,24,2011-11-02 13:18:00,1.79,13854.0,United Kingdom
574046,21212,PACK OF 72 RETROSPOT CAKE CASES,1,2011-11-02 13:19:00,0.55,15743.0,United Kingdom
574047,23084,RABBIT NIGHT LIGHT,24,2011-11-02 13:26:00,1.79,13318.0,United Kingdom
574048,84879,ASSORTED COLOUR BIRD ORNAMENT,8,2011-11-02 13:37:00,1.69,13769.0,United Kingdom
574050,23084,RABBIT NIGHT LIGHT,6,2011-11-02 13:41:00,2.08,13904.0,United Kingdom
574050,21212,PACK OF 72 RETROSPOT CAKE CASES,24,2011-11-02 13:41:00,0.55,13904.0,United Kingdom
574051,21212,PACK OF 72 RETROSPOT CAKE CASES,1,2011-11-02 13:46:00,0.55,14102.0,United Kingdom
574053,84077,WORLD WAR 2 GLIDERS ASSTD DESIGNS,48,2011-11-02 14:04:00,0.29,16379.0,United Kingdom
574055,85123A,WHITE HANGING HEART T-LIGHT HOLDER,32,2011-11-02 14:08:00,2.55,16525.0,United Kingdom
574056,21212,PACK OF 72 RETROSPOT CAKE CASES,120,2011-11-02 14:09:00,0.42,14646.0,Netherlands
574056,85099B,JUMBO BAG RED RETROSPOT,200,2011-11-02 14:09:00,1.79,14646.0,Netherlands
574058,23084,RABBIT NIGHT LIGHT,216,2011-11-02 14:10:00,2.08,14646.0,Netherlands
574060,23084,RABBIT NIGHT LIGHT,6,2011-11-02 14:16:00,2.08,16531.0,United Kingdom
574062,85123A,WHITE HANGING HEART T-LIGHT HOLDER,32,2011-11-02 14:30:00,2.55,17675.0,United Kingdom
574063,22616,PACK OF 12 LONDON TISSUES ,12,2011-11-02 14:31:00,0.39,13271.0,United Kingdom
574068,23084,RABBIT NIGHT LIGHT,96,2011-11-02 14:51:00,1.79,12490.0,France
574068,85099B,JUMBO BAG RED RETROSPOT,20,2011-11-02 14:51:00,2.08,12490.0,France
574070,85099B,JUMBO BAG RED RETROSPOT,10,2011-11-02 14:52:00,2.08,16748.0,United Kingdom
574071,23084,RABBIT NIGHT LIGHT,6,2011-11-02 14:57:00,2.08,12654.0,Germany
574074,23084,RABBIT NIGHT LIGHT,3,2011-11-02 15:33:00,4.13,,United Kingdom
574074,85123A,WHITE HANGING HEART T-LIGHT HOLDER,2,2011-11-02 15:33:00,5.79,,United Kingdom
574074,85099B,JUMBO BAG RED RETROSPOT,5,2011-11-02 15:33:00,4.13,,United Kingdom
574074,22197,POPCORN HOLDER,11,2011-11-02 15:33:00,1.63,,United Kingdom
574076,23084,RABBIT NIGHT LIGHT,17,2011-11-02 15:38:00,4.13,,United Kingdom
574076,85099B,JUMBO BAG RED RETROSPOT,1,2011-11-02 15:38:00,4.13,,United Kingdom
574076,22616,PACK OF 12 LONDON TISSUES ,1,2011-11-02 15:38:00,0.83,,United Kingdom
574076,22197,POPCORN HOLDER,4,2011-11-02 15:38:00,1.63,,United Kingdom
574077,22616,PACK OF 12 LONDON TISSUES ,24,2011-11-02 15:56:00,0.39,17999.0,United Kingdom
574077,22197,POPCORN HOLDER,3,2011-11-02 15:56:00,0.85,17999.0,United Kingdom
574081,23084,RABBIT NIGHT LIGHT,12,2011-11-02 16:37:00,2.08,15804.0,United Kingdom
574082,23084,RABBIT NIGHT LIGHT,14,2011-11-02 16:37:00,2.08,16205.0,United Kingdom
574082,22197,POPCORN HOLDER,2,2011-11-02 16:37:00,0.85,16205.0,United Kingdom
574084,84879,ASSORTED COLOUR BIRD ORNAMENT,24,2011-11-02 17:09:00,1.69,14528.0,United Kingdom
574086,23084,RABBIT NIGHT LIGHT,48,2011-11-03 08:39:00,1.79,15651.0,United Kingdom
574086,22616,PACK OF 12 LONDON TISSUES ,48,2011-11-03 08:39:00,0.39,15651.0,United Kingdom
574088,22616,PACK OF 12 LONDON TISSUES ,24,2011-11-03 08:56:00,0.39,18044.0,United Kingdom
574090,84077,WORLD WAR 2 GLIDERS ASSTD DESIGNS,48,2011-11-03 09:17:00,0.29,17442.0,United Kingdom
574092,22616,PACK OF 12 LONDON TISSUES ,432,2011-11-03 09:28:00,0.32,16684.0,United Kingdom
574092,21212,PACK OF 72 RETROSPOT CAKE CASES,480,2011-11-03 09:28:00,0.42,16684.0,United Kingdom
574092,85099B,JUMBO BAG RED RETROSPOT,300,2011-11-03 09:28:00,1.79,16684.0,United Kingdom
574093,22197,POPCORN HOLDER,12,2011-11-03 09:43:00,0.85,12437.0,France
574093,21212,PACK OF 72 RETROSPOT CAKE CASES,24,2011-11-03 09:43:00,0.55,12437.0,France
574096,23084,RABBIT NIGHT LIGHT,12,2011-11-03 09:55:00,2.08,13599.0,United Kingdom
574100,22616,PACK OF 12 LONDON TISSUES ,24,2011-11-03 10:13:00,0.39,14098.0,United Kingdom
574100,85099B,JUMBO BAG RED RETROSPOT,1,2011-11-03 10:13:00,2.08,14098.0,United Kingdom
574102,23084,RABBIT NIGHT LIGHT,6,2011-11-03 10:27:00,2.08,16128.0,United Kingdom
574104,84879,ASSORTED COLOUR BIRD ORNAMENT,16,2011-11-03 10:45:00,1.69,12615.0,France
574104,23084,RABBIT NIGHT LIGHT,96,2011-11-03 10:45:00,1.79,12615.0,France
574138,23084,RABBIT NIGHT LIGHT,96,2011-11-03 11:26:00,1.79,12415.0,Australia
574169,84879,ASSORTED COLOUR BIRD ORNAMENT,80,2011-11-03 11:40:00,1.69,17491.0,United Kingdom
574170,84077,WORLD WAR 2 GLIDERS ASSTD DESIGNS,48,2011-11-03 11:43:00,0.29,16221.0,United Kingdom
574182,84077,WORLD WAR 2 GLIDERS ASSTD DESIGNS,48,2011-11-03 11:51:00,0.29,16841.0,United Kingdom
574228,22616,PACK OF 12 LONDON TISSUES ,24,2011-11-03 12:18:00,0.39,16678.0,United Kingdom
574237,84879,ASSORTED COLOUR BIRD ORNAMENT,24,2011-11-03 12:37:00,1.69,15551.0,United Kingdom
574239,84879,ASSORTED COLOUR BIRD ORNAMENT,32,2011-11-03 12:43:00,1.69,14849.0,United Kingdom
574247,85123A,WHITE HANGING HEART T-LIGHT HOLDER,6,2011-11-03 12:56:00,2.95,13168.0,United Kingdom
574252,23084,RABBIT NIGHT LIGHT,6,2011-11-03 13:24:00,2.08,12437.0,France
574269,84077,WORLD WAR 2 GLIDERS ASSTD DESIGNS,48,2011-11-03 14:27:00,0.29,15570.0,United Kingdom
574269,84879,ASSORTED COLOUR BIRD ORNAMENT,16,2011-11-03 14:27:00,1.69,15570.0,United Kingdom
574281,23084,RABBIT NIGHT LIGHT,48,2011-11-03 14:47:00,1.79,14856.0,United Kingdom
574280,23084,RABBIT NIGHT LIGHT,72,2011-11-03 14:47:00,1.79,13408.0,United Kingdom
574285,85123A,WHITE HANGING HEART T-LIGHT HOLDER,224,2011-11-03 15:01:00,3.2,17450.0,United Kingdom
574286,23084,RABBIT NIGHT LIGHT,24,2011-11-03 15:02:00,1.79,17644.0,United Kingdom
574287,84879,ASSORTED COLOUR BIRD ORNAMENT,2,2011-11-03 15:09:00,1.69,14723.0,United Kingdom
574293,85123A,WHITE HANGING HEART T-LIGHT HOLDER,992,2011-11-03 15:32:00,3.2,17450.0,United Kingdom
574295,85099B,JUMBO BAG RED RETROSPOT,140,2011-11-03 15:47:00,1.79,17389.0,United Kingdom
574297,84077,WORLD WAR 2 GLIDERS ASSTD DESIGNS,48,2011-11-03 15:54:00,0.29,16602.0,United Kingdom
574297,85123A,WHITE HANGING HEART T-LIGHT HOLDER,6,2011-11-03 15:54:00,2.95,16602.0,United Kingdom
574298,85123A,WHITE HANGING HEART T-LIGHT HOLDER,2,2011-11-03 15:56:00,5.79,,United Kingdom
574298,85099B,JUMBO BAG RED RETROSPOT,1,2011-11-03 15:56:00,4.13,,United Kingdom
574298,21212,PACK OF 72 RETROSPOT CAKE CASES,1,2011-11-03 15:56:00,1.25,,United Kingdom
574298,22197,POPCORN HOLDER,3,2011-11-03 15:56:00,1.63,,United Kingdom
574298,22616,PACK OF 12 LONDON TISSUES ,1,2011-11-03 15:56:00,0.83,,United Kingdom
574298,23084,RABBIT NIGHT LIGHT,13,2011-11-03 15:56:00,4.13,,United Kingdom
574300,23084,RABBIT NIGHT LIGHT,24,2011-11-03 16:12:00,1.79,14636.0,United Kingdom
574301,84879,ASSORTED COLOUR BIRD ORNAMENT,8,2011-11-03 16:15:00,1.69,12544.0,Spain
574302,84879,ASSORTED COLOUR BIRD ORNAMENT,8,2011-11-03 16:28:00,1.69,13914.0,United Kingdom
574304,23084,RABBIT NIGHT LIGHT,1,2011-11-03 16:30:00,2.08,14428.0,United Kingdom
574304,22197,POPCORN HOLDER,3,2011-11-03 16:30:00,0.85,14428.0,United Kingdom
574304,22197,POPCORN HOLDER,2,2011-11-03 16:30:00,0.85,14428.0,United Kingdom
574304,84879,ASSORTED COLOUR BIRD ORNAMENT,8,2011-11-03 16:30:00,1.69,14428.0,United Kingdom
574304,85123A,WHITE HANGING HEART T-LIGHT HOLDER,3,2011-11-03 16:30:00,2.95,14428.0,United Kingdom
574307,23084,RABBIT NIGHT LIGHT,6,2011-11-03 16:40:00,2.08,15809.0,United Kingdom
574311,85099B,JUMBO BAG RED RETROSPOT,10,2011-11-03 16:56:00,2.08,15640.0,United Kingdom
574311,85123A,WHITE HANGING HEART T-LIGHT HOLDER,32,2011-11-03 16:56:00,2.55,15640.0,United Kingdom
574311,21212,PACK OF 72 RETROSPOT CAKE CASES,24,2011-11-03 16:56:00,0.55,15640.0,United Kingdom
574313,84879,ASSORTED COLOUR BIRD ORNAMENT,8,2011-11-03 17:45:00,1.69,13267.0,United Kingdom
574313,23084,RABBIT NIGHT LIGHT,12,2011-11-03 17:45:00,2.08,13267.0,United Kingdom
574315,84879,ASSORTED COLOUR BIRD ORNAMENT,8,2011-11-03 17:53:00,1.69,17076.0,United Kingdom
574328,22616,PACK OF 12 LONDON TISSUES ,48,2011-11-04 09:05:00,0.39,13081.0,United Kingdom
574328,22197,POPCORN HOLDER,36,2011-11-04 09:05:00,0.85,13081.0,United Kingdom
574328,85123A,WHITE HANGING HEART T-LIGHT HOLDER,32,2011-11-04 09:05:00,2.55,13081.0,United Kingdom
574328,21212,PACK OF 72 RETROSPOT CAKE CASES,24,2011-11-04 09:05:00,0.55,13081.0,United Kingdom
574329,22197,POPCORN HOLDER,36,2011-11-04 09:07:00,0.85,12362.0,Belgium
574331,23084,RABBIT NIGHT LIGHT,24,2011-11-04 09:24:00,1.79,13178.0,United Kingdom
574338,21212,PACK OF 72 RETROSPOT CAKE CASES,24,2011-11-04 10:05:00,0.55,14150.0,United Kingdom
574338,84879,ASSORTED COLOUR BIRD ORNAMENT,24,2011-11-04 10:05:00,1.69,14150.0,United Kingdom
574342,85123A,WHITE HANGING HEART T-LIGHT HOLDER,6,2011-11-04 10:10:00,2.95,13447.0,United Kingdom
574345,84879,ASSORTED COLOUR BIRD ORNAMENT,24,2011-11-04 10:18:00,1.69,15845.0,United Kingdom
574346,84077,WORLD WAR 2 GLIDERS ASSTD DESIGNS,48,2011-11-04 10:23:00,0.29,17930.0,United Kingdom
574348,23084,RABBIT NIGHT LIGHT,24,2011-11-04 10:28:00,1.79,13756.0,United Kingdom
574351,85099B,JUMBO BAG RED RETROSPOT,1,2011-11-04 10:37:00,2.08,17348.0,United Kingdom
574356,21212,PACK OF 72 RETROSPOT CAKE CASES,5,2011-11-04 10:48:00,2.08,,United Kingdom
574368,22197,POPCORN HOLDER,12,2011-11-04 10:59:00,0.85,13004.0,United Kingdom
574368,85099B,JUMBO BAG RED RETROSPOT,10,2011-11-04 10:59:00,2.08,13004.0,United Kingdom
574387,23084,RABBIT NIGHT LIGHT,6,2011-11-04 11:04:00,2.08,12944.0,United Kingdom
574393,85123A,WHITE HANGING HEART T-LIGHT HOLDER,6,2011-11-04 11:06:00,2.95,13313.0,United Kingdom
574393,85099B,JUMBO BAG RED RETROSPOT,10,2011-11-04 11:06:00,2.08,13313.0,United Kingdom
574442,23084,RABBIT NIGHT LIGHT,72,2011-11-04 11:40:00,1.79,12704.0,Finland
574444,85123A,WHITE HANGING HEART T-LIGHT HOLDER,6,2011-11-04 11:41:00,2.95,18122.0,United Kingdom
574444,22197,POPCORN HOLDER,6,2011-11-04 11:41:00,0.85,18122.0,United Kingdom
574466,84879,ASSORTED COLOUR BIRD ORNAMENT,24,2011-11-04 11:53:00,1.69,18172.0,United Kingdom
574469,23084,RABBIT NIGHT LIGHT,336,2011-11-04 11:55:00,1.79,12431.0,Australia
574474,23084,RABBIT NIGHT LIGHT,1,2011-11-04 12:05:00,2.08,17979.0,United Kingdom
574476,23084,RABBIT NIGHT LIGHT,3,2011-11-04 12:20:00,2.08,17203.0,United Kingdom
574476,22197,POPCORN HOLDER,2,2011-11-04 12:20:00,0.85,17203.0,United Kingdom
574477,85123A,WHITE HANGING HEART T-LIGHT HOLDER,3,2011-11-04 12:21:00,2.95,15453.0,United Kingdom
574478,23084,RABBIT NIGHT LIGHT,4,2011-11-04 12:27:00,2.08,17203.0,United Kingdom
574481,23084,RABBIT NIGHT LIGHT,1,2011-11-04 12:45:00,2.08,18022.0,United Kingdom
574481,23084,RABBIT NIGHT LIGHT,1,2011-11-04 12:45:00,2.08,18022.0,United Kingdom
574481,23084,RABBIT NIGHT LIGHT,1,2011-11-04 12:45:00,2.08,18022.0,United Kingdom
574481,84077,WORLD WAR 2 GLIDERS ASSTD DESIGNS,96,2011-11-04 12:45:00,0.29,18022.0,United Kingdom
574481,23084,RABBIT NIGHT LIGHT,1,2011-11-04 12:45:00,2.08,18022.0,United Kingdom
574481,22197,POPCORN HOLDER,3,2011-11-04 12:45:00,0.85,18022.0,United Kingdom
574481,23084,RABBIT NIGHT LIGHT,4,2011-11-04 12:45:00,2.08,18022.0,United Kingdom
574481,21212,PACK OF 72 RETROSPOT CAKE CASES,1,2011-11-04 12:45:00,0.55,18022.0,United Kingdom
574481,85099B,JUMBO BAG RED RETROSPOT,1,2011-11-04 12:45:00,2.08,18022.0,United Kingdom
574481,23084,RABBIT NIGHT LIGHT,1,2011-11-04 12:45:00,2.08,18022.0,United Kingdom
574484,85099B,JUMBO BAG RED RETROSPOT,10,2011-11-04 12:50:00,2.08,14388.0,United Kingdom
574502,23084,RABBIT NIGHT LIGHT,5,2011-11-04 13:16:00,2.08,17274.0,United Kingdom
574506,22197,POPCORN HOLDER,4,2011-11-04 13:24:00,0.85,12577.0,France
574506,22197,POPCORN HOLDER,2,2011-11-04 13:24:00,0.85,12577.0,France
574509,85123A,WHITE HANGING HEART T-LIGHT HOLDER,3,2011-11-04 13:25:00,2.95,16012.0,United Kingdom
574509,84077,WORLD WAR 2 GLIDERS ASSTD DESIGNS,48,2011-11-04 13:25:00,0.29,16012.0,United Kingdom
574528,85123A,WHITE HANGING HEART T-LIGHT HOLDER,6,2011-11-04 14:03:00,2.95,16782.0,United Kingdom
574529,23084,RABBIT NIGHT LIGHT,5,2011-11-04 14:06:00,2.08,17233.0,United Kingdom
574532,85123A,WHITE HANGING HEART T-LIGHT HOLDER,12,2011-11-04 14:19:00,2.95,15676.0,United Kingdom
574532,84077,WORLD WAR 2 GLIDERS ASSTD DESIGNS,48,2011-11-04 14:19:00,0.29,15676.0,United Kingdom
574532,22197,POPCORN HOLDER,12,2011-11-04 14:19:00,0.85,15676.0,United Kingdom
574536,22197,POPCORN HOLDER,4,2011-11-04 14:35:00,0.85,15707.0,United Kingdom
574536,22197,POPCORN HOLDER,1,2011-11-04 14:35:00,0.85,15707.0,United Kingdom
574536,21212,PACK OF 72 RETROSPOT CAKE CASES,1,2011-11-04 14:35:00,0.55,15707.0,United Kingdom
574536,22197,POPCORN HOLDER,2,2011-11-04 14:35:00,0.85,15707.0,United Kingdom
574536,21212,PACK OF 72 RETROSPOT CAKE CASES,1,2011-11-04 14:35:00,0.55,15707.0,United Kingdom
574545,23166,MEDIUM CERAMIC TOP STORAGE JAR,24,2011-11-04 14:54:00,1.25,17084.0,United Kingdom
574547,85099B,JUMBO BAG RED RETROSPOT,6,2011-11-04 15:08:00,2.08,17841.0,United Kingdom
574547,85123A,WHITE HANGING HEART T-LIGHT HOLDER,1,2011-11-04 15:08:00,2.95,17841.0,United Kingdom
574550,85123A,WHITE HANGING HEART T-LIGHT HOLDER,4,2011-11-04 15:18:00,2.95,12484.0,Spain
574550,22197,POPCORN HOLDER,12,2011-11-04 15:18:00,0.85,12484.0,Spain
574557,85123A,WHITE HANGING HEART T-LIGHT HOLDER,6,2011-11-04 15:35:00,2.95,17652.0,United Kingdom
574557,85099B,JUMBO BAG RED RETROSPOT,10,2011-11-04 15:35:00,2.08,17652.0,United Kingdom
574559,23084,RABBIT NIGHT LIGHT,24,2011-11-04 15:50:00,1.79,14056.0,United Kingdom
574560,23084,RABBIT NIGHT LIGHT,12,2011-11-04 15:51:00,2.08,17703.0,United Kingdom
574560,22197,POPCORN HOLDER,24,2011-11-04 15:51:00,0.85,17703.0,United Kingdom
574561,23084,RABBIT NIGHT LIGHT,33,2011-11-04 15:52:00,4.13,,United Kingdom
574561,85099B,JUMBO BAG RED RETROSPOT,10,2011-11-04 15:52:00,4.13,,United Kingdom
574561,22197,POPCORN HOLDER,18,2011-11-04 15:52:00,1.63,,United Kingdom
574575,84077,WORLD WAR 2 GLIDERS ASSTD DESIGNS,48,2011-11-04 17:03:00,0.29,14971.0,United Kingdom
574575,84879,ASSORTED COLOUR BIRD ORNAMENT,8,2011-11-04 17:03:00,1.69,14971.0,United Kingdom
574587,21212,PACK OF 72 RETROSPOT CAKE CASES,24,2011-11-06 10:29:00,0.55,14936.0,Channel Islands
574587,85123A,WHITE HANGING HEART T-LIGHT HOLDER,12,2011-11-06 10:29:00,2.95,14936.0,Channel Islands
574587,85099B,JUMBO BAG RED RETROSPOT,10,2011-11-06 10:29:00,2.08,14936.0,Channel Islands
574590,23084,RABBIT NIGHT LIGHT,48,2011-11-06 10:44:00,1.79,18077.0,United Kingdom
574619,84879,ASSORTED COLOUR BIRD ORNAMENT,8,2011-11-06 11:18:00,1.69,15952.0,United Kingdom
574624,85099B,JUMBO BAG RED RETROSPOT,5,2011-11-06 11:20:00,2.08,17769.0,United Kingdom
574624,23084,RABBIT NIGHT LIGHT,24,2011-11-06 11:20:00,1.79,17769.0,United Kingdom
574624,84879,ASSORTED COLOUR BIRD ORNAMENT,24,2011-11-06 11:20:00,1.69,17769.0,United Kingdom
574653,21212,PACK OF 72 RETROSPOT CAKE CASES,48,2011-11-06 11:30:00,0.55,12619.0,Germany
574654,85099B,JUMBO BAG RED RETROSPOT,1,2011-11-06 11:32:00,2.08,15571.0,United Kingdom
574654,23084,RABBIT NIGHT LIGHT,1,2011-11-06 11:32:00,2.08,15571.0,United Kingdom
574654,23084,RABBIT NIGHT LIGHT,2,2011-11-06 11:32:00,2.08,15571.0,United Kingdom
574655,85123A,WHITE HANGING HEART T-LIGHT HOLDER,12,2011-11-06 11:35:00,2.95,16466.0,United Kingdom
574660,85123A,WHITE HANGING HEART T-LIGHT HOLDER,3,2011-11-06 11:55:00,2.95,15407.0,United Kingdom
574661,23084,RABBIT NIGHT LIGHT,24,2011-11-06 11:56:00,1.79,13447.0,United Kingdom
574663,84879,ASSORTED COLOUR BIRD ORNAMENT,8,2011-11-06 12:04:00,1.69,13527.0,United Kingdom
574663,85099B,JUMBO BAG RED RETROSPOT,1,2011-11-06 12:04:00,2.08,13527.0,United Kingdom
574663,23084,RABBIT NIGHT LIGHT,6,2011-11-06 12:04:00,2.08,13527.0,United Kingdom
574664,22197,POPCORN HOLDER,200,2011-11-06 12:07:00,0.72,14482.0,United Kingdom
574666,23084,RABBIT NIGHT LIGHT,144,2011-11-06 12:10:00,1.79,16168.0,United Kingdom
574667,23084,RABBIT NIGHT LIGHT,10,2011-11-06 12:12:00,2.08,15514.0,United Kingdom
574673,85123A,WHITE HANGING HEART T-LIGHT HOLDER,3,2011-11-06 12:26:00,2.95,15555.0,United Kingdom
574675,23084,RABBIT NIGHT LIGHT,11,2011-11-06 12:31:00,2.08,17289.0,United Kingdom
574675,85123A,WHITE HANGING HEART T-LIGHT HOLDER,7,2011-11-06 12:31:00,2.95,17289.0,United Kingdom
574677,21212,PACK OF 72 RETROSPOT CAKE CASES,1,2011-11-06 12:32:00,0.55,16445.0,United Kingdom
574678,23084,RABBIT NIGHT LIGHT,6,2011-11-06 12:36:00,2.08,13365.0,United Kingdom
574680,85099B,JUMBO BAG RED RETROSPOT,20,2011-11-06 12:40:00,2.08,15078.0,United Kingdom
574680,21212,PACK OF 72 RETROSPOT CAKE CASES,24,2011-11-06 12:40:00,0.55,15078.0,United Kingdom
574682,22197,POPCORN HOLDER,25,2011-11-06 12:44:00,0.85,14963.0,United Kingdom
574682,23084,RABBIT NIGHT LIGHT,3,2011-11-06 12:44:00,2.08,14963.0,United Kingdom
574682,23084,RABBIT NIGHT LIGHT,2,2011-11-06 12:44:00,2.08,14963.0,United Kingdom
574684,85099B,JUMBO BAG RED RETROSPOT,50,2011-11-06 12:56:00,1.79,17581.0,United Kingdom
574684,21212,PACK OF 72 RETROSPOT CAKE CASES,25,2011-11-06 12:56:00,0.55,17581.0,United Kingdom
574684,22197,POPCORN HOLDER,24,2011-11-06 12:56:00,0.85,17581.0,United Kingdom
574685,23084,RABBIT NIGHT LIGHT,12,2011-11-06 12:59:00,2.08,17581.0,United Kingdom
574690,21212,PACK OF 72 RETROSPOT CAKE CASES,24,2011-11-06 13:11:00,0.55,12638.0,Sweden
574690,23084,RABBIT NIGHT LIGHT,12,2011-11-06 13:11:00,2.08,12638.0,Sweden
574694,23084,RABBIT NIGHT LIGHT,12,2011-11-06 13:36:00,2.08,12381.0,Norway
574696,85099B,JUMBO BAG RED RETROSPOT,3,2011-11-06 13:40:00,2.08,13634.0,United Kingdom
574697,84077,WORLD WAR 2 GLIDERS ASSTD DESIGNS,48,2011-11-06 13:42:00,0.29,16488.0,United Kingdom
574699,84879,ASSORTED COLOUR BIRD ORNAMENT,8,2011-11-06 13:53:00,1.69,13040.0,United Kingdom
574702,84879,ASSORTED COLOUR BIRD ORNAMENT,16,2011-11-06 13:54:00,1.69,15839.0,United Kingdom
574701,84879,ASSORTED COLOUR BIRD ORNAMENT,6,2011-11-06 13:54:00,1.69,15426.0,United Kingdom
574704,85123A,WHITE HANGING HEART T-LIGHT HOLDER,10,2011-11-06 14:02:00,2.95,15696.0,United Kingdom
574709,22197,POPCORN HOLDER,22,2011-11-06 14:14:00,0.85,17768.0,United Kingdom
574709,23084,RABBIT NIGHT LIGHT,6,2011-11-06 14:14:00,2.08,17768.0,United Kingdom
574709,85099B,JUMBO BAG RED RETROSPOT,4,2011-11-06 14:14:00,2.08,17768.0,United Kingdom
574710,23084,RABBIT NIGHT LIGHT,4,2011-11-06 14:17:00,2.08,15427.0,United Kingdom
574714,23084,RABBIT NIGHT LIGHT,6,2011-11-06 14:29:00,2.08,15427.0,United Kingdom
574714,22197,POPCORN HOLDER,4,2011-11-06 14:29:00,0.85,15427.0,United Kingdom
574719,84879,ASSORTED COLOUR BIRD ORNAMENT,16,2011-11-06 14:38:00,1.69,14511.0,United Kingdom
574720,85099B,JUMBO BAG RED RETROSPOT,6,2011-11-06 14:39:00,2.08,14547.0,United Kingdom
574721,23084,RABBIT NIGHT LIGHT,5,2011-11-06 14:43:00,2.08,17920.0,United Kingdom
574721,22616,PACK OF 12 LONDON TISSUES ,12,2011-11-06 14:43:00,0.39,17920.0,United Kingdom
574722,84879,ASSORTED COLOUR BIRD ORNAMENT,6,2011-11-06 14:45:00,1.69,14502.0,United Kingdom
574722,85123A,WHITE HANGING HEART T-LIGHT HOLDER,1,2011-11-06 14:45:00,2.95,14502.0,United Kingdom
574726,22197,POPCORN HOLDER,9,2011-11-06 14:56:00,0.85,14664.0,United Kingdom
574727,23166,MEDIUM CERAMIC TOP STORAGE JAR,2,2011-11-06 15:01:00,1.25,15526.0,United Kingdom
574728,84879,ASSORTED COLOUR BIRD ORNAMENT,16,2011-11-06 15:02:00,1.69,13719.0,United Kingdom
574732,84879,ASSORTED COLOUR BIRD ORNAMENT,12,2011-11-06 15:11:00,1.69,13523.0,United Kingdom
574732,84077,WORLD WAR 2 GLIDERS ASSTD DESIGNS,48,2011-11-06 15:11:00,0.29,13523.0,United Kingdom
574733,85099B,JUMBO BAG RED RETROSPOT,20,2011-11-06 15:17:00,2.08,17082.0,United Kingdom
574734,22197,POPCORN HOLDER,1,2011-11-06 15:20:00,0.85,15025.0,United Kingdom
574734,84879,ASSORTED COLOUR BIRD ORNAMENT,8,2011-11-06 15:20:00,1.69,15025.0,United Kingdom
574734,22197,POPCORN HOLDER,1,2011-11-06 15:20:00,0.85,15025.0,United Kingdom
574736,85123A,WHITE HANGING HEART T-LIGHT HOLDER,32,2011-11-06 15:43:00,2.55,17131.0,United Kingdom
574737,23084,RABBIT NIGHT LIGHT,6,2011-11-06 15:53:00,2.08,14868.0,United Kingdom
574738,85123A,WHITE HANGING HEART T-LIGHT HOLDER,6,2011-11-06 16:01:00,2.95,12748.0,United Kingdom
574741,22197,POPCORN HOLDER,8,2011-11-06 16:13:00,0.85,15993.0,United Kingdom
574741,84879,ASSORTED COLOUR BIRD ORNAMENT,8,2011-11-06 16:13:00,1.69,15993.0,United Kingdom
574743,23084,RABBIT NIGHT LIGHT,6,2011-11-06 16:14:00,2.08,15351.0,United Kingdom
574743,23084,RABBIT NIGHT LIGHT,1,2011-11-06 16:14:00,2.08,15351.0,United Kingdom
574744,85123A,WHITE HANGING HEART T-LIGHT HOLDER,6,2011-11-07 07:38:00,2.95,16612.0,United Kingdom
574744,85099B,JUMBO BAG RED RETROSPOT,10,2011-11-07 07:38:00,2.08,16612.0,United Kingdom
574746,85099B,JUMBO BAG RED RETROSPOT,30,2011-11-07 08:30:00,2.08,16523.0,United Kingdom
574747,21212,PACK OF 72 RETROSPOT CAKE CASES,24,2011-11-07 08:34:00,0.55,15618.0,United Kingdom
574749,85099B,JUMBO BAG RED RETROSPOT,10,2011-11-07 08:54:00,2.08,15150.0,United Kingdom
574750,21212,PACK OF 72 RETROSPOT CAKE CASES,24,2011-11-07 09:12:00,0.55,17164.0,United Kingdom
574754,85123A,WHITE HANGING HEART T-LIGHT HOLDER,6,2011-11-07 09:24:00,2.95,17430.0,United Kingdom
574755,23084,RABBIT NIGHT LIGHT,48,2011-11-07 09:28:00,1.79,13078.0,United Kingdom
574824,23084,RABBIT NIGHT LIGHT,12,2011-11-07 10:43:00,2.08,13097.0,United Kingdom
574826,23084,RABBIT NIGHT LIGHT,3,2011-11-07 10:58:00,2.08,15870.0,United Kingdom
574826,21212,PACK OF 72 RETROSPOT CAKE CASES,1,2011-11-07 10:58:00,0.55,15870.0,United Kingdom
574834,85099B,JUMBO BAG RED RETROSPOT,40,2011-11-07 11:30:00,2.08,13139.0,United Kingdom
574835,23084,RABBIT NIGHT LIGHT,12,2011-11-07 11:31:00,2.08,13139.0,United Kingdom
574837,22197,POPCORN HOLDER,100,2011-11-07 11:33:00,0.72,15785.0,United Kingdom
574856,23084,RABBIT NIGHT LIGHT,22,2011-11-07 12:06:00,4.13,,United Kingdom
574856,85099B,JUMBO BAG RED RETROSPOT,12,2011-11-07 12:06:00,4.13,,United Kingdom
574862,23084,RABBIT NIGHT LIGHT,48,2011-11-07 12:27:00,1.79,12408.0,Belgium
574863,85123A,WHITE HANGING HEART T-LIGHT HOLDER,5,2011-11-07 12:29:00,2.95,15719.0,United Kingdom
574864,85099B,JUMBO BAG RED RETROSPOT,10,2011-11-07 12:29:00,2.08,14387.0,United Kingdom
574864,23084,RABBIT NIGHT LIGHT,24,2011-11-07 12:29:00,1.79,14387.0,United Kingdom
574864,23084,RABBIT NIGHT LIGHT,24,2011-11-07 12:29:00,1.79,14387.0,United Kingdom
574864,85123A,WHITE HANGING HEART T-LIGHT HOLDER,2,2011-11-07 12:29:00,2.95,14387.0,United Kingdom
574863,85099B,JUMBO BAG RED RETROSPOT,12,2011-11-07 12:29:00,2.08,15719.0,United Kingdom
574863,21212,PACK OF 72 RETROSPOT CAKE CASES,4,2011-11-07 12:29:00,0.55,15719.0,United Kingdom
574870,85099B,JUMBO BAG RED RETROSPOT,2,2011-11-07 12:52:00,2.08,17811.0,United Kingdom
574878,23084,RABBIT NIGHT LIGHT,3,2011-11-07 13:18:00,2.08,14653.0,United Kingdom
574880,22197,POPCORN HOLDER,50,2011-11-07 13:25:00,0.85,18016.0,United Kingdom
574881,23084,RABBIT NIGHT LIGHT,6,2011-11-07 13:30:00,2.08,12832.0,United Kingdom
574882,23084,RABBIT NIGHT LIGHT,3,2011-11-07 13:45:00,2.08,13599.0,United Kingdom
574882,23166,MEDIUM CERAMIC TOP STORAGE JAR,4,2011-11-07 13:45:00,1.25,13599.0,United Kingdom
574885,23084,RABBIT NIGHT LIGHT,48,2011-11-07 14:01:00,1.79,12472.0,Germany
574893,85123A,WHITE HANGING HEART T-LIGHT HOLDER,4,2011-11-07 14:40:00,2.95,18036.0,United Kingdom
574896,23084,RABBIT NIGHT LIGHT,3,2011-11-07 14:51:00,2.08,17014.0,United Kingdom
574898,85123A,WHITE HANGING HEART T-LIGHT HOLDER,8,2011-11-07 15:07:00,2.95,16242.0,United Kingdom
574901,84879,ASSORTED COLOUR BIRD ORNAMENT,16,2011-11-07 15:15:00,1.69,17158.0,United Kingdom
574903,21212,PACK OF 72 RETROSPOT CAKE CASES,24,2011-11-07 15:27:00,0.55,17302.0,United Kingdom
574908,23084,RABBIT NIGHT LIGHT,24,2011-11-07 15:37:00,1.79,16009.0,United Kingdom
574911,23084,RABBIT NIGHT LIGHT,6,2011-11-07 15:49:00,2.08,14073.0,United Kingdom
574911,84879,ASSORTED COLOUR BIRD ORNAMENT,8,2011-11-07 15:49:00,1.69,14073.0,United Kingdom
574915,22197,POPCORN HOLDER,24,2011-11-07 16:17:00,0.85,16779.0,United Kingdom
574915,85099B,JUMBO BAG RED RETROSPOT,10,2011-11-07 16:17:00,2.08,16779.0,United Kingdom
574920,23084,RABBIT NIGHT LIGHT,12,2011-11-07 16:34:00,2.08,13985.0,United Kingdom
574920,85099B,JUMBO BAG RED RETROSPOT,10,2011-11-07 16:34:00,2.08,13985.0,United Kingdom
574923,22197,POPCORN HOLDER,18,2011-11-07 16:40:00,0.85,17757.0,United Kingdom
574938,85123A,WHITE HANGING HEART T-LIGHT HOLDER,64,2011-11-07 17:15:00,2.55,14911.0,EIRE
574939,23084,RABBIT NIGHT LIGHT,3,2011-11-07 17:16:00,2.08,17109.0,United Kingdom
574940,23084,RABBIT NIGHT LIGHT,6,2011-11-07 17:21:00,2.08,14929.0,United Kingdom
574941,23084,RABBIT NIGHT LIGHT,628,2011-11-07 17:42:00,4.95,,United Kingdom
574941,22616,PACK OF 12 LONDON TISSUES ,138,2011-11-07 17:42:00,1.0,,United Kingdom
574941,22197,POPCORN HOLDER,1820,2011-11-07 17:42:00,1.95,,United Kingdom
574950,23084,RABBIT NIGHT LIGHT,24,2011-11-08 09:29:00,4.13,,United Kingdom
574950,22197,POPCORN HOLDER,10,2011-11-08 09:29:00,1.63,,United Kingdom
574951,23084,RABBIT NIGHT LIGHT,6,2011-11-08 09:44:00,2.08,15763.0,United Kingdom
574956,23084,RABBIT NIGHT LIGHT,12,2011-11-08 09:54:00,2.08,16732.0,United Kingdom
574956,84077,WORLD WAR 2 GLIDERS ASSTD DESIGNS,48,2011-11-08 09:54:00,0.29,16732.0,United Kingdom
574958,21212,PACK OF 72 RETROSPOT CAKE CASES,24,2011-11-08 10:00:00,0.55,14050.0,United Kingdom
574962,85099B,JUMBO BAG RED RETROSPOT,30,2011-11-08 10:26:00,2.08,15194.0,United Kingdom
574965,23084,RABBIT NIGHT LIGHT,7,2011-11-08 10:44:00,2.08,17964.0,United Kingdom
574965,23084,RABBIT NIGHT LIGHT,1,2011-11-08 10:44:00,2.08,17964.0,United Kingdom
574965,23084,RABBIT NIGHT LIGHT,3,2011-11-08 10:44:00,2.08,17964.0,United Kingdom
574965,23084,RABBIT NIGHT LIGHT,4,2011-11-08 10:44:00,2.08,17964.0,United Kingdom
574966,23084,RABBIT NIGHT LIGHT,12,2011-11-08 10:50:00,2.08,14901.0,United Kingdom
574967,21212,PACK OF 72 RETROSPOT CAKE CASES,12,2011-11-08 10:51:00,2.08,,United Kingdom
574967,22197,POPCORN HOLDER,44,2011-11-08 10:51:00,2.46,,United Kingdom
575003,85099B,JUMBO BAG RED RETROSPOT,10,2011-11-08 11:09:00,2.08,15950.0,United Kingdom
575003,84879,ASSORTED COLOUR BIRD ORNAMENT,24,2011-11-08 11:09:00,1.69,15950.0,United Kingdom
575017,23084,RABBIT NIGHT LIGHT,4,2011-11-08 11:25:00,2.08,17219.0,United Kingdom
575027,23084,RABBIT NIGHT LIGHT,48,2011-11-08 11:29:00,1.79,13199.0,United Kingdom
575034,22197,POPCORN HOLDER,6,2011-11-08 11:38:00,0.85,15573.0,United Kingdom
575039,22197,POPCORN HOLDER,10,2011-11-08 11:53:00,0.85,15005.0,United Kingdom
575039,23084,RABBIT NIGHT LIGHT,2,2011-11-08 11:53:00,2.08,15005.0,United Kingdom
575040,21212,PACK OF 72 RETROSPOT CAKE CASES,24,2011-11-08 11:58:00,0.55,13381.0,United Kingdom
575040,84077,WORLD WAR 2 GLIDERS ASSTD DESIGNS,48,2011-11-08 11:58:00,0.29,13381.0,United Kingdom
575041,85123A,WHITE HANGING HEART T-LIGHT HOLDER,4,2011-11-08 12:01:00,2.95,17289.0,United Kingdom
575041,23084,RABBIT NIGHT LIGHT,12,2011-11-08 12:01:00,2.08,17289.0,United Kingdom
575046,22197,POPCORN HOLDER,21,2011-11-08 12:09:00,0.85,15039.0,United Kingdom
575046,85123A,WHITE HANGING HEART T-LIGHT HOLDER,32,2011-11-08 12:09:00,2.55,15039.0,United Kingdom
575049,23084,RABBIT NIGHT LIGHT,18,2011-11-08 12:13:00,2.08,12721.0,France
575049,85099B,JUMBO BAG RED RETROSPOT,10,2011-11-08 12:13:00,2.08,12721.0,France
575051,22197,POPCORN HOLDER,4,2011-11-08 12:14:00,0.85,15957.0,United Kingdom
575051,85099B,JUMBO BAG RED RETROSPOT,8,2011-11-08 12:14:00,2.08,15957.0,United Kingdom
575060,23084,RABBIT NIGHT LIGHT,12,2011-11-08 12:29:00,2.08,13089.0,United Kingdom
575067,22197,POPCORN HOLDER,24,2011-11-08 12:45:00,0.85,12583.0,France
575068,85099B,JUMBO BAG RED RETROSPOT,10,2011-11-08 12:46:00,2.08,14282.0,United Kingdom
575070,23166,MEDIUM CERAMIC TOP STORAGE JAR,4,2011-11-08 12:58:00,1.25,17841.0,United Kingdom
575070,23166,MEDIUM CERAMIC TOP STORAGE JAR,3,2011-11-08 12:58:00,1.25,17841.0,United Kingdom
575070,85099B,JUMBO BAG RED RETROSPOT,3,2011-11-08 12:58:00,2.08,17841.0,United Kingdom
575071,85099B,JUMBO BAG RED RETROSPOT,20,2011-11-08 13:01:00,2.08,12990.0,United Kingdom
575073,85099B,JUMBO BAG RED RETROSPOT,3,2011-11-08 13:10:00,2.08,13975.0,United Kingdom
575073,21212,PACK OF 72 RETROSPOT CAKE CASES,4,2011-11-08 13:10:00,0.55,13975.0,United Kingdom
575073,23084,RABBIT NIGHT LIGHT,24,2011-11-08 13:10:00,1.79,13975.0,United Kingdom
575076,85123A,WHITE HANGING HEART T-LIGHT HOLDER,12,2011-11-08 13:20:00,2.95,16639.0,United Kingdom
575078,85099B,JUMBO BAG RED RETROSPOT,10,2011-11-08 13:25:00,2.08,17633.0,United Kingdom
575080,84077,WORLD WAR 2 GLIDERS ASSTD DESIGNS,192,2011-11-08 13:29:00,0.29,14676.0,United Kingdom
575086,85123A,WHITE HANGING HEART T-LIGHT HOLDER,12,2011-11-08 13:52:00,2.95,16618.0,United Kingdom
575087,22616,PACK OF 12 LONDON TISSUES ,2,2011-11-08 13:57:00,0.39,16549.0,United Kingdom
575087,85123A,WHITE HANGING HEART T-LIGHT HOLDER,1,2011-11-08 13:57:00,2.95,16549.0,United Kingdom
575087,85123A,WHITE HANGING HEART T-LIGHT HOLDER,5,2011-11-08 13:57:00,2.95,16549.0,United Kingdom
575088,85123A,WHITE HANGING HEART T-LIGHT HOLDER,6,2011-11-08 14:00:00,2.95,13272.0,United Kingdom
575117,23084,RABBIT NIGHT LIGHT,1,2011-11-08 14:22:00,2.08,12748.0,United Kingdom
575117,23084,RABBIT NIGHT LIGHT,1,2011-11-08 14:22:00,2.08,12748.0,United Kingdom
575130,23084,RABBIT NIGHT LIGHT,1,2011-11-08 14:38:00,2.08,,United Kingdom
575137,23084,RABBIT NIGHT LIGHT,12,2011-11-08 15:13:00,2.08,13090.0,United Kingdom
575138,23084,RABBIT NIGHT LIGHT,4,2011-11-08 15:24:00,4.96,,United Kingdom
575138,23084,RABBIT NIGHT LIGHT,12,2011-11-08 15:24:00,4.13,,United Kingdom
575138,85099B,JUMBO BAG RED RETROSPOT,16,2011-11-08 15:24:00,4.13,,United Kingdom
575139,85123A,WHITE HANGING HEART T-LIGHT HOLDER,6,2011-11-08 15:26:00,2.95,16863.0,United Kingdom
575139,84077,WORLD WAR 2 GLIDERS ASSTD DESIGNS,48,2011-11-08 15:26:00,0.29,16863.0,United Kingdom
575141,85099B,JUMBO BAG RED RETROSPOT,20,2011-11-08 15:35:00,2.08,15615.0,United Kingdom
575143,85123A,WHITE HANGING HEART T-LIGHT HOLDER,6,2011-11-08 15:37:00,2.95,13643.0,United Kingdom
575148,85123A,WHITE HANGING HEART T-LIGHT HOLDER,6,2011-11-08 15:48:00,2.95,13867.0,United Kingdom
575152,84077,WORLD WAR 2 GLIDERS ASSTD DESIGNS,48,2011-11-08 16:12:00,0.29,16284.0,United Kingdom
575152,23084,RABBIT NIGHT LIGHT,5,2011-11-08 16:12:00,2.08,16284.0,United Kingdom
575154,23084,RABBIT NIGHT LIGHT,6,2011-11-08 16:15:00,2.08,12395.0,Belgium
575164,85123A,WHITE HANGING HEART T-LIGHT HOLDER,6,2011-11-08 16:55:00,2.95,18216.0,United Kingdom
575165,84879,ASSORTED COLOUR BIRD ORNAMENT,16,2011-11-08 17:05:00,1.69,14342.0,United Kingdom
575166,85099B,JUMBO BAG RED RETROSPOT,10,2011-11-08 17:09:00,2.08,17022.0,United Kingdom
575166,23084,RABBIT NIGHT LIGHT,6,2011-11-08 17:09:00,2.08,17022.0,United Kingdom
575167,23084,RABBIT NIGHT LIGHT,6,2011-11-08 17:09:00,2.08,15153.0,United Kingdom
575166,22197,POPCORN HOLDER,12,2011-11-08 17:09:00,0.85,17022.0,United Kingdom
575169,23084,RABBIT NIGHT LIGHT,6,2011-11-08 17:21:00,2.08,14367.0,United Kingdom
575176,23166,MEDIUM CERAMIC TOP STORAGE JAR,2,2011-11-08 18:29:00,2.46,,United Kingdom
575176,23084,RABBIT NIGHT LIGHT,28,2011-11-08 18:29:00,4.13,,United Kingdom
575176,85099B,JUMBO BAG RED RETROSPOT,3,2011-11-08 18:29:00,4.13,,United Kingdom
575176,21212,PACK OF 72 RETROSPOT CAKE CASES,2,2011-11-08 18:29:00,1.25,,United Kingdom
575176,22197,POPCORN HOLDER,31,2011-11-08 18:29:00,1.63,,United Kingdom
575177,23084,RABBIT NIGHT LIGHT,12,2011-11-08 18:41:00,4.13,,United Kingdom
575177,85099B,JUMBO BAG RED RETROSPOT,6,2011-11-08 18:41:00,4.13,,United Kingdom
575177,85123A,WHITE HANGING HEART T-LIGHT HOLDER,1,2011-11-08 18:41:00,5.79,,United Kingdom
575177,84879,ASSORTED COLOUR BIRD ORNAMENT,16,2011-11-08 18:41:00,3.12,,United Kingdom
575177,22616,PACK OF 12 LONDON TISSUES ,1,2011-11-08 18:41:00,0.83,,United Kingdom
575177,22197,POPCORN HOLDER,10,2011-11-08 18:41:00,1.63,,United Kingdom
575181,85099B,JUMBO BAG RED RETROSPOT,10,2011-11-09 08:21:00,2.08,14709.0,United Kingdom
575183,84879,ASSORTED COLOUR BIRD ORNAMENT,8,2011-11-09 08:36:00,1.69,13046.0,United Kingdom
575191,85099B,JUMBO BAG RED RETROSPOT,20,2011-11-09 09:22:00,2.08,18144.0,United Kingdom
575193,23084,RABBIT NIGHT LIGHT,24,2011-11-09 09:34:00,1.79,12681.0,France
575199,85099B,JUMBO BAG RED RETROSPOT,20,2011-11-09 09:48:00,2.08,12921.0,United Kingdom
575200,23084,RABBIT NIGHT LIGHT,6,2011-11-09 09:50:00,2.08,12921.0,United Kingdom
575201,85099B,JUMBO BAG RED RETROSPOT,200,2011-11-09 09:52:00,1.79,13629.0,United Kingdom
575203,23084,RABBIT NIGHT LIGHT,24,2011-11-09 10:14:00,1.79,13018.0,United Kingdom
575202,23084,RABBIT NIGHT LIGHT,6,2011-11-09 10:14:00,2.08,13018.0,United Kingdom
575207,84077,WORLD WAR 2 GLIDERS ASSTD DESIGNS,48,2011-11-09 10:27:00,0.29,18172.0,United Kingdom
575210,23084,RABBIT NIGHT LIGHT,6,2011-11-09 10:32:00,2.08,14732.0,United Kingdom
575211,85099B,JUMBO BAG RED RETROSPOT,1,2011-11-09 10:39:00,2.08,17377.0,United Kingdom
575213,85123A,WHITE HANGING HEART T-LIGHT HOLDER,32,2011-11-09 10:47:00,2.55,16210.0,United Kingdom
575215,85123A,WHITE HANGING HEART T-LIGHT HOLDER,3,2011-11-09 11:04:00,2.95,18109.0,United Kingdom
575218,22197,POPCORN HOLDER,24,2011-11-09 11:16:00,0.85,16592.0,United Kingdom
575219,85099B,JUMBO BAG RED RETROSPOT,100,2011-11-09 11:17:00,1.79,17511.0,United Kingdom
575219,85123A,WHITE HANGING HEART T-LIGHT HOLDER,64,2011-11-09 11:17:00,2.55,17511.0,United Kingdom
575219,22197,POPCORN HOLDER,200,2011-11-09 11:17:00,0.72,17511.0,United Kingdom
575220,85099B,JUMBO BAG RED RETROSPOT,100,2011-11-09 11:19:00,1.79,17511.0,United Kingdom
575221,84879,ASSORTED COLOUR BIRD ORNAMENT,16,2011-11-09 11:25:00,1.69,12949.0,United Kingdom
575297,85123A,WHITE HANGING HEART T-LIGHT HOLDER,6,2011-11-09 12:26:00,2.95,15134.0,United Kingdom
575298,85123A,WHITE HANGING HEART T-LIGHT HOLDER,2,2011-11-09 12:29:00,2.95,17841.0,United Kingdom
575300,84077,WORLD WAR 2 GLIDERS ASSTD DESIGNS,48,2011-11-09 12:30:00,0.29,13804.0,United Kingdom
575302,85099B,JUMBO BAG RED RETROSPOT,100,2011-11-09 12:32:00,1.79,17086.0,United Kingdom
575305,85099B,JUMBO BAG RED RETROSPOT,20,2011-11-09 12:45:00,2.08,14188.0,United Kingdom
575324,85123A,WHITE HANGING HEART T-LIGHT HOLDER,6,2011-11-09 13:45:00,2.95,14240.0,United Kingdom
575325,23084,RABBIT NIGHT LIGHT,6,2011-11-09 13:46:00,2.08,17293.0,United Kingdom
575330,84879,ASSORTED COLOUR BIRD ORNAMENT,24,2011-11-09 13:50:00,1.69,15152.0,United Kingdom
575331,22197,POPCORN HOLDER,36,2011-11-09 13:52:00,0.85,13209.0,United Kingdom
575331,22197,POPCORN HOLDER,12,2011-11-09 13:52:00,0.85,13209.0,United Kingdom
575331,85099B,JUMBO BAG RED RETROSPOT,10,2011-11-09 13:52:00,2.08,13209.0,United Kingdom
575332,23084,RABBIT NIGHT LIGHT,48,2011-11-09 13:53:00,1.79,13209.0,United Kingdom
575334,23084,RABBIT NIGHT LIGHT,6,2011-11-09 13:54:00,2.08,14493.0,United Kingdom
575334,84879,ASSORTED COLOUR BIRD ORNAMENT,16,2011-11-09 13:54:00,1.69,14493.0,United Kingdom
575335,23084,RABBIT NIGHT LIGHT,300,2011-11-09 13:56:00,1.79,12931.0,United Kingdom
575335,84879,ASSORTED COLOUR BIRD ORNAMENT,1200,2011-11-09 13:56:00,1.45,12931.0,United Kingdom
575335,22197,POPCORN HOLDER,700,2011-11-09 13:56:00,0.72,12931.0,United Kingdom
575336,22197,POPCORN HOLDER,3,2011-11-09 13:58:00,0.85,14968.0,United Kingdom
575336,23084,RABBIT NIGHT LIGHT,1,2011-11-09 13:58:00,2.08,14968.0,United Kingdom
575337,23084,RABBIT NIGHT LIGHT,1,2011-11-09 14:11:00,2.08,17867.0,United Kingdom
575342,23084,RABBIT NIGHT LIGHT,6,2011-11-09 14:44:00,2.08,17528.0,United Kingdom
575368,23084,RABBIT NIGHT LIGHT,1,2011-11-09 15:07:00,2.08,14482.0,United Kingdom
575371,84077,WORLD WAR 2 GLIDERS ASSTD DESIGNS,48,2011-11-09 15:11:00,0.29,14132.0,United Kingdom
575383,84879,ASSORTED COLOUR BIRD ORNAMENT,8,2011-11-09 15:17:00,1.69,15986.0,United Kingdom
575410,85099B,JUMBO BAG RED RETROSPOT,20,2011-11-09 15:50:00,2.08,17705.0,United Kingdom
575433,85099B,JUMBO BAG RED RETROSPOT,10,2011-11-09 15:54:00,2.08,16953.0,United Kingdom
575475,85099B,JUMBO BAG RED RETROSPOT,100,2011-11-09 16:03:00,1.79,17702.0,United Kingdom
575477,23166,MEDIUM CERAMIC TOP STORAGE JAR,2,2011-11-09 16:14:00,2.46,,United Kingdom
575477,23084,RABBIT NIGHT LIGHT,19,2011-11-09 16:14:00,4.13,,United Kingdom
575477,85099B,JUMBO BAG RED RETROSPOT,4,2011-11-09 16:14:00,4.13,,United Kingdom
575477,21212,PACK OF 72 RETROSPOT CAKE CASES,4,2011-11-09 16:14:00,1.25,,United Kingdom
575477,22197,POPCORN HOLDER,4,2011-11-09 16:14:00,1.63,,United Kingdom
575482,23084,RABBIT NIGHT LIGHT,6,2011-11-09 16:33:00,2.08,15916.0,United Kingdom
575483,84879,ASSORTED COLOUR BIRD ORNAMENT,32,2011-11-09 16:43:00,1.69,16996.0,United Kingdom
575484,23084,RABBIT NIGHT LIGHT,6,2011-11-09 17:02:00,2.08,16670.0,United Kingdom
575487,84879,ASSORTED COLOUR BIRD ORNAMENT,8,2011-11-09 17:11:00,1.69,15450.0,United Kingdom
575490,22197,POPCORN HOLDER,100,2011-11-09 17:44:00,0.72,15031.0,United Kingdom
575491,85099B,JUMBO BAG RED RETROSPOT,10,2011-11-09 17:47:00,2.08,15531.0,United Kingdom
575501,22197,POPCORN HOLDER,100,2011-11-10 09:59:00,0.72,16218.0,United Kingdom
575502,22616,PACK OF 12 LONDON TISSUES ,48,2011-11-10 10:10:00,0.39,16700.0,United Kingdom
575504,21212,PACK OF 72 RETROSPOT CAKE CASES,24,2011-11-10 10:29:00,0.55,14895.0,United Kingdom
575509,22197,POPCORN HOLDER,48,2011-11-10 10:32:00,0.85,17101.0,United Kingdom
575507,23084,RABBIT NIGHT LIGHT,12,2011-11-10 10:32:00,2.08,17197.0,United Kingdom
575512,85099B,JUMBO BAG RED RETROSPOT,10,2011-11-10 10:36:00,2.08,14121.0,United Kingdom
575512,23084,RABBIT NIGHT LIGHT,12,2011-11-10 10:36:00,2.08,14121.0,United Kingdom
575514,22197,POPCORN HOLDER,24,2011-11-10 10:40:00,0.85,12541.0,Spain
575516,23084,RABBIT NIGHT LIGHT,12,2011-11-10 10:45:00,2.08,17340.0,United Kingdom
575516,84077,WORLD WAR 2 GLIDERS ASSTD DESIGNS,96,2011-11-10 10:45:00,0.29,17340.0,United Kingdom
575517,85099B,JUMBO BAG RED RETROSPOT,2,2011-11-10 10:49:00,2.08,14562.0,United Kingdom
575519,23084,RABBIT NIGHT LIGHT,48,2011-11-10 10:53:00,1.79,12682.0,France
575520,23084,RABBIT NIGHT LIGHT,6,2011-11-10 10:56:00,2.08,17537.0,United Kingdom
575525,23084,RABBIT NIGHT LIGHT,72,2011-11-10 11:06:00,1.79,13983.0,United Kingdom
575576,21212,PACK OF 72 RETROSPOT CAKE CASES,24,2011-11-10 11:45:00,0.55,16025.0,United Kingdom
575579,22197,POPCORN HOLDER,100,2011-11-10 11:49:00,0.72,13081.0,United Kingdom
575583,85123A,WHITE HANGING HEART T-LIGHT HOLDER,2,2011-11-10 11:55:00,2.95,14456.0,United Kingdom
575583,22197,POPCORN HOLDER,6,2011-11-10 11:55:00,0.85,14456.0,United Kingdom
575583,85123A,WHITE HANGING HEART T-LIGHT HOLDER,1,2011-11-10 11:55:00,2.95,14456.0,United Kingdom
575584,85099B,JUMBO BAG RED RETROSPOT,10,2011-11-10 11:55:00,2.08,12682.0,France
575583,85099B,JUMBO BAG RED RETROSPOT,1,2011-11-10 11:55:00,2.08,14456.0,United Kingdom
575582,85099B,JUMBO BAG RED RETROSPOT,1000,2011-11-10 11:55:00,1.79,16986.0,United Kingdom
575589,23084,RABBIT NIGHT LIGHT,12,2011-11-10 12:05:00,2.08,14262.0,United Kingdom
575595,85123A,WHITE HANGING HEART T-LIGHT HOLDER,6,2011-11-10 12:13:00,2.95,15452.0,United Kingdom
575601,21212,PACK OF 72 RETROSPOT CAKE CASES,1,2011-11-10 12:16:00,0.55,,United Kingdom
575602,85123A,WHITE HANGING HEART T-LIGHT HOLDER,1,2011-11-10 12:27:00,2.95,17059.0,United Kingdom
575602,84879,ASSORTED COLOUR BIRD ORNAMENT,8,2011-11-10 12:27:00,1.69,17059.0,United Kingdom
575602,85099B,JUMBO BAG RED RETROSPOT,2,2011-11-10 12:27:00,2.08,17059.0,United Kingdom
575603,22197,POPCORN HOLDER,24,2011-11-10 12:29:00,0.85,18125.0,United Kingdom
575603,85123A,WHITE HANGING HEART T-LIGHT HOLDER,4,2011-11-10 12:29:00,2.95,18125.0,United Kingdom
575607,23084,RABBIT NIGHT LIGHT,31,2011-11-10 12:37:00,4.13,14096.0,United Kingdom
575607,85123A,WHITE HANGING HEART T-LIGHT HOLDER,2,2011-11-10 12:37:00,5.79,14096.0,United Kingdom
575607,85099B,JUMBO BAG RED RETROSPOT,2,2011-11-10 12:37:00,4.13,14096.0,United Kingdom
575607,84077,WORLD WAR 2 GLIDERS ASSTD DESIGNS,5,2011-11-10 12:37:00,0.63,14096.0,United Kingdom
575607,21212,PACK OF 72 RETROSPOT CAKE CASES,3,2011-11-10 12:37:00,1.25,14096.0,United Kingdom
575607,22616,PACK OF 12 LONDON TISSUES ,1,2011-11-10 12:37:00,0.83,14096.0,United Kingdom
575607,22197,POPCORN HOLDER,3,2011-11-10 12:37:00,1.63,14096.0,United Kingdom
575609,84879,ASSORTED COLOUR BIRD ORNAMENT,40,2011-11-10 12:40:00,1.69,17243.0,United Kingdom
575609,85123A,WHITE HANGING HEART T-LIGHT HOLDER,8,2011-11-10 12:40:00,2.95,17243.0,United Kingdom
575620,84879,ASSORTED COLOUR BIRD ORNAMENT,8,2011-11-10 13:01:00,1.69,17573.0,United Kingdom
575622,22616,PACK OF 12 LONDON TISSUES ,12,2011-11-10 13:13:00,0.39,16743.0,United Kingdom
575627,84077,WORLD WAR 2 GLIDERS ASSTD DESIGNS,96,2011-11-10 13:28:00,0.29,17977.0,United Kingdom
575631,85123A,WHITE HANGING HEART T-LIGHT HOLDER,4,2011-11-10 13:41:00,2.95,15184.0,United Kingdom
575640,22616,PACK OF 12 LONDON TISSUES ,3,2011-11-10 14:01:00,0.39,13148.0,United Kingdom
575643,23084,RABBIT NIGHT LIGHT,12,2011-11-10 14:09:00,2.08,13267.0,United Kingdom
575647,22197,POPCORN HOLDER,24,2011-11-10 14:16:00,0.85,16440.0,United Kingdom
575647,85099B,JUMBO BAG RED RETROSPOT,4,2011-11-10 14:16:00,2.08,16440.0,United Kingdom
575647,85123A,WHITE HANGING HEART T-LIGHT HOLDER,4,2011-11-10 14:16:00,2.95,16440.0,United Kingdom
575656,23084,RABBIT NIGHT LIGHT,48,2011-11-10 14:29:00,1.79,13319.0,United Kingdom
575656,84879,ASSORTED COLOUR BIRD ORNAMENT,40,2011-11-10 14:29:00,1.69,13319.0,United Kingdom
575657,23084,RABBIT NIGHT LIGHT,18,2011-11-10 14:30:00,2.08,13319.0,United Kingdom
575658,23084,RABBIT NIGHT LIGHT,12,2011-11-10 14:31:00,2.08,13319.0,United Kingdom
575660,84879,ASSORTED COLOUR BIRD ORNAMENT,16,2011-11-10 14:38:00,1.69,15297.0,United Kingdom
575668,85099B,JUMBO BAG RED RETROSPOT,1,2011-11-10 14:59:00,2.08,18283.0,United Kingdom
575671,23084,RABBIT NIGHT LIGHT,48,2011-11-10 15:03:00,1.79,12670.0,France
575680,84879,ASSORTED COLOUR BIRD ORNAMENT,16,2011-11-10 15:23:00,1.69,13148.0,United Kingdom
575680,85123A,WHITE HANGING HEART T-LIGHT HOLDER,6,2011-11-10 15:23:00,2.95,13148.0,United Kingdom
575678,84077,WORLD WAR 2 GLIDERS ASSTD DESIGNS,48,2011-11-10 15:23:00,0.29,16169.0,United Kingdom
575681,21212,PACK OF 72 RETROSPOT CAKE CASES,2,2011-11-10 15:32:00,0.55,16903.0,United Kingdom
575681,22197,POPCORN HOLDER,10,2011-11-10 15:32:00,0.85,16903.0,United Kingdom
575683,85099B,JUMBO BAG RED RETROSPOT,30,2011-11-10 15:51:00,2.08,17389.0,United Kingdom
575685,23084,RABBIT NIGHT LIGHT,24,2011-11-10 15:57:00,1.79,15694.0,United Kingdom
575686,85099B,JUMBO BAG RED RETROSPOT,10,2011-11-10 15:59:00,2.08,17716.0,United Kingdom
575694,23084,RABBIT NIGHT LIGHT,1,2011-11-10 16:38:00,2.08,12748.0,United Kingdom
575698,84879,ASSORTED COLOUR BIRD ORNAMENT,8,2011-11-10 16:51:00,1.69,16094.0,United Kingdom
575698,21212,PACK OF 72 RETROSPOT CAKE CASES,24,2011-11-10 16:51:00,0.55,16094.0,United Kingdom
575701,84879,ASSORTED COLOUR BIRD ORNAMENT,32,2011-11-10 16:59:00,1.69,13396.0,United Kingdom
575705,84879,ASSORTED COLOUR BIRD ORNAMENT,16,2011-11-10 17:06:00,1.69,15159.0,United Kingdom
575706,84879,ASSORTED COLOUR BIRD ORNAMENT,8,2011-11-10 17:13:00,1.69,14713.0,United Kingdom
575706,85099B,JUMBO BAG RED RETROSPOT,2,2011-11-10 17:13:00,2.08,14713.0,United Kingdom
575708,23084,RABBIT NIGHT LIGHT,6,2011-11-10 17:17:00,2.08,13460.0,United Kingdom
575725,85123A,WHITE HANGING HEART T-LIGHT HOLDER,32,2011-11-10 18:46:00,2.55,13098.0,United Kingdom
575726,23084,RABBIT NIGHT LIGHT,2,2011-11-10 19:12:00,2.08,16791.0,United Kingdom
575726,84879,ASSORTED COLOUR BIRD ORNAMENT,8,2011-11-10 19:12:00,1.69,16791.0,United Kingdom
575726,85123A,WHITE HANGING HEART T-LIGHT HOLDER,1,2011-11-10 19:12:00,2.95,16791.0,United Kingdom
575734,23084,RABBIT NIGHT LIGHT,6,2011-11-11 08:39:00,2.08,12384.0,Switzerland
575735,85123A,WHITE HANGING HEART T-LIGHT HOLDER,6,2011-11-11 08:46:00,2.95,14156.0,EIRE
575739,23166,MEDIUM CERAMIC TOP STORAGE JAR,4,2011-11-11 09:05:00,2.46,,United Kingdom
575739,23084,RABBIT NIGHT LIGHT,58,2011-11-11 09:05:00,4.13,,United Kingdom
575739,85123A,WHITE HANGING HEART T-LIGHT HOLDER,1,2011-11-11 09:05:00,5.79,,United Kingdom
575739,85099B,JUMBO BAG RED RETROSPOT,2,2011-11-11 09:05:00,4.13,,United Kingdom
575739,84077,WORLD WAR 2 GLIDERS ASSTD DESIGNS,5,2011-11-11 09:05:00,0.63,,United Kingdom
575739,21212,PACK OF 72 RETROSPOT CAKE CASES,2,2011-11-11 09:05:00,1.25,,United Kingdom
575739,22616,PACK OF 12 LONDON TISSUES ,1,2011-11-11 09:05:00,0.83,,United Kingdom
575739,22197,POPCORN HOLDER,3,2011-11-11 09:05:00,1.63,,United Kingdom
575740,23084,RABBIT NIGHT LIGHT,12,2011-11-11 09:25:00,2.08,18130.0,United Kingdom
575742,23084,RABBIT NIGHT LIGHT,24,2011-11-11 09:46:00,1.79,14309.0,United Kingdom
575744,85123A,WHITE HANGING HEART T-LIGHT HOLDER,12,2011-11-11 10:03:00,2.95,14035.0,United Kingdom
575744,84879,ASSORTED COLOUR BIRD ORNAMENT,32,2011-11-11 10:03:00,1.69,14035.0,United Kingdom
575745,85099B,JUMBO BAG RED RETROSPOT,10,2011-11-11 10:14:00,2.08,16458.0,United Kingdom
575748,23084,RABBIT NIGHT LIGHT,6,2011-11-11 10:21:00,4.96,,United Kingdom
575748,21212,PACK OF 72 RETROSPOT CAKE CASES,25,2011-11-11 10:21:00,2.08,,United Kingdom
575748,22197,POPCORN HOLDER,66,2011-11-11 10:21:00,2.46,,United Kingdom
575750,85099B,JUMBO BAG RED RETROSPOT,10,2011-11-11 10:29:00,2.08,12600.0,Germany
575751,84077,WORLD WAR 2 GLIDERS ASSTD DESIGNS,48,2011-11-11 10:32:00,0.29,14911.0,EIRE
575753,85099B,JUMBO BAG RED RETROSPOT,1,2011-11-11 10:41:00,2.08,17841.0,United Kingdom
575754,23084,RABBIT NIGHT LIGHT,1,2011-11-11 10:43:00,2.08,17295.0,United Kingdom
575756,85123A,WHITE HANGING HEART T-LIGHT HOLDER,2,2011-11-11 10:48:00,2.95,18118.0,United Kingdom
575756,22197,POPCORN HOLDER,10,2011-11-11 10:48:00,0.85,18118.0,United Kingdom
575760,85123A,WHITE HANGING HEART T-LIGHT HOLDER,20,2011-11-11 10:50:00,2.95,15965.0,United Kingdom
575760,84879,ASSORTED COLOUR BIRD ORNAMENT,8,2011-11-11 10:50:00,1.69,15965.0,United Kingdom
575760,84879,ASSORTED COLOUR BIRD ORNAMENT,8,2011-11-11 10:50:00,1.69,15965.0,United Kingdom
575766,22197,POPCORN HOLDER,3,2011-11-11 11:06:00,0.85,12856.0,United Kingdom
575766,85123A,WHITE HANGING HEART T-LIGHT HOLDER,7,2011-11-11 11:06:00,2.95,12856.0,United Kingdom
575766,23084,RABBIT NIGHT LIGHT,3,2011-11-11 11:06:00,2.08,12856.0,United Kingdom
575766,85123A,WHITE HANGING HEART T-LIGHT HOLDER,1,2011-11-11 11:06:00,2.95,12856.0,United Kingdom
575787,23084,RABBIT NIGHT LIGHT,6,2011-11-11 11:18:00,2.08,12518.0,Germany
575838,23084,RABBIT NIGHT LIGHT,6,2011-11-11 11:38:00,2.08,13999.0,United Kingdom
575840,21212,PACK OF 72 RETROSPOT CAKE CASES,4,2011-11-11 11:56:00,0.55,13137.0,United Kingdom
575842,84879,ASSORTED COLOUR BIRD ORNAMENT,8,2011-11-11 12:01:00,1.69,15024.0,United Kingdom
575843,85099B,JUMBO BAG RED RETROSPOT,1,2011-11-11 12:02:00,2.08,14446.0,United Kingdom
575845,23084,RABBIT NIGHT LIGHT,12,2011-11-11 12:07:00,2.08,12598.0,France
575850,85123A,WHITE HANGING HEART T-LIGHT HOLDER,32,2011-11-11 12:11:00,2.55,17512.0,United Kingdom
575851,23084,RABBIT NIGHT LIGHT,3,2011-11-11 12:13:00,2.08,14662.0,United Kingdom
575852,23084,RABBIT NIGHT LIGHT,4,2011-11-11 12:17:00,2.08,17238.0,United Kingdom
575854,84879,ASSORTED COLOUR BIRD ORNAMENT,8,2011-11-11 12:20:00,1.69,14125.0,United Kingdom
575854,23084,RABBIT NIGHT LIGHT,6,2011-11-11 12:20:00,2.08,14125.0,United Kingdom
575856,84879,ASSORTED COLOUR BIRD ORNAMENT,3,2011-11-11 12:28:00,1.69,16386.0,United Kingdom
575856,85099B,JUMBO BAG RED RETROSPOT,2,2011-11-11 12:28:00,2.08,16386.0,United Kingdom
575856,22197,POPCORN HOLDER,3,2011-11-11 12:28:00,0.85,16386.0,United Kingdom
575856,84879,ASSORTED COLOUR BIRD ORNAMENT,1,2011-11-11 12:28:00,1.69,16386.0,United Kingdom
575866,23084,RABBIT NIGHT LIGHT,96,2011-11-11 12:41:00,1.79,16107.0,United Kingdom
575868,23084,RABBIT NIGHT LIGHT,24,2011-11-11 12:44:00,1.79,12985.0,United Kingdom
575868,84077,WORLD WAR 2 GLIDERS ASSTD DESIGNS,48,2011-11-11 12:44:00,0.29,12985.0,United Kingdom
575867,85123A,WHITE HANGING HEART T-LIGHT HOLDER,3,2011-11-11 12:44:00,2.95,15034.0,United Kingdom
575867,84077,WORLD WAR 2 GLIDERS ASSTD DESIGNS,48,2011-11-11 12:44:00,0.29,15034.0,United Kingdom
575867,22197,POPCORN HOLDER,47,2011-11-11 12:44:00,0.85,15034.0,United Kingdom
575871,85099B,JUMBO BAG RED RETROSPOT,10,2011-11-11 12:52:00,2.08,14911.0,EIRE
575871,22197,POPCORN HOLDER,24,2011-11-11 12:52:00,0.85,14911.0,EIRE
575873,23084,RABBIT NIGHT LIGHT,96,2011-11-11 12:53:00,1.79,17677.0,United Kingdom
575875,23084,RABBIT NIGHT LIGHT,22,2011-11-11 13:06:00,4.13,,United Kingdom
575875,84077,WORLD WAR 2 GLIDERS ASSTD DESIGNS,5,2011-11-11 13:06:00,0.63,,United Kingdom
575875,21212,PACK OF 72 RETROSPOT CAKE CASES,2,2011-11-11 13:06:00,1.25,,United Kingdom
575875,22197,POPCORN HOLDER,14,2011-11-11 13:06:00,1.63,,United Kingdom
575884,23084,RABBIT NIGHT LIGHT,6,2011-11-11 13:46:00,2.08,12685.0,France
575886,21212,PACK OF 72 RETROSPOT CAKE CASES,12,2011-11-11 13:57:00,0.55,12517.0,Germany
575886,23084,RABBIT NIGHT LIGHT,10,2011-11-11 13:57:00,2.08,12517.0,Germany
575889,23084,RABBIT NIGHT LIGHT,4,2011-11-11 14:09:00,2.08,16433.0,United Kingdom
575891,85123A,WHITE HANGING HEART T-LIGHT HOLDER,6,2011-11-11 14:12:00,2.95,15692.0,United Kingdom
575891,23084,RABBIT NIGHT LIGHT,6,2011-11-11 14:12:00,2.08,15692.0,United Kingdom
575892,23084,RABBIT NIGHT LIGHT,6,2011-11-11 14:22:00,2.08,16332.0,United Kingdom
575893,85099B,JUMBO BAG RED RETROSPOT,10,2011-11-11 14:23:00,2.08,17088.0,United Kingdom
575895,23084,RABBIT NIGHT LIGHT,3,2011-11-11 14:50:00,2.08,17052.0,United Kingdom
575895,23084,RABBIT NIGHT LIGHT,1,2011-11-11 14:50:00,2.08,17052.0,United Kingdom
575895,21212,PACK OF 72 RETROSPOT CAKE CASES,1,2011-11-11 14:50:00,0.55,17052.0,United Kingdom
575897,84077,WORLD WAR 2 GLIDERS ASSTD DESIGNS,48,2011-11-11 14:53:00,0.29,15492.0,United Kingdom
575898,84879,ASSORTED COLOUR BIRD ORNAMENT,16,2011-11-11 15:08:00,1.69,16368.0,United Kingdom
575900,23084,RABBIT NIGHT LIGHT,1,2011-11-11 15:14:00,2.08,,United Kingdom
575904,23084,RABBIT NIGHT LIGHT,9,2011-11-11 15:28:00,2.08,18014.0,United Kingdom
575908,84077,WORLD WAR 2 GLIDERS ASSTD DESIGNS,48,2011-11-11 15:54:00,0.29,13091.0,United Kingdom
575914,23084,RABBIT NIGHT LIGHT,12,2011-11-11 16:31:00,2.08,17071.0,United Kingdom
575917,85123A,WHITE HANGING HEART T-LIGHT HOLDER,32,2011-11-11 16:57:00,2.55,13895.0,United Kingdom
575917,84879,ASSORTED COLOUR BIRD ORNAMENT,8,2011-11-11 16:57:00,1.69,13895.0,United Kingdom
575918,85123A,WHITE HANGING HEART T-LIGHT HOLDER,6,2011-11-11 16:58:00,2.95,17191.0,United Kingdom
575919,23166,MEDIUM CERAMIC TOP STORAGE JAR,48,2011-11-11 17:00:00,1.04,15311.0,United Kingdom
575922,23084,RABBIT NIGHT LIGHT,12,2011-11-11 17:10:00,2.08,15681.0,United Kingdom
575929,85123A,WHITE HANGING HEART T-LIGHT HOLDER,6,2011-11-11 17:23:00,2.95,13310.0,United Kingdom
575929,23084,RABBIT NIGHT LIGHT,6,2011-11-11 17:23:00,2.08,13310.0,United Kingdom
575929,84879,ASSORTED COLOUR BIRD ORNAMENT,8,2011-11-11 17:23:00,1.69,13310.0,United Kingdom
575930,23166,MEDIUM CERAMIC TOP STORAGE JAR,6,2011-11-11 17:58:00,2.46,,United Kingdom
575930,23084,RABBIT NIGHT LIGHT,33,2011-11-11 17:58:00,4.13,,United Kingdom
575930,85099B,JUMBO BAG RED RETROSPOT,2,2011-11-11 17:58:00,4.13,,United Kingdom
575930,21212,PACK OF 72 RETROSPOT CAKE CASES,4,2011-11-11 17:58:00,1.25,,United Kingdom
575930,22197,POPCORN HOLDER,14,2011-11-11 17:58:00,1.63,,United Kingdom
575932,85123A,WHITE HANGING HEART T-LIGHT HOLDER,5,2011-11-13 10:35:00,2.95,16923.0,United Kingdom
575937,84077,WORLD WAR 2 GLIDERS ASSTD DESIGNS,48,2011-11-13 11:24:00,0.29,12935.0,United Kingdom
575938,85123A,WHITE HANGING HEART T-LIGHT HOLDER,5,2011-11-13 11:30:00,2.95,17790.0,United Kingdom
575941,85123A,WHITE HANGING HEART T-LIGHT HOLDER,1,2011-11-13 11:39:00,2.95,16438.0,United Kingdom
575943,22616,PACK OF 12 LONDON TISSUES ,12,2011-11-13 11:44:00,0.39,17920.0,United Kingdom
575942,21212,PACK OF 72 RETROSPOT CAKE CASES,24,2011-11-13 11:44:00,0.55,15599.0,United Kingdom
575947,23084,RABBIT NIGHT LIGHT,1,2011-11-13 11:50:00,4.96,,United Kingdom
575947,85099B,JUMBO BAG RED RETROSPOT,10,2011-11-13 11:50:00,4.13,,United Kingdom
575951,21212,PACK OF 72 RETROSPOT CAKE CASES,24,2011-11-13 11:54:00,0.55,13450.0,United Kingdom
575954,84077,WORLD WAR 2 GLIDERS ASSTD DESIGNS,48,2011-11-13 12:03:00,0.29,17211.0,United Kingdom
575955,85123A,WHITE HANGING HEART T-LIGHT HOLDER,3,2011-11-13 12:05:00,2.95,14044.0,United Kingdom
575959,85099B,JUMBO BAG RED RETROSPOT,10,2011-11-13 12:27:00,2.08,14547.0,United Kingdom
575959,85123A,WHITE HANGING HEART T-LIGHT HOLDER,4,2011-11-13 12:27:00,2.95,14547.0,United Kingdom
575966,23084,RABBIT NIGHT LIGHT,6,2011-11-13 12:38:00,2.08,13984.0,United Kingdom
575969,85099B,JUMBO BAG RED RETROSPOT,3,2011-11-13 12:47:00,2.08,13571.0,United Kingdom
575969,22197,POPCORN HOLDER,19,2011-11-13 12:47:00,0.85,13571.0,United Kingdom
575972,85123A,WHITE HANGING HEART T-LIGHT HOLDER,3,2011-11-13 13:01:00,2.95,14499.0,United Kingdom
575973,84879,ASSORTED COLOUR BIRD ORNAMENT,8,2011-11-13 13:03:00,1.69,,EIRE
575976,85123A,WHITE HANGING HEART T-LIGHT HOLDER,5,2011-11-13 13:26:00,2.95,15271.0,United Kingdom
575977,84879,ASSORTED COLOUR BIRD ORNAMENT,4,2011-11-13 13:27:00,1.69,17287.0,United Kingdom
575977,22616,PACK OF 12 LONDON TISSUES ,12,2011-11-13 13:27:00,0.39,17287.0,United Kingdom
575982,85123A,WHITE HANGING HEART T-LIGHT HOLDER,32,2011-11-13 13:42:00,2.55,13798.0,United Kingdom
575985,85099B,JUMBO BAG RED RETROSPOT,10,2011-11-13 14:09:00,2.08,17841.0,United Kingdom
575989,23084,RABBIT NIGHT LIGHT,1,2011-11-13 14:20:00,2.08,14698.0,United Kingdom
575989,23084,RABBIT NIGHT LIGHT,1,2011-11-13 14:20:00,2.08,14698.0,United Kingdom
576014,23084,RABBIT NIGHT LIGHT,5,2011-11-13 14:29:00,2.08,17218.0,United Kingdom
576025,85099B,JUMBO BAG RED RETROSPOT,5,2011-11-13 14:34:00,2.08,13232.0,United Kingdom
576051,21212,PACK OF 72 RETROSPOT CAKE CASES,24,2011-11-13 14:45:00,0.55,14911.0,EIRE
576051,23166,MEDIUM CERAMIC TOP STORAGE JAR,12,2011-11-13 14:45:00,1.25,14911.0,EIRE
576053,22616,PACK OF 12 LONDON TISSUES ,12,2011-11-13 14:53:00,0.39,16726.0,United Kingdom
576053,85123A,WHITE HANGING HEART T-LIGHT HOLDER,2,2011-11-13 14:53:00,2.95,16726.0,United Kingdom
576056,84879,ASSORTED COLOUR BIRD ORNAMENT,16,2011-11-13 15:04:00,1.69,17720.0,United Kingdom
576057,22197,POPCORN HOLDER,24,2011-11-13 15:05:00,0.85,15861.0,United Kingdom
576057,21212,PACK OF 72 RETROSPOT CAKE CASES,6,2011-11-13 15:05:00,0.55,15861.0,United Kingdom
576059,85099B,JUMBO BAG RED RETROSPOT,1,2011-11-13 15:19:00,2.08,15411.0,United Kingdom
576060,85123A,WHITE HANGING HEART T-LIGHT HOLDER,5,2011-11-13 15:25:00,2.95,13681.0,United Kingdom
576060,85099B,JUMBO BAG RED RETROSPOT,2,2011-11-13 15:25:00,2.08,13681.0,United Kingdom
576060,23084,RABBIT NIGHT LIGHT,5,2011-11-13 15:25:00,2.08,13681.0,United Kingdom
576062,84879,ASSORTED COLOUR BIRD ORNAMENT,16,2011-11-13 15:30:00,1.69,12867.0,United Kingdom
576062,23084,RABBIT NIGHT LIGHT,5,2011-11-13 15:30:00,2.08,12867.0,United Kingdom
576062,21212,PACK OF 72 RETROSPOT CAKE CASES,3,2011-11-13 15:30:00,0.55,12867.0,United Kingdom
576065,22197,POPCORN HOLDER,20,2011-11-13 15:42:00,0.85,15005.0,United Kingdom
576065,23084,RABBIT NIGHT LIGHT,6,2011-11-13 15:42:00,2.08,15005.0,United Kingdom
576066,23084,RABBIT NIGHT LIGHT,1,2011-11-13 15:44:00,2.08,16898.0,United Kingdom
576066,22197,POPCORN HOLDER,2,2011-11-13 15:44:00,0.85,16898.0,United Kingdom
576070,22197,POPCORN HOLDER,25,2011-11-13 15:58:00,0.85,13451.0,United Kingdom
576070,85099B,JUMBO BAG RED RETROSPOT,4,2011-11-13 15:58:00,2.08,13451.0,United Kingdom
576070,23084,RABBIT NIGHT LIGHT,3,2011-11-13 15:58:00,2.08,13451.0,United Kingdom
576071,85099B,JUMBO BAG RED RETROSPOT,1,2011-11-13 16:03:00,2.08,18069.0,United Kingdom
576071,85099B,JUMBO BAG RED RETROSPOT,1,2011-11-13 16:03:00,2.08,18069.0,United Kingdom
576071,23084,RABBIT NIGHT LIGHT,2,2011-11-13 16:03:00,2.08,18069.0,United Kingdom
576074,23084,RABBIT NIGHT LIGHT,48,2011-11-13 16:14:00,1.79,13178.0,United Kingdom
576075,21212,PACK OF 72 RETROSPOT CAKE CASES,6,2011-11-13 16:16:00,0.55,15861.0,United Kingdom
576075,22197,POPCORN HOLDER,24,2011-11-13 16:16:00,0.85,15861.0,United Kingdom
576076,22616,PACK OF 12 LONDON TISSUES ,12,2011-11-13 16:18:00,0.39,14382.0,United Kingdom
576076,85099B,JUMBO BAG RED RETROSPOT,1,2011-11-13 16:18:00,2.08,14382.0,United Kingdom
576077,23084,RABBIT NIGHT LIGHT,2,2011-11-13 16:22:00,2.08,16720.0,United Kingdom
576077,84077,WORLD WAR 2 GLIDERS ASSTD DESIGNS,48,2011-11-13 16:22:00,0.29,16720.0,United Kingdom
576078,84879,ASSORTED COLOUR BIRD ORNAMENT,12,2011-11-13 16:22:00,1.69,14432.0,United Kingdom
576082,85099B,JUMBO BAG RED RETROSPOT,10,2011-11-14 08:22:00,2.08,12428.0,Finland
576083,84077,WORLD WAR 2 GLIDERS ASSTD DESIGNS,288,2011-11-14 08:22:00,0.29,17404.0,Sweden
576087,23084,RABBIT NIGHT LIGHT,24,2011-11-14 08:31:00,1.79,12689.0,France
576087,85099B,JUMBO BAG RED RETROSPOT,10,2011-11-14 08:31:00,2.08,12689.0,France
576090,85123A,WHITE HANGING HEART T-LIGHT HOLDER,320,2011-11-14 08:56:00,3.2,17450.0,United Kingdom
576091,22197,POPCORN HOLDER,24,2011-11-14 09:00:00,0.85,16779.0,United Kingdom
576094,22197,POPCORN HOLDER,200,2011-11-14 09:12:00,0.72,16401.0,United Kingdom
576096,85099B,JUMBO BAG RED RETROSPOT,10,2011-11-14 09:20:00,2.08,13549.0,United Kingdom
576099,21212,PACK OF 72 RETROSPOT CAKE CASES,24,2011-11-14 10:28:00,0.55,13021.0,United Kingdom
576112,84879,ASSORTED COLOUR BIRD ORNAMENT,16,2011-11-14 10:34:00,1.69,14902.0,United Kingdom
576137,23084,RABBIT NIGHT LIGHT,24,2011-11-14 10:45:00,1.79,15482.0,United Kingdom
576137,22197,POPCORN HOLDER,100,2011-11-14 10:45:00,0.72,15482.0,United Kingdom
576141,85123A,WHITE HANGING HEART T-LIGHT HOLDER,6,2011-11-14 10:47:00,2.95,14911.0,EIRE
576172,22197,POPCORN HOLDER,100,2011-11-14 11:00:00,0.72,15482.0,United Kingdom
576176,22197,POPCORN HOLDER,10,2011-11-14 11:04:00,0.85,16936.0,United Kingdom
576176,23084,RABBIT NIGHT LIGHT,10,2011-11-14 11:04:00,2.08,16936.0,United Kingdom
576176,84879,ASSORTED COLOUR BIRD ORNAMENT,8,2011-11-14 11:04:00,1.69,16936.0,United Kingdom
576179,85099B,JUMBO BAG RED RETROSPOT,200,2011-11-14 11:09:00,1.75,13694.0,United Kingdom
576182,85123A,WHITE HANGING HEART T-LIGHT HOLDER,6,2011-11-14 11:21:00,2.95,12938.0,United Kingdom
576182,84879,ASSORTED COLOUR BIRD ORNAMENT,8,2011-11-14 11:21:00,1.69,12938.0,United Kingdom
576190,22197,POPCORN HOLDER,9,2011-11-14 11:46:00,0.85,15039.0,United Kingdom
576200,23084,RABBIT NIGHT LIGHT,3,2011-11-14 12:14:00,2.08,15572.0,United Kingdom
576202,84879,ASSORTED COLOUR BIRD ORNAMENT,160,2011-11-14 12:22:00,1.45,13767.0,United Kingdom
576212,22197,POPCORN HOLDER,2,2011-11-14 12:45:00,0.85,18082.0,United Kingdom
576212,84077,WORLD WAR 2 GLIDERS ASSTD DESIGNS,48,2011-11-14 12:45:00,0.29,18082.0,United Kingdom
576212,23084,RABBIT NIGHT LIGHT,12,2011-11-14 12:45:00,2.08,18082.0,United Kingdom
576213,21212,PACK OF 72 RETROSPOT CAKE CASES,1,2011-11-14 12:47:00,0.55,18117.0,United Kingdom
576214,23084,RABBIT NIGHT LIGHT,2,2011-11-14 12:49:00,2.08,15863.0,United Kingdom
576215,22197,POPCORN HOLDER,24,2011-11-14 12:55:00,0.85,17652.0,United Kingdom
576217,23084,RABBIT NIGHT LIGHT,2,2011-11-14 12:56:00,2.08,17081.0,United Kingdom
576217,84879,ASSORTED COLOUR BIRD ORNAMENT,3,2011-11-14 12:56:00,1.69,17081.0,United Kingdom
576219,85099B,JUMBO BAG RED RETROSPOT,400,2011-11-14 12:58:00,1.79,15838.0,United Kingdom
576222,23084,RABBIT NIGHT LIGHT,24,2011-11-14 13:02:00,1.79,12490.0,France
576228,22616,PACK OF 12 LONDON TISSUES ,12,2011-11-14 13:12:00,0.39,15033.0,United Kingdom
576228,23084,RABBIT NIGHT LIGHT,3,2011-11-14 13:12:00,2.08,15033.0,United Kingdom
576236,23084,RABBIT NIGHT LIGHT,1,2011-11-14 13:31:00,2.08,13755.0,United Kingdom
576236,23084,RABBIT NIGHT LIGHT,1,2011-11-14 13:31:00,2.08,13755.0,United Kingdom
576245,23084,RABBIT NIGHT LIGHT,18,2011-11-14 13:40:00,2.08,12553.0,France
576246,22197,POPCORN HOLDER,10,2011-11-14 13:42:00,0.85,17566.0,United Kingdom
576246,23084,RABBIT NIGHT LIGHT,4,2011-11-14 13:42:00,2.08,17566.0,United Kingdom
576249,22197,POPCORN HOLDER,100,2011-11-14 13:47:00,0.72,17811.0,United Kingdom
576249,21212,PACK OF 72 RETROSPOT CAKE CASES,1,2011-11-14 13:47:00,0.55,17811.0,United Kingdom
576252,23084,RABBIT NIGHT LIGHT,12,2011-11-14 13:55:00,2.08,14418.0,United Kingdom
576252,22197,POPCORN HOLDER,12,2011-11-14 13:55:00,0.85,14418.0,United Kingdom
576254,21212,PACK OF 72 RETROSPOT CAKE CASES,120,2011-11-14 14:02:00,0.42,16422.0,United Kingdom
576256,85123A,WHITE HANGING HEART T-LIGHT HOLDER,32,2011-11-14 14:09:00,2.55,15953.0,United Kingdom
576255,84879,ASSORTED COLOUR BIRD ORNAMENT,8,2011-11-14 14:09:00,1.69,15993.0,United Kingdom
576256,84879,ASSORTED COLOUR BIRD ORNAMENT,8,2011-11-14 14:09:00,1.69,15953.0,United Kingdom
576255,23084,RABBIT NIGHT LIGHT,3,2011-11-14 14:09:00,2.08,15993.0,United Kingdom
576255,22197,POPCORN HOLDER,10,2011-11-14 14:09:00,0.85,15993.0,United Kingdom
576269,23084,RABBIT NIGHT LIGHT,12,2011-11-14 14:23:00,2.08,12762.0,Portugal
576274,85123A,WHITE HANGING HEART T-LIGHT HOLDER,2,2011-11-14 14:24:00,2.95,17793.0,United Kingdom
576274,85123A,WHITE HANGING HEART T-LIGHT HOLDER,1,2011-11-14 14:24:00,2.95,17793.0,United Kingdom
576300,23084,RABBIT NIGHT LIGHT,2,2011-11-14 14:39:00,2.08,15058.0,United Kingdom
576301,84879,ASSORTED COLOUR BIRD ORNAMENT,12,2011-11-14 14:40:00,1.69,14667.0,United Kingdom
576317,84879,ASSORTED COLOUR BIRD ORNAMENT,8,2011-11-14 14:57:00,1.69,15781.0,United Kingdom
576326,21212,PACK OF 72 RETROSPOT CAKE CASES,2,2011-11-14 15:18:00,0.55,16504.0,United Kingdom
576326,22616,PACK OF 12 LONDON TISSUES ,1,2011-11-14 15:18:00,0.39,16504.0,United Kingdom
576328,85099B,JUMBO BAG RED RETROSPOT,20,2011-11-14 15:19:00,2.08,13577.0,United Kingdom
576329,22197,POPCORN HOLDER,19,2011-11-14 15:22:00,1.63,,United Kingdom
576329,22616,PACK OF 12 LONDON TISSUES ,2,2011-11-14 15:22:00,0.83,,United Kingdom
576329,23084,RABBIT NIGHT LIGHT,46,2011-11-14 15:22:00,4.13,,United Kingdom
576329,23166,MEDIUM CERAMIC TOP STORAGE JAR,1,2011-11-14 15:22:00,2.46,,United Kingdom
576329,21212,PACK OF 72 RETROSPOT CAKE CASES,5,2011-11-14 15:22:00,1.25,,United Kingdom
576329,85123A,WHITE HANGING HEART T-LIGHT HOLDER,5,2011-11-14 15:22:00,5.79,,United Kingdom
576339,23084,RABBIT NIGHT LIGHT,56,2011-11-14 15:27:00,4.13,14096.0,United Kingdom
576339,85123A,WHITE HANGING HEART T-LIGHT HOLDER,1,2011-11-14 15:27:00,5.79,14096.0,United Kingdom
576339,84077,WORLD WAR 2 GLIDERS ASSTD DESIGNS,4,2011-11-14 15:27:00,0.63,14096.0,United Kingdom
576339,21212,PACK OF 72 RETROSPOT CAKE CASES,11,2011-11-14 15:27:00,1.25,14096.0,United Kingdom
576339,22197,POPCORN HOLDER,17,2011-11-14 15:27:00,1.63,14096.0,United Kingdom
576346,85123A,WHITE HANGING HEART T-LIGHT HOLDER,6,2011-11-14 15:37:00,2.95,13835.0,United Kingdom
576353,84879,ASSORTED COLOUR BIRD ORNAMENT,32,2011-11-14 16:17:00,1.69,15050.0,United Kingdom
576356,23084,RABBIT NIGHT LIGHT,12,2011-11-14 16:30:00,2.08,15681.0,United Kingdom
576357,23084,RABBIT NIGHT LIGHT,6,2011-11-14 16:57:00,2.08,15660.0,United Kingdom
576362,85099B,JUMBO BAG RED RETROSPOT,10,2011-11-14 17:11:00,2.08,14755.0,United Kingdom
576362,84879,ASSORTED COLOUR BIRD ORNAMENT,24,2011-11-14 17:11:00,1.69,14755.0,United Kingdom
576364,23084,RABBIT NIGHT LIGHT,6,2011-11-14 17:40:00,2.08,15009.0,United Kingdom
576364,84879,ASSORTED COLOUR BIRD ORNAMENT,16,2011-11-14 17:40:00,1.69,15009.0,United Kingdom
576364,85123A,WHITE HANGING HEART T-LIGHT HOLDER,1,2011-11-14 17:40:00,2.95,15009.0,United Kingdom
576365,22616,PACK OF 12 LONDON TISSUES ,199,2011-11-14 17:55:00,1.0,,United Kingdom
576365,23084,RABBIT NIGHT LIGHT,404,2011-11-14 17:55:00,4.95,,United Kingdom
576365,22197,POPCORN HOLDER,1130,2011-11-14 17:55:00,1.95,,United Kingdom
576370,21212,PACK OF 72 RETROSPOT CAKE CASES,24,2011-11-15 08:00:00,0.55,15981.0,United Kingdom
576371,85123A,WHITE HANGING HEART T-LIGHT HOLDER,12,2011-11-15 08:07:00,2.95,14911.0,EIRE
576372,23084,RABBIT NIGHT LIGHT,24,2011-11-15 08:32:00,1.79,15144.0,United Kingdom
576372,85099B,JUMBO BAG RED RETROSPOT,20,2011-11-15 08:32:00,2.08,15144.0,United Kingdom
576374,85123A,WHITE HANGING HEART T-LIGHT HOLDER,300,2011-11-15 08:50:00,2.55,13777.0,United Kingdom
576374,85099B,JUMBO BAG RED RETROSPOT,270,2011-11-15 08:50:00,1.79,13777.0,United Kingdom
576376,84077,WORLD WAR 2 GLIDERS ASSTD DESIGNS,48,2011-11-15 09:11:00,0.29,16341.0,United Kingdom
576376,85099B,JUMBO BAG RED RETROSPOT,20,2011-11-15 09:11:00,2.08,16341.0,United Kingdom
576381,22197,POPCORN HOLDER,24,2011-11-15 09:26:00,0.85,12839.0,United Kingdom
576381,21212,PACK OF 72 RETROSPOT CAKE CASES,24,2011-11-15 09:26:00,0.55,12839.0,United Kingdom
576387,85099B,JUMBO BAG RED RETROSPOT,10,2011-11-15 09:55:00,2.08,15582.0,United Kingdom
576391,23084,RABBIT NIGHT LIGHT,21,2011-11-15 10:13:00,4.96,,United Kingdom
576391,21212,PACK OF 72 RETROSPOT CAKE CASES,11,2011-11-15 10:13:00,2.08,,United Kingdom
576391,22197,POPCORN HOLDER,30,2011-11-15 10:13:00,2.46,,United Kingdom
576394,23084,RABBIT NIGHT LIGHT,960,2011-11-15 10:32:00,1.79,12415.0,Australia
576400,84879,ASSORTED COLOUR BIRD ORNAMENT,16,2011-11-15 10:51:00,1.69,13632.0,United Kingdom
576400,85123A,WHITE HANGING HEART T-LIGHT HOLDER,18,2011-11-15 10:51:00,2.95,13632.0,United Kingdom
576406,22616,PACK OF 12 LONDON TISSUES ,24,2011-11-15 11:17:00,0.39,13692.0,United Kingdom
576447,84879,ASSORTED COLOUR BIRD ORNAMENT,16,2011-11-15 11:30:00,1.69,13949.0,United Kingdom
576463,22197,POPCORN HOLDER,6,2011-11-15 11:37:00,0.85,17974.0,United Kingdom
576463,22197,POPCORN HOLDER,3,2011-11-15 11:37:00,0.85,17974.0,United Kingdom
576463,22197,POPCORN HOLDER,3,2011-11-15 11:37:00,0.85,17974.0,United Kingdom
576508,23084,RABBIT NIGHT LIGHT,6,2011-11-15 12:02:00,2.08,17777.0,United Kingdom
576510,23084,RABBIT NIGHT LIGHT,24,2011-11-15 12:05:00,1.79,14533.0,United Kingdom
576511,23084,RABBIT NIGHT LIGHT,6,2011-11-15 12:07:00,2.08,13846.0,United Kingdom
576513,23084,RABBIT NIGHT LIGHT,6,2011-11-15 12:10:00,2.08,14715.0,United Kingdom
576514,85123A,WHITE HANGING HEART T-LIGHT HOLDER,6,2011-11-15 12:13:00,2.95,13950.0,United Kingdom
576514,23084,RABBIT NIGHT LIGHT,6,2011-11-15 12:13:00,2.08,13950.0,United Kingdom
576520,85123A,WHITE HANGING HEART T-LIGHT HOLDER,6,2011-11-15 12:33:00,2.95,14467.0,United Kingdom
576538,22197,POPCORN HOLDER,30,2011-11-15 12:42:00,0.85,14725.0,United Kingdom
576543,84879,ASSORTED COLOUR BIRD ORNAMENT,24,2011-11-15 12:50:00,1.69,13236.0,United Kingdom
576559,84879,ASSORTED COLOUR BIRD ORNAMENT,8,2011-11-15 13:19:00,1.69,14711.0,United Kingdom
576559,85123A,WHITE HANGING HEART T-LIGHT HOLDER,2,2011-11-15 13:19:00,2.95,14711.0,United Kingdom
576560,23166,MEDIUM CERAMIC TOP STORAGE JAR,1,2011-11-15 13:21:00,1.25,12877.0,United Kingdom
576567,23084,RABBIT NIGHT LIGHT,8,2011-11-15 13:41:00,2.08,17220.0,United Kingdom
576568,23084,RABBIT NIGHT LIGHT,6,2011-11-15 13:42:00,2.08,17153.0,United Kingdom
576568,85099B,JUMBO BAG RED RETROSPOT,10,2011-11-15 13:42:00,2.08,17153.0,United Kingdom
576570,23084,RABBIT NIGHT LIGHT,1,2011-11-15 13:47:00,2.08,17220.0,United Kingdom
576571,85099B,JUMBO BAG RED RETROSPOT,30,2011-11-15 13:48:00,2.08,12950.0,United Kingdom
576572,23084,RABBIT NIGHT LIGHT,192,2011-11-15 13:49:00,1.79,15514.0,United Kingdom
576574,22197,POPCORN HOLDER,100,2011-11-15 13:53:00,0.72,13078.0,United Kingdom
576574,23084,RABBIT NIGHT LIGHT,48,2011-11-15 13:53:00,1.79,13078.0,United Kingdom
576581,84879,ASSORTED COLOUR BIRD ORNAMENT,16,2011-11-15 14:15:00,1.69,15955.0,United Kingdom
576586,23084,RABBIT NIGHT LIGHT,240,2011-11-15 14:22:00,1.79,12415.0,Australia
576587,85099B,JUMBO BAG RED RETROSPOT,4,2011-11-15 14:23:00,2.08,18123.0,United Kingdom
576588,23166,MEDIUM CERAMIC TOP STORAGE JAR,2,2011-11-15 14:27:00,1.25,,United Kingdom
576589,85123A,WHITE HANGING HEART T-LIGHT HOLDER,6,2011-11-15 14:29:00,2.95,17659.0,United Kingdom
576589,23084,RABBIT NIGHT LIGHT,12,2011-11-15 14:29:00,2.08,17659.0,United Kingdom
576589,84077,WORLD WAR 2 GLIDERS ASSTD DESIGNS,48,2011-11-15 14:29:00,0.29,17659.0,United Kingdom
576590,85099B,JUMBO BAG RED RETROSPOT,10,2011-11-15 14:30:00,2.08,16240.0,United Kingdom
576590,23084,RABBIT NIGHT LIGHT,6,2011-11-15 14:30:00,2.08,16240.0,United Kingdom
576593,85123A,WHITE HANGING HEART T-LIGHT HOLDER,3,2011-11-15 14:48:00,2.95,15720.0,United Kingdom
576593,84879,ASSORTED COLOUR BIRD ORNAMENT,2,2011-11-15 14:48:00,1.69,15720.0,United Kingdom
576595,85123A,WHITE HANGING HEART T-LIGHT HOLDER,96,2011-11-15 14:56:00,2.55,14911.0,EIRE
576600,85123A,WHITE HANGING HEART T-LIGHT HOLDER,4,2011-11-15 15:08:00,2.95,18181.0,United Kingdom
576607,23084,RABBIT NIGHT LIGHT,24,2011-11-15 15:42:00,1.79,12474.0,Germany
576608,22616,PACK OF 12 LONDON TISSUES ,864,2011-11-15 15:49:00,0.32,17381.0,United Kingdom
576611,23084,RABBIT NIGHT LIGHT,10,2011-11-15 16:29:00,2.08,17357.0,United Kingdom
576613,84879,ASSORTED COLOUR BIRD ORNAMENT,16,2011-11-15 16:34:00,1.69,13854.0,United Kingdom
576615,84879,ASSORTED COLOUR BIRD ORNAMENT,9,2011-11-15 16:42:00,1.69,17231.0,United Kingdom
576615,23084,RABBIT NIGHT LIGHT,3,2011-11-15 16:42:00,2.08,17231.0,United Kingdom
576617,85123A,WHITE HANGING HEART T-LIGHT HOLDER,4,2011-11-15 16:57:00,5.79,,United Kingdom
576617,85099B,JUMBO BAG RED RETROSPOT,1,2011-11-15 16:57:00,4.13,,United Kingdom
576617,84077,WORLD WAR 2 GLIDERS ASSTD DESIGNS,4,2011-11-15 16:57:00,0.63,,United Kingdom
576617,21212,PACK OF 72 RETROSPOT CAKE CASES,3,2011-11-15 16:57:00,1.25,,United Kingdom
576617,22197,POPCORN HOLDER,15,2011-11-15 16:57:00,1.63,,United Kingdom
576617,23084,RABBIT NIGHT LIGHT,56,2011-11-15 16:57:00,4.13,,United Kingdom
576618,23084,RABBIT NIGHT LIGHT,37,2011-11-15 17:00:00,4.13,,United Kingdom
576618,85099B,JUMBO BAG RED RETROSPOT,5,2011-11-15 17:00:00,4.13,,United Kingdom
576618,84077,WORLD WAR 2 GLIDERS ASSTD DESIGNS,1,2011-11-15 17:00:00,0.63,,United Kingdom
576618,22197,POPCORN HOLDER,13,2011-11-15 17:00:00,1.63,,United Kingdom
576626,23084,RABBIT NIGHT LIGHT,1,2011-11-15 17:26:00,2.08,12890.0,United Kingdom
576628,85123A,WHITE HANGING HEART T-LIGHT HOLDER,6,2011-11-16 08:28:00,2.95,13449.0,United Kingdom
576628,23084,RABBIT NIGHT LIGHT,6,2011-11-16 08:28:00,2.08,13449.0,United Kingdom
576629,21212,PACK OF 72 RETROSPOT CAKE CASES,24,2011-11-16 08:37:00,0.55,12621.0,Germany
576629,23084,RABBIT NIGHT LIGHT,24,2011-11-16 08:37:00,1.79,12621.0,Germany
576634,23084,RABBIT NIGHT LIGHT,12,2011-11-16 09:28:00,2.08,13297.0,United Kingdom
576636,23084,RABBIT NIGHT LIGHT,48,2011-11-16 09:34:00,1.79,12912.0,United Kingdom
576639,85123A,WHITE HANGING HEART T-LIGHT HOLDER,6,2011-11-16 09:43:00,2.95,13894.0,United Kingdom
576644,85099B,JUMBO BAG RED RETROSPOT,7,2011-11-16 10:01:00,4.13,,United Kingdom
576645,84879,ASSORTED COLOUR BIRD ORNAMENT,8,2011-11-16 10:14:00,1.69,16245.0,United Kingdom
576648,22616,PACK OF 12 LONDON TISSUES ,48,2011-11-16 10:32:00,0.39,14057.0,United Kingdom
576649,85099B,JUMBO BAG RED RETROSPOT,10,2011-11-16 10:32:00,2.08,16008.0,United Kingdom
576651,23084,RABBIT NIGHT LIGHT,6,2011-11-16 10:37:00,2.08,14626.0,United Kingdom
576654,85099B,JUMBO BAG RED RETROSPOT,8,2011-11-16 10:55:00,2.08,15584.0,United Kingdom
576655,85123A,WHITE HANGING HEART T-LIGHT HOLDER,6,2011-11-16 10:55:00,2.95,15687.0,United Kingdom
576657,21212,PACK OF 72 RETROSPOT CAKE CASES,24,2011-11-16 11:03:00,0.55,12720.0,Germany
576658,84879,ASSORTED COLOUR BIRD ORNAMENT,6,2011-11-16 11:05:00,1.69,14534.0,United Kingdom
576661,85099B,JUMBO BAG RED RETROSPOT,2,2011-11-16 11:17:00,2.08,17377.0,United Kingdom
576665,85123A,WHITE HANGING HEART T-LIGHT HOLDER,4,2011-11-16 11:46:00,2.95,17841.0,United Kingdom
576665,85099B,JUMBO BAG RED RETROSPOT,6,2011-11-16 11:46:00,2.08,17841.0,United Kingdom
576665,23166,MEDIUM CERAMIC TOP STORAGE JAR,10,2011-11-16 11:46:00,1.25,17841.0,United Kingdom
576665,22197,POPCORN HOLDER,25,2011-11-16 11:46:00,0.85,17841.0,United Kingdom
576667,23084,RABBIT NIGHT LIGHT,12,2011-11-16 11:48:00,2.08,12963.0,United Kingdom
576672,21212,PACK OF 72 RETROSPOT CAKE CASES,24,2011-11-16 11:59:00,0.55,12731.0,France
576672,84879,ASSORTED COLOUR BIRD ORNAMENT,160,2011-11-16 11:59:00,1.45,12731.0,France
576672,23084,RABBIT NIGHT LIGHT,72,2011-11-16 11:59:00,1.79,12731.0,France
576677,85099B,JUMBO BAG RED RETROSPOT,2,2011-11-16 12:03:00,2.08,16393.0,United Kingdom
576676,85123A,WHITE HANGING HEART T-LIGHT HOLDER,6,2011-11-16 12:03:00,2.95,16855.0,United Kingdom
576684,23084,RABBIT NIGHT LIGHT,12,2011-11-16 12:08:00,2.08,14092.0,United Kingdom
576684,85123A,WHITE HANGING HEART T-LIGHT HOLDER,12,2011-11-16 12:08:00,2.95,14092.0,United Kingdom
576687,85099B,JUMBO BAG RED RETROSPOT,3,2011-11-16 12:13:00,2.08,13558.0,United Kingdom
576687,84879,ASSORTED COLOUR BIRD ORNAMENT,3,2011-11-16 12:13:00,1.69,13558.0,United Kingdom
576688,22197,POPCORN HOLDER,100,2011-11-16 12:16:00,0.72,16717.0,United Kingdom
576689,23084,RABBIT NIGHT LIGHT,1,2011-11-16 12:18:00,2.08,16657.0,United Kingdom
576689,23084,RABBIT NIGHT LIGHT,1,2011-11-16 12:18:00,2.08,16657.0,United Kingdom
576689,23084,RABBIT NIGHT LIGHT,2,2011-11-16 12:18:00,2.08,16657.0,United Kingdom
576690,22616,PACK OF 12 LONDON TISSUES ,4,2011-11-16 12:19:00,0.39,15900.0,United Kingdom
576692,84077,WORLD WAR 2 GLIDERS ASSTD DESIGNS,48,2011-11-16 12:21:00,0.29,17412.0,United Kingdom
576695,23084,RABBIT NIGHT LIGHT,3,2011-11-16 12:25:00,2.08,16469.0,United Kingdom
576695,21212,PACK OF 72 RETROSPOT CAKE CASES,1,2011-11-16 12:25:00,0.55,16469.0,United Kingdom
576695,85123A,WHITE HANGING HEART T-LIGHT HOLDER,1,2011-11-16 12:25:00,2.95,16469.0,United Kingdom
576696,23084,RABBIT NIGHT LIGHT,4,2011-11-16 12:26:00,2.08,16669.0,United Kingdom
576696,21212,PACK OF 72 RETROSPOT CAKE CASES,6,2011-11-16 12:26:00,0.55,16669.0,United Kingdom
576758,84879,ASSORTED COLOUR BIRD ORNAMENT,16,2011-11-16 12:51:00,1.69,16814.0,United Kingdom
576768,23084,RABBIT NIGHT LIGHT,48,2011-11-16 13:13:00,1.79,13408.0,United Kingdom
576768,85123A,WHITE HANGING HEART T-LIGHT HOLDER,32,2011-11-16 13:13:00,2.55,13408.0,United Kingdom
576771,85099B,JUMBO BAG RED RETROSPOT,10,2011-11-16 13:19:00,2.08,13285.0,United Kingdom
576775,85099B,JUMBO BAG RED RETROSPOT,200,2011-11-16 13:21:00,1.79,13629.0,United Kingdom
576778,84077,WORLD WAR 2 GLIDERS ASSTD DESIGNS,48,2011-11-16 13:24:00,0.29,16085.0,United Kingdom
576778,85123A,WHITE HANGING HEART T-LIGHT HOLDER,5,2011-11-16 13:24:00,2.95,16085.0,United Kingdom
576779,84879,ASSORTED COLOUR BIRD ORNAMENT,8,2011-11-16 13:25:00,1.69,14554.0,United Kingdom
576779,85099B,JUMBO BAG RED RETROSPOT,1,2011-11-16 13:25:00,2.08,14554.0,United Kingdom
576779,84879,ASSORTED COLOUR BIRD ORNAMENT,8,2011-11-16 13:25:00,1.69,14554.0,United Kingdom
576779,23084,RABBIT NIGHT LIGHT,12,2011-11-16 13:25:00,2.08,14554.0,United Kingdom
576779,21212,PACK OF 72 RETROSPOT CAKE CASES,4,2011-11-16 13:25:00,0.55,14554.0,United Kingdom
576779,22197,POPCORN HOLDER,25,2011-11-16 13:25:00,0.85,14554.0,United Kingdom
576780,85123A,WHITE HANGING HEART T-LIGHT HOLDER,32,2011-11-16 13:27:00,2.55,13258.0,United Kingdom
576781,84879,ASSORTED COLOUR BIRD ORNAMENT,8,2011-11-16 13:33:00,1.69,13939.0,United Kingdom
576784,23084,RABBIT NIGHT LIGHT,4,2011-11-16 13:40:00,2.08,16204.0,United Kingdom
576787,85099B,JUMBO BAG RED RETROSPOT,20,2011-11-16 13:54:00,2.08,13815.0,Germany
576809,23084,RABBIT NIGHT LIGHT,6,2011-11-16 14:20:00,2.08,14851.0,United Kingdom
576828,23084,RABBIT NIGHT LIGHT,1,2011-11-16 14:36:00,2.08,,United Kingdom
576829,23084,RABBIT NIGHT LIGHT,12,2011-11-16 14:40:00,2.08,,EIRE
576830,84879,ASSORTED COLOUR BIRD ORNAMENT,24,2011-11-16 14:54:00,1.69,14898.0,United Kingdom
576830,84879,ASSORTED COLOUR BIRD ORNAMENT,8,2011-11-16 14:54:00,1.69,14898.0,United Kingdom
576832,23084,RABBIT NIGHT LIGHT,48,2011-11-16 15:01:00,1.79,13102.0,United Kingdom
576834,22197,POPCORN HOLDER,24,2011-11-16 15:10:00,0.85,13458.0,United Kingdom
576837,23084,RABBIT NIGHT LIGHT,36,2011-11-16 15:16:00,4.13,,United Kingdom
576837,22616,PACK OF 12 LONDON TISSUES ,1,2011-11-16 15:16:00,0.83,,United Kingdom
576837,84077,WORLD WAR 2 GLIDERS ASSTD DESIGNS,4,2011-11-16 15:16:00,0.63,,United Kingdom
576837,21212,PACK OF 72 RETROSPOT CAKE CASES,2,2011-11-16 15:16:00,1.25,,United Kingdom
576837,85099B,JUMBO BAG RED RETROSPOT,4,2011-11-16 15:16:00,4.13,,United Kingdom
576837,85123A,WHITE HANGING HEART T-LIGHT HOLDER,9,2011-11-16 15:16:00,5.79,,United Kingdom
576837,22197,POPCORN HOLDER,28,2011-11-16 15:16:00,1.63,,United Kingdom
576838,85123A,WHITE HANGING HEART T-LIGHT HOLDER,12,2011-11-16 15:21:00,2.95,18075.0,United Kingdom
576840,23084,RABBIT NIGHT LIGHT,58,2011-11-16 15:23:00,4.13,,United Kingdom
576840,85099B,JUMBO BAG RED RETROSPOT,1,2011-11-16 15:23:00,4.13,,United Kingdom
576840,85123A,WHITE HANGING HEART T-LIGHT HOLDER,2,2011-11-16 15:23:00,5.79,,United Kingdom
576840,84077,WORLD WAR 2 GLIDERS ASSTD DESIGNS,1,2011-11-16 15:23:00,0.63,,United Kingdom
576840,22197,POPCORN HOLDER,30,2011-11-16 15:23:00,1.63,,United Kingdom
576840,21212,PACK OF 72 RETROSPOT CAKE CASES,1,2011-11-16 15:23:00,1.25,,United Kingdom
576842,23084,RABBIT NIGHT LIGHT,24,2011-11-16 15:31:00,1.79,13599.0,United Kingdom
576846,84077,WORLD WAR 2 GLIDERS ASSTD DESIGNS,48,2011-11-16 15:35:00,0.29,13500.0,United Kingdom
576847,84077,WORLD WAR 2 GLIDERS ASSTD DESIGNS,96,2011-11-16 15:35:00,0.29,17017.0,United Kingdom
576847,22197,POPCORN HOLDER,100,2011-11-16 15:35:00,0.72,17017.0,United Kingdom
576847,23084,RABBIT NIGHT LIGHT,24,2011-11-16 15:35:00,1.79,17017.0,United Kingdom
576846,84879,ASSORTED COLOUR BIRD ORNAMENT,8,2011-11-16 15:35:00,1.69,13500.0,United Kingdom
576848,23084,RABBIT NIGHT LIGHT,2,2011-11-16 15:38:00,2.08,15051.0,United Kingdom
576855,22197,POPCORN HOLDER,20,2011-11-16 15:51:00,0.85,17757.0,United Kingdom
576857,22616,PACK OF 12 LONDON TISSUES ,1,2011-11-16 15:52:00,0.39,12748.0,United Kingdom
576857,22616,PACK OF 12 LONDON TISSUES ,1,2011-11-16 15:52:00,0.39,12748.0,United Kingdom
576857,22616,PACK OF 12 LONDON TISSUES ,1,2011-11-16 15:52:00,0.39,12748.0,United Kingdom
576857,21212,PACK OF 72 RETROSPOT CAKE CASES,1,2011-11-16 15:52:00,0.55,12748.0,United Kingdom
576859,85123A,WHITE HANGING HEART T-LIGHT HOLDER,12,2011-11-16 15:56:00,2.95,18167.0,United Kingdom
576860,22616,PACK OF 12 LONDON TISSUES ,24,2011-11-16 15:58:00,0.39,17602.0,United Kingdom
576860,23084,RABBIT NIGHT LIGHT,6,2011-11-16 15:58:00,2.08,17602.0,United Kingdom
576864,21212,PACK OF 72 RETROSPOT CAKE CASES,1,2011-11-16 16:06:00,0.55,12748.0,United Kingdom
576863,23084,RABBIT NIGHT LIGHT,6,2011-11-16 16:06:00,2.08,12626.0,Germany
576862,85123A,WHITE HANGING HEART T-LIGHT HOLDER,12,2011-11-16 16:06:00,2.95,14825.0,United Kingdom
576862,84879,ASSORTED COLOUR BIRD ORNAMENT,24,2011-11-16 16:06:00,1.69,14825.0,United Kingdom
576864,21212,PACK OF 72 RETROSPOT CAKE CASES,1,2011-11-16 16:06:00,0.55,12748.0,United Kingdom
576872,85099B,JUMBO BAG RED RETROSPOT,10,2011-11-16 16:26:00,2.08,13238.0,United Kingdom
576875,85099B,JUMBO BAG RED RETROSPOT,10,2011-11-16 16:32:00,2.08,15805.0,United Kingdom
576876,84879,ASSORTED COLOUR BIRD ORNAMENT,16,2011-11-16 16:42:00,1.69,16804.0,United Kingdom
576880,23084,RABBIT NIGHT LIGHT,6,2011-11-16 17:03:00,2.08,14911.0,EIRE
576881,84077,WORLD WAR 2 GLIDERS ASSTD DESIGNS,48,2011-11-16 17:10:00,0.29,14673.0,United Kingdom
576889,85099B,JUMBO BAG RED RETROSPOT,22,2011-11-16 17:24:00,2.08,12748.0,United Kingdom
576893,84077,WORLD WAR 2 GLIDERS ASSTD DESIGNS,48,2011-11-17 08:29:00,0.29,12481.0,Germany
576901,85099B,JUMBO BAG RED RETROSPOT,10,2011-11-17 08:54:00,2.08,16929.0,United Kingdom
576906,85123A,WHITE HANGING HEART T-LIGHT HOLDER,12,2011-11-17 09:33:00,2.95,18225.0,United Kingdom
576909,23084,RABBIT NIGHT LIGHT,6,2011-11-17 09:49:00,2.08,12471.0,Germany
576910,21212,PACK OF 72 RETROSPOT CAKE CASES,24,2011-11-17 09:51:00,0.55,12477.0,Germany
576912,23084,RABBIT NIGHT LIGHT,120,2011-11-17 10:01:00,1.79,13756.0,United Kingdom
576915,23166,MEDIUM CERAMIC TOP STORAGE JAR,6,2011-11-17 10:21:00,1.25,17461.0,United Kingdom
576916,85123A,WHITE HANGING HEART T-LIGHT HOLDER,12,2011-11-17 10:24:00,2.95,14655.0,United Kingdom
576917,85123A,WHITE HANGING HEART T-LIGHT HOLDER,6,2011-11-17 10:40:00,2.95,17613.0,United Kingdom
576920,23084,RABBIT NIGHT LIGHT,12,2011-11-17 10:49:00,2.08,13871.0,United Kingdom
576923,23084,RABBIT NIGHT LIGHT,120,2011-11-17 10:52:00,1.79,12753.0,Japan
576923,22616,PACK OF 12 LONDON TISSUES ,144,2011-11-17 10:52:00,0.39,12753.0,Japan
576927,84879,ASSORTED COLOUR BIRD ORNAMENT,16,2011-11-17 11:02:00,1.69,12567.0,France
576930,23084,RABBIT NIGHT LIGHT,24,2011-11-17 11:09:00,1.79,14834.0,United Kingdom
576930,22197,POPCORN HOLDER,24,2011-11-17 11:09:00,0.85,14834.0,United Kingdom
576933,23084,RABBIT NIGHT LIGHT,6,2011-11-17 11:29:00,2.08,15529.0,United Kingdom
576933,22616,PACK OF 12 LONDON TISSUES ,6,2011-11-17 11:29:00,0.39,15529.0,United Kingdom
576933,22197,POPCORN HOLDER,6,2011-11-17 11:29:00,0.85,15529.0,United Kingdom
576941,23084,RABBIT NIGHT LIGHT,48,2011-11-17 11:34:00,1.79,12562.0,France
576948,85099B,JUMBO BAG RED RETROSPOT,10,2011-11-17 11:45:00,2.08,14515.0,United Kingdom
576948,84879,ASSORTED COLOUR BIRD ORNAMENT,8,2011-11-17 11:45:00,1.69,14515.0,United Kingdom
576971,22197,POPCORN HOLDER,12,2011-11-17 11:51:00,0.85,14032.0,United Kingdom
576971,23084,RABBIT NIGHT LIGHT,48,2011-11-17 11:51:00,1.79,14032.0,United Kingdom
576984,85123A,WHITE HANGING HEART T-LIGHT HOLDER,3,2011-11-17 11:54:00,2.95,14332.0,United Kingdom
576995,84879,ASSORTED COLOUR BIRD ORNAMENT,8,2011-11-17 11:59:00,1.69,16298.0,United Kingdom
577008,23084,RABBIT NIGHT LIGHT,4,2011-11-17 12:02:00,2.08,16869.0,United Kingdom
577016,85099B,JUMBO BAG RED RETROSPOT,10,2011-11-17 12:21:00,2.08,17095.0,United Kingdom
577026,23084,RABBIT NIGHT LIGHT,10,2011-11-17 12:55:00,2.08,17237.0,United Kingdom
577029,84077,WORLD WAR 2 GLIDERS ASSTD DESIGNS,48,2011-11-17 12:59:00,0.29,15563.0,United Kingdom
577031,23084,RABBIT NIGHT LIGHT,24,2011-11-17 13:00:00,1.79,15298.0,United Kingdom
577031,85099B,JUMBO BAG RED RETROSPOT,10,2011-11-17 13:00:00,2.08,15298.0,United Kingdom
577033,85123A,WHITE HANGING HEART T-LIGHT HOLDER,10,2011-11-17 13:16:00,2.95,17797.0,United Kingdom
577033,84879,ASSORTED COLOUR BIRD ORNAMENT,8,2011-11-17 13:16:00,1.69,17797.0,United Kingdom
577043,85099B,JUMBO BAG RED RETROSPOT,10,2011-11-17 13:38:00,2.08,14282.0,United Kingdom
577049,23084,RABBIT NIGHT LIGHT,1,2011-11-17 13:58:00,2.08,17397.0,United Kingdom
577050,84879,ASSORTED COLOUR BIRD ORNAMENT,24,2011-11-17 13:59:00,1.69,14191.0,United Kingdom
577051,84879,ASSORTED COLOUR BIRD ORNAMENT,2,2011-11-17 14:02:00,1.69,14034.0,United Kingdom
577052,85123A,WHITE HANGING HEART T-LIGHT HOLDER,5,2011-11-17 14:08:00,2.95,17397.0,United Kingdom
577053,85123A,WHITE HANGING HEART T-LIGHT HOLDER,6,2011-11-17 14:17:00,2.95,13001.0,United Kingdom
577054,21212,PACK OF 72 RETROSPOT CAKE CASES,24,2011-11-17 14:19:00,0.55,13815.0,Germany
577057,22197,POPCORN HOLDER,2,2011-11-17 14:26:00,0.85,12748.0,United Kingdom
577057,22197,POPCORN HOLDER,9,2011-11-17 14:26:00,0.85,12748.0,United Kingdom
577057,23084,RABBIT NIGHT LIGHT,2,2011-11-17 14:26:00,2.08,12748.0,United Kingdom
577057,23084,RABBIT NIGHT LIGHT,3,2011-11-17 14:26:00,2.08,12748.0,United Kingdom
577057,22616,PACK OF 12 LONDON TISSUES ,2,2011-11-17 14:26:00,0.39,12748.0,United Kingdom
577058,22197,POPCORN HOLDER,15,2011-11-17 14:29:00,0.85,18122.0,United Kingdom
577058,23084,RABBIT NIGHT LIGHT,1,2011-11-17 14:29:00,2.08,18122.0,United Kingdom
577058,85123A,WHITE HANGING HEART T-LIGHT HOLDER,2,2011-11-17 14:29:00,2.95,18122.0,United Kingdom
577058,85123A,WHITE HANGING HEART T-LIGHT HOLDER,3,2011-11-17 14:29:00,2.95,18122.0,United Kingdom
577061,23084,RABBIT NIGHT LIGHT,12,2011-11-17 14:40:00,2.08,14911.0,EIRE
577061,85123A,WHITE HANGING HEART T-LIGHT HOLDER,12,2011-11-17 14:40:00,2.95,14911.0,EIRE
577067,23084,RABBIT NIGHT LIGHT,24,2011-11-17 14:49:00,1.79,12704.0,Finland
577071,84879,ASSORTED COLOUR BIRD ORNAMENT,20,2011-11-17 14:56:00,1.69,13969.0,United Kingdom
577071,23084,RABBIT NIGHT LIGHT,6,2011-11-17 14:56:00,2.08,13969.0,United Kingdom
577077,84077,WORLD WAR 2 GLIDERS ASSTD DESIGNS,48,2011-11-17 15:16:00,0.29,17799.0,United Kingdom
577077,23084,RABBIT NIGHT LIGHT,7,2011-11-17 15:16:00,2.08,17799.0,United Kingdom
577077,21212,PACK OF 72 RETROSPOT CAKE CASES,6,2011-11-17 15:16:00,0.55,17799.0,United Kingdom
577078,21212,PACK OF 72 RETROSPOT CAKE CASES,3,2011-11-17 15:17:00,1.25,,United Kingdom
577078,22616,PACK OF 12 LONDON TISSUES ,3,2011-11-17 15:17:00,0.83,,United Kingdom
577078,22197,POPCORN HOLDER,51,2011-11-17 15:17:00,1.63,,United Kingdom
577078,23084,RABBIT NIGHT LIGHT,25,2011-11-17 15:17:00,4.13,,United Kingdom
577078,85123A,WHITE HANGING HEART T-LIGHT HOLDER,1,2011-11-17 15:17:00,5.79,,United Kingdom
577078,85099B,JUMBO BAG RED RETROSPOT,6,2011-11-17 15:17:00,4.13,,United Kingdom
577079,23084,RABBIT NIGHT LIGHT,48,2011-11-17 15:22:00,1.79,14416.0,United Kingdom
577085,85123A,WHITE HANGING HEART T-LIGHT HOLDER,12,2011-11-17 15:47:00,2.95,12997.0,United Kingdom
577085,23084,RABBIT NIGHT LIGHT,12,2011-11-17 15:47:00,2.08,12997.0,United Kingdom
577086,85099B,JUMBO BAG RED RETROSPOT,10,2011-11-17 15:50:00,2.08,16070.0,United Kingdom
577091,23084,RABBIT NIGHT LIGHT,6,2011-11-17 16:29:00,2.08,16531.0,United Kingdom
577092,85099B,JUMBO BAG RED RETROSPOT,10,2011-11-17 16:35:00,2.08,15136.0,United Kingdom
577093,23084,RABBIT NIGHT LIGHT,24,2011-11-17 16:37:00,1.79,13089.0,United Kingdom
577094,21212,PACK OF 72 RETROSPOT CAKE CASES,3,2011-11-17 16:39:00,0.55,15435.0,United Kingdom
577095,23084,RABBIT NIGHT LIGHT,3,2011-11-17 16:39:00,2.08,15867.0,United Kingdom
577095,84077,WORLD WAR 2 GLIDERS ASSTD DESIGNS,48,2011-11-17 16:39:00,0.29,15867.0,United Kingdom
577099,85099B,JUMBO BAG RED RETROSPOT,20,2011-11-17 16:48:00,2.08,13313.0,United Kingdom
577103,85123A,WHITE HANGING HEART T-LIGHT HOLDER,6,2011-11-17 17:08:00,2.95,15081.0,United Kingdom
577104,85123A,WHITE HANGING HEART T-LIGHT HOLDER,12,2011-11-17 17:13:00,2.95,12747.0,United Kingdom
577106,85099B,JUMBO BAG RED RETROSPOT,1,2011-11-17 17:18:00,2.08,14456.0,United Kingdom
577106,22197,POPCORN HOLDER,4,2011-11-17 17:18:00,0.85,14456.0,United Kingdom
577107,23084,RABBIT NIGHT LIGHT,6,2011-11-17 17:30:00,2.08,16558.0,United Kingdom
577108,84879,ASSORTED COLOUR BIRD ORNAMENT,8,2011-11-17 17:34:00,1.69,15983.0,United Kingdom
577121,21212,PACK OF 72 RETROSPOT CAKE CASES,24,2011-11-17 18:29:00,0.55,12681.0,France
577121,22197,POPCORN HOLDER,12,2011-11-17 18:29:00,0.85,12681.0,France
577121,23084,RABBIT NIGHT LIGHT,96,2011-11-17 18:29:00,1.79,12681.0,France
577126,23084,RABBIT NIGHT LIGHT,24,2011-11-17 19:22:00,1.79,12406.0,Denmark
577128,23084,RABBIT NIGHT LIGHT,4,2011-11-17 19:48:00,2.08,14508.0,United Kingdom
577133,84879,ASSORTED COLOUR BIRD ORNAMENT,8,2011-11-18 08:47:00,1.69,13962.0,United Kingdom
577135,23084,RABBIT NIGHT LIGHT,24,2011-11-18 08:56:00,1.79,12427.0,Germany
577141,85099B,JUMBO BAG RED RETROSPOT,10,2011-11-18 09:11:00,2.08,13269.0,United Kingdom
577141,21212,PACK OF 72 RETROSPOT CAKE CASES,24,2011-11-18 09:11:00,0.55,13269.0,United Kingdom
577141,23084,RABBIT NIGHT LIGHT,6,2011-11-18 09:11:00,2.08,13269.0,United Kingdom
577143,23084,RABBIT NIGHT LIGHT,6,2011-11-18 09:31:00,2.08,13200.0,United Kingdom
577150,23084,RABBIT NIGHT LIGHT,48,2011-11-18 09:48:00,4.96,,United Kingdom
577150,21212,PACK OF 72 RETROSPOT CAKE CASES,35,2011-11-18 09:48:00,2.08,,United Kingdom
577150,22197,POPCORN HOLDER,94,2011-11-18 09:48:00,2.46,,United Kingdom
577152,21212,PACK OF 72 RETROSPOT CAKE CASES,24,2011-11-18 09:53:00,0.55,14277.0,France
577155,84077,WORLD WAR 2 GLIDERS ASSTD DESIGNS,48,2011-11-18 09:56:00,0.29,13050.0,United Kingdom
577155,23084,RABBIT NIGHT LIGHT,6,2011-11-18 09:56:00,2.08,13050.0,United Kingdom
577158,23166,MEDIUM CERAMIC TOP STORAGE JAR,12,2011-11-18 09:58:00,1.25,16293.0,United Kingdom
577167,23084,RABBIT NIGHT LIGHT,3,2011-11-18 10:41:00,2.08,16511.0,United Kingdom
577173,84879,ASSORTED COLOUR BIRD ORNAMENT,48,2011-11-18 10:57:00,1.69,14849.0,United Kingdom
577177,23084,RABBIT NIGHT LIGHT,2,2011-11-18 11:10:00,2.08,12748.0,United Kingdom
577180,23084,RABBIT NIGHT LIGHT,48,2011-11-18 11:27:00,1.79,12380.0,Belgium
577182,85099B,JUMBO BAG RED RETROSPOT,10,2011-11-18 11:39:00,2.08,16945.0,United Kingdom
577209,85123A,WHITE HANGING HEART T-LIGHT HOLDER,64,2011-11-18 11:49:00,2.55,15621.0,United Kingdom
577228,85123A,WHITE HANGING HEART T-LIGHT HOLDER,10,2011-11-18 12:07:00,2.95,12391.0,Cyprus
577289,22197,POPCORN HOLDER,300,2011-11-18 12:39:00,0.72,12931.0,United Kingdom
577295,23084,RABBIT NIGHT LIGHT,72,2011-11-18 12:46:00,1.79,12682.0,France
577297,23166,MEDIUM CERAMIC TOP STORAGE JAR,2,2011-11-18 12:48:00,1.25,14593.0,United Kingdom
577298,22197,POPCORN HOLDER,12,2011-11-18 12:49:00,0.85,14299.0,United Kingdom
577298,84879,ASSORTED COLOUR BIRD ORNAMENT,24,2011-11-18 12:49:00,1.69,14299.0,United Kingdom
577300,22197,POPCORN HOLDER,12,2011-11-18 12:53:00,0.85,16924.0,United Kingdom
577303,85099B,JUMBO BAG RED RETROSPOT,10,2011-11-18 13:02:00,2.08,14390.0,United Kingdom
577303,22197,POPCORN HOLDER,12,2011-11-18 13:02:00,0.85,14390.0,United Kingdom
577303,84879,ASSORTED COLOUR BIRD ORNAMENT,32,2011-11-18 13:02:00,1.69,14390.0,United Kingdom
577308,22197,POPCORN HOLDER,12,2011-11-18 13:14:00,0.85,15088.0,United Kingdom
577309,84879,ASSORTED COLOUR BIRD ORNAMENT,8,2011-11-18 13:14:00,1.69,15933.0,United Kingdom
577309,85123A,WHITE HANGING HEART T-LIGHT HOLDER,6,2011-11-18 13:14:00,2.95,15933.0,United Kingdom
577313,84879,ASSORTED COLOUR BIRD ORNAMENT,64,2011-11-18 13:21:00,1.69,14342.0,United Kingdom
577315,22197,POPCORN HOLDER,3,2011-11-18 13:25:00,0.85,17811.0,United Kingdom
577317,85099B,JUMBO BAG RED RETROSPOT,1,2011-11-18 13:33:00,2.08,16426.0,United Kingdom
577318,85123A,WHITE HANGING HEART T-LIGHT HOLDER,32,2011-11-18 13:42:00,2.55,17675.0,United Kingdom
577319,22616,PACK OF 12 LONDON TISSUES ,12,2011-11-18 13:43:00,0.39,17301.0,United Kingdom
577319,84879,ASSORTED COLOUR BIRD ORNAMENT,8,2011-11-18 13:43:00,1.69,17301.0,United Kingdom
577319,23084,RABBIT NIGHT LIGHT,3,2011-11-18 13:43:00,2.08,17301.0,United Kingdom
577320,23084,RABBIT NIGHT LIGHT,6,2011-11-18 13:44:00,2.08,13880.0,United Kingdom
577324,84077,WORLD WAR 2 GLIDERS ASSTD DESIGNS,48,2011-11-18 14:01:00,0.29,16463.0,United Kingdom
577329,85099B,JUMBO BAG RED RETROSPOT,1,2011-11-18 14:15:00,2.08,17779.0,United Kingdom
577333,23084,RABBIT NIGHT LIGHT,12,2011-11-18 14:40:00,2.08,14868.0,United Kingdom
577337,23084,RABBIT NIGHT LIGHT,1,2011-11-18 14:51:00,2.08,15494.0,United Kingdom
577338,21212,PACK OF 72 RETROSPOT CAKE CASES,24,2011-11-18 14:52:00,0.55,17650.0,United Kingdom
577341,85099B,JUMBO BAG RED RETROSPOT,10,2011-11-18 15:00:00,2.08,16279.0,United Kingdom
577341,84077,WORLD WAR 2 GLIDERS ASSTD DESIGNS,48,2011-11-18 15:00:00,0.29,16279.0,United Kingdom
577355,85123A,WHITE HANGING HEART T-LIGHT HOLDER,12,2011-11-18 15:53:00,2.95,14911.0,EIRE
577357,23084,RABBIT NIGHT LIGHT,72,2011-11-18 15:54:00,1.79,13098.0,United Kingdom
577358,21212,PACK OF 72 RETROSPOT CAKE CASES,2,2011-11-18 15:59:00,1.25,,United Kingdom
577358,84077,WORLD WAR 2 GLIDERS ASSTD DESIGNS,4,2011-11-18 15:59:00,0.63,,United Kingdom
577358,85123A,WHITE HANGING HEART T-LIGHT HOLDER,1,2011-11-18 15:59:00,5.79,,United Kingdom
577358,22197,POPCORN HOLDER,4,2011-11-18 15:59:00,1.63,,United Kingdom
577358,23166,MEDIUM CERAMIC TOP STORAGE JAR,2,2011-11-18 15:59:00,2.46,,United Kingdom
577358,23084,RABBIT NIGHT LIGHT,279,2011-11-18 15:59:00,4.13,,United Kingdom
577365,85099B,JUMBO BAG RED RETROSPOT,10,2011-11-18 16:19:00,2.08,17063.0,United Kingdom
577393,84879,ASSORTED COLOUR BIRD ORNAMENT,160,2011-11-18 17:06:00,1.45,14031.0,United Kingdom
577400,84879,ASSORTED COLOUR BIRD ORNAMENT,16,2011-11-18 17:20:00,1.69,16201.0,United Kingdom
577400,85099B,JUMBO BAG RED RETROSPOT,10,2011-11-18 17:20:00,2.08,16201.0,United Kingdom
577402,84879,ASSORTED COLOUR BIRD ORNAMENT,32,2011-11-20 10:11:00,1.69,15465.0,United Kingdom
577403,85099B,JUMBO BAG RED RETROSPOT,10,2011-11-20 10:15:00,2.08,13988.0,United Kingdom
577409,22197,POPCORN HOLDER,12,2011-11-20 10:53:00,0.85,16779.0,United Kingdom
577411,84077,WORLD WAR 2 GLIDERS ASSTD DESIGNS,48,2011-11-20 11:00:00,0.29,17387.0,United Kingdom
577469,22197,POPCORN HOLDER,1,2011-11-20 11:25:00,0.85,15009.0,United Kingdom
577472,22197,POPCORN HOLDER,60,2011-11-20 11:28:00,0.85,14503.0,United Kingdom
577472,85099B,JUMBO BAG RED RETROSPOT,20,2011-11-20 11:28:00,2.08,14503.0,United Kingdom
577473,22197,POPCORN HOLDER,6,2011-11-20 11:28:00,0.85,15919.0,United Kingdom
577475,21212,PACK OF 72 RETROSPOT CAKE CASES,24,2011-11-20 11:30:00,0.55,15152.0,United Kingdom
577476,21212,PACK OF 72 RETROSPOT CAKE CASES,24,2011-11-20 11:31:00,0.55,12540.0,Spain
577476,84879,ASSORTED COLOUR BIRD ORNAMENT,48,2011-11-20 11:31:00,1.69,12540.0,Spain
577478,84879,ASSORTED COLOUR BIRD ORNAMENT,8,2011-11-20 11:33:00,1.69,15963.0,United Kingdom
577479,22197,POPCORN HOLDER,12,2011-11-20 11:34:00,0.85,14911.0,EIRE
577480,85123A,WHITE HANGING HEART T-LIGHT HOLDER,64,2011-11-20 11:37:00,2.55,14525.0,United Kingdom
577482,84879,ASSORTED COLOUR BIRD ORNAMENT,8,2011-11-20 11:43:00,1.69,16762.0,United Kingdom
577482,84879,ASSORTED COLOUR BIRD ORNAMENT,8,2011-11-20 11:43:00,1.69,16762.0,United Kingdom
577483,84879,ASSORTED COLOUR BIRD ORNAMENT,4,2011-11-20 11:50:00,1.69,14502.0,United Kingdom
577485,22197,POPCORN HOLDER,20,2011-11-20 11:56:00,0.85,16360.0,United Kingdom
577485,85123A,WHITE HANGING HEART T-LIGHT HOLDER,4,2011-11-20 11:56:00,2.95,16360.0,United Kingdom
577488,23084,RABBIT NIGHT LIGHT,24,2011-11-20 12:00:00,1.79,13090.0,United Kingdom
577488,84879,ASSORTED COLOUR BIRD ORNAMENT,8,2011-11-20 12:00:00,1.69,13090.0,United Kingdom
577489,85123A,WHITE HANGING HEART T-LIGHT HOLDER,1,2011-11-20 12:07:00,2.95,,United Kingdom
577490,21212,PACK OF 72 RETROSPOT CAKE CASES,3,2011-11-20 12:11:00,0.55,16464.0,United Kingdom
577491,22197,POPCORN HOLDER,23,2011-11-20 12:12:00,0.85,14595.0,United Kingdom
577493,21212,PACK OF 72 RETROSPOT CAKE CASES,2,2011-11-20 12:13:00,0.55,17323.0,United Kingdom
577497,85099B,JUMBO BAG RED RETROSPOT,2,2011-11-20 12:22:00,2.08,17555.0,United Kingdom
577501,23084,RABBIT NIGHT LIGHT,12,2011-11-20 12:32:00,2.08,14075.0,United Kingdom
577502,23084,RABBIT NIGHT LIGHT,18,2011-11-20 12:34:00,2.08,12598.0,France
577504,21212,PACK OF 72 RETROSPOT CAKE CASES,1,2011-11-20 12:36:00,0.55,14159.0,United Kingdom
577504,21212,PACK OF 72 RETROSPOT CAKE CASES,1,2011-11-20 12:36:00,0.55,14159.0,United Kingdom
577504,85123A,WHITE HANGING HEART T-LIGHT HOLDER,6,2011-11-20 12:36:00,2.95,14159.0,United Kingdom
577504,21212,PACK OF 72 RETROSPOT CAKE CASES,2,2011-11-20 12:36:00,0.55,14159.0,United Kingdom
577504,85099B,JUMBO BAG RED RETROSPOT,2,2011-11-20 12:36:00,2.08,14159.0,United Kingdom
577505,85123A,WHITE HANGING HEART T-LIGHT HOLDER,4,2011-11-20 12:37:00,2.95,13118.0,United Kingdom
577507,23084,RABBIT NIGHT LIGHT,5,2011-11-20 12:42:00,2.08,14710.0,United Kingdom
577508,84879,ASSORTED COLOUR BIRD ORNAMENT,6,2011-11-20 12:45:00,1.69,18127.0,United Kingdom
577508,85123A,WHITE HANGING HEART T-LIGHT HOLDER,2,2011-11-20 12:45:00,2.95,18127.0,United Kingdom
577519,84077,WORLD WAR 2 GLIDERS ASSTD DESIGNS,48,2011-11-20 13:20:00,0.29,15044.0,United Kingdom
577519,23084,RABBIT NIGHT LIGHT,4,2011-11-20 13:20:00,2.08,15044.0,United Kingdom
577520,22197,POPCORN HOLDER,6,2011-11-20 13:20:00,0.85,14553.0,United Kingdom
577523,23084,RABBIT NIGHT LIGHT,6,2011-11-20 13:33:00,2.08,12597.0,Spain
577523,85123A,WHITE HANGING HEART T-LIGHT HOLDER,6,2011-11-20 13:33:00,2.95,12597.0,Spain
577526,21212,PACK OF 72 RETROSPOT CAKE CASES,24,2011-11-20 13:39:00,0.55,16513.0,United Kingdom
577530,85123A,WHITE HANGING HEART T-LIGHT HOLDER,12,2011-11-20 13:48:00,2.95,14950.0,United Kingdom
577531,85099B,JUMBO BAG RED RETROSPOT,19,2011-11-20 13:58:00,4.13,,United Kingdom
577531,22616,PACK OF 12 LONDON TISSUES ,2,2011-11-20 13:58:00,0.79,,United Kingdom
577535,22197,POPCORN HOLDER,2,2011-11-20 14:07:00,0.85,14071.0,United Kingdom
577536,23084,RABBIT NIGHT LIGHT,2,2011-11-20 14:14:00,2.08,15850.0,United Kingdom
577537,84879,ASSORTED COLOUR BIRD ORNAMENT,24,2011-11-20 14:17:00,1.69,14860.0,United Kingdom
577538,85099B,JUMBO BAG RED RETROSPOT,10,2011-11-20 14:20:00,2.08,18040.0,United Kingdom
577540,22197,POPCORN HOLDER,5,2011-11-20 14:28:00,0.85,14984.0,United Kingdom
577541,22197,POPCORN HOLDER,48,2011-11-20 14:31:00,0.85,16899.0,United Kingdom
577542,22197,POPCORN HOLDER,3,2011-11-20 14:33:00,0.85,13565.0,United Kingdom
577543,84879,ASSORTED COLOUR BIRD ORNAMENT,8,2011-11-20 14:40:00,1.69,17636.0,United Kingdom
577545,23084,RABBIT NIGHT LIGHT,3,2011-11-20 14:43:00,2.08,16931.0,United Kingdom
577550,85099B,JUMBO BAG RED RETROSPOT,10,2011-11-20 15:05:00,2.08,17738.0,United Kingdom
577551,23084,RABBIT NIGHT LIGHT,6,2011-11-20 15:21:00,2.08,12395.0,Belgium
577552,85099B,JUMBO BAG RED RETROSPOT,10,2011-11-20 15:27:00,2.08,14282.0,United Kingdom
577557,21212,PACK OF 72 RETROSPOT CAKE CASES,1,2011-11-20 15:36:00,0.55,15426.0,United Kingdom
577557,23084,RABBIT NIGHT LIGHT,3,2011-11-20 15:36:00,2.08,15426.0,United Kingdom
577557,84879,ASSORTED COLOUR BIRD ORNAMENT,3,2011-11-20 15:36:00,1.69,15426.0,United Kingdom
577557,23084,RABBIT NIGHT LIGHT,2,2011-11-20 15:36:00,2.08,15426.0,United Kingdom
577557,22197,POPCORN HOLDER,20,2011-11-20 15:36:00,0.85,15426.0,United Kingdom
577572,85099B,JUMBO BAG RED RETROSPOT,4,2011-11-20 15:48:00,2.08,17384.0,United Kingdom
577595,85123A,WHITE HANGING HEART T-LIGHT HOLDER,2,2011-11-20 16:12:00,2.95,16399.0,United Kingdom
577597,85123A,WHITE HANGING HEART T-LIGHT HOLDER,12,2011-11-21 08:19:00,2.95,16366.0,United Kingdom
577601,85099B,JUMBO BAG RED RETROSPOT,10,2011-11-21 08:31:00,2.08,17675.0,United Kingdom
577610,23084,RABBIT NIGHT LIGHT,6,2011-11-21 09:55:00,2.08,15373.0,United Kingdom
577613,21212,PACK OF 72 RETROSPOT CAKE CASES,24,2011-11-21 10:02:00,0.55,14911.0,EIRE
577617,84879,ASSORTED COLOUR BIRD ORNAMENT,24,2011-11-21 10:23:00,1.69,14883.0,United Kingdom
577618,23084,RABBIT NIGHT LIGHT,6,2011-11-21 10:27:00,2.08,12795.0,Portugal
577633,23166,MEDIUM CERAMIC TOP STORAGE JAR,24,2011-11-21 10:35:00,1.25,14194.0,United Kingdom
577633,84879,ASSORTED COLOUR BIRD ORNAMENT,16,2011-11-21 10:35:00,1.69,14194.0,United Kingdom
577669,23166,MEDIUM CERAMIC TOP STORAGE JAR,96,2011-11-21 10:48:00,1.04,15567.0,United Kingdom
577687,23084,RABBIT NIGHT LIGHT,48,2011-11-21 11:16:00,1.79,12583.0,France
577687,21212,PACK OF 72 RETROSPOT CAKE CASES,24,2011-11-21 11:16:00,0.55,12583.0,France
577690,85123A,WHITE HANGING HEART T-LIGHT HOLDER,2,2011-11-21 11:34:00,2.95,12856.0,United Kingdom
577690,23084,RABBIT NIGHT LIGHT,5,2011-11-21 11:34:00,2.08,12856.0,United Kingdom
577691,85123A,WHITE HANGING HEART T-LIGHT HOLDER,2,2011-11-21 11:34:00,2.95,14587.0,United Kingdom
577695,85123A,WHITE HANGING HEART T-LIGHT HOLDER,12,2011-11-21 11:55:00,2.95,15645.0,United Kingdom
577696,85123A,WHITE HANGING HEART T-LIGHT HOLDER,1,2011-11-21 11:57:00,2.95,16406.0,United Kingdom
577696,22197,POPCORN HOLDER,7,2011-11-21 11:57:00,0.85,16406.0,United Kingdom
577697,84879,ASSORTED COLOUR BIRD ORNAMENT,8,2011-11-21 12:02:00,1.69,15804.0,United Kingdom
577698,23084,RABBIT NIGHT LIGHT,7,2011-11-21 12:05:00,2.08,14963.0,United Kingdom
577698,22197,POPCORN HOLDER,100,2011-11-21 12:05:00,0.72,14963.0,United Kingdom
577700,22197,POPCORN HOLDER,5,2011-11-21 12:06:00,0.85,14449.0,United Kingdom
577700,84879,ASSORTED COLOUR BIRD ORNAMENT,3,2011-11-21 12:06:00,1.69,14449.0,United Kingdom
577700,84879,ASSORTED COLOUR BIRD ORNAMENT,3,2011-11-21 12:06:00,1.69,14449.0,United Kingdom
577723,21212,PACK OF 72 RETROSPOT CAKE CASES,2,2011-11-21 12:36:00,0.55,16713.0,United Kingdom
577723,23084,RABBIT NIGHT LIGHT,6,2011-11-21 12:36:00,2.08,16713.0,United Kingdom
577723,84879,ASSORTED COLOUR BIRD ORNAMENT,8,2011-11-21 12:36:00,1.69,16713.0,United Kingdom
577726,22197,POPCORN HOLDER,12,2011-11-21 12:40:00,0.85,15676.0,United Kingdom
577728,22197,POPCORN HOLDER,100,2011-11-21 12:52:00,0.72,17811.0,United Kingdom
577728,85099B,JUMBO BAG RED RETROSPOT,2,2011-11-21 12:52:00,2.08,17811.0,United Kingdom
577728,85099B,JUMBO BAG RED RETROSPOT,3,2011-11-21 12:52:00,2.08,17811.0,United Kingdom
577729,85099B,JUMBO BAG RED RETROSPOT,10,2011-11-21 12:53:00,2.08,15179.0,United Kingdom
577729,21212,PACK OF 72 RETROSPOT CAKE CASES,24,2011-11-21 12:53:00,0.55,15179.0,United Kingdom
577732,84879,ASSORTED COLOUR BIRD ORNAMENT,96,2011-11-21 13:09:00,1.69,15093.0,United Kingdom
577732,84077,WORLD WAR 2 GLIDERS ASSTD DESIGNS,288,2011-11-21 13:09:00,0.21,15093.0,United Kingdom
577735,85099B,JUMBO BAG RED RETROSPOT,100,2011-11-21 13:14:00,1.79,14482.0,United Kingdom
577735,22197,POPCORN HOLDER,100,2011-11-21 13:14:00,0.72,14482.0,United Kingdom
577741,23084,RABBIT NIGHT LIGHT,12,2011-11-21 13:40:00,2.08,12921.0,United Kingdom
577742,23084,RABBIT NIGHT LIGHT,20,2011-11-21 13:41:00,2.08,13755.0,United Kingdom
577742,85123A,WHITE HANGING HEART T-LIGHT HOLDER,2,2011-11-21 13:41:00,2.95,13755.0,United Kingdom
577742,23084,RABBIT NIGHT LIGHT,1,2011-11-21 13:41:00,2.08,13755.0,United Kingdom
577742,85123A,WHITE HANGING HEART T-LIGHT HOLDER,1,2011-11-21 13:41:00,2.95,13755.0,United Kingdom
577749,85099B,JUMBO BAG RED RETROSPOT,10,2011-11-21 14:26:00,2.08,16242.0,United Kingdom
577751,84879,ASSORTED COLOUR BIRD ORNAMENT,8,2011-11-21 14:34:00,1.69,12904.0,United Kingdom
577751,84879,ASSORTED COLOUR BIRD ORNAMENT,8,2011-11-21 14:34:00,1.69,12904.0,United Kingdom
577754,23166,MEDIUM CERAMIC TOP STORAGE JAR,48,2011-11-21 14:47:00,1.04,18139.0,United Kingdom
577755,23084,RABBIT NIGHT LIGHT,6,2011-11-21 14:49:00,2.08,17010.0,United Kingdom
577756,23084,RABBIT NIGHT LIGHT,6,2011-11-21 14:59:00,2.08,15115.0,United Kingdom
577768,22197,POPCORN HOLDER,23,2011-11-21 15:18:00,1.63,,United Kingdom
577768,23084,RABBIT NIGHT LIGHT,26,2011-11-21 15:18:00,4.13,,United Kingdom
577768,84879,ASSORTED COLOUR BIRD ORNAMENT,16,2011-11-21 15:18:00,3.12,,United Kingdom
577768,84077,WORLD WAR 2 GLIDERS ASSTD DESIGNS,12,2011-11-21 15:18:00,0.63,,United Kingdom
577768,21212,PACK OF 72 RETROSPOT CAKE CASES,2,2011-11-21 15:18:00,1.25,,United Kingdom
577768,85123A,WHITE HANGING HEART T-LIGHT HOLDER,3,2011-11-21 15:18:00,5.79,,United Kingdom
577768,85099B,JUMBO BAG RED RETROSPOT,2,2011-11-21 15:18:00,4.13,,United Kingdom
577772,23166,MEDIUM CERAMIC TOP STORAGE JAR,48,2011-11-21 15:53:00,1.04,18139.0,United Kingdom
577774,22616,PACK OF 12 LONDON TISSUES ,12,2011-11-21 15:57:00,0.39,16712.0,United Kingdom
577778,22616,PACK OF 12 LONDON TISSUES ,1,2011-11-21 16:10:00,0.39,16549.0,United Kingdom
577778,22616,PACK OF 12 LONDON TISSUES ,1,2011-11-21 16:10:00,0.39,16549.0,United Kingdom
577782,85123A,WHITE HANGING HEART T-LIGHT HOLDER,1,2011-11-21 16:17:00,2.95,16549.0,United Kingdom
577782,22197,POPCORN HOLDER,2,2011-11-21 16:17:00,0.85,16549.0,United Kingdom
577783,23166,MEDIUM CERAMIC TOP STORAGE JAR,48,2011-11-21 16:20:00,1.25,18139.0,United Kingdom
577784,21212,PACK OF 72 RETROSPOT CAKE CASES,24,2011-11-21 16:24:00,0.55,13862.0,United Kingdom
577785,84077,WORLD WAR 2 GLIDERS ASSTD DESIGNS,48,2011-11-21 16:25:00,0.29,16369.0,United Kingdom
577800,85099B,JUMBO BAG RED RETROSPOT,10,2011-11-21 17:00:00,2.08,15484.0,United Kingdom
577810,22197,POPCORN HOLDER,1000,2011-11-22 08:44:00,0.72,17949.0,United Kingdom
577813,84879,ASSORTED COLOUR BIRD ORNAMENT,24,2011-11-22 09:06:00,1.69,14297.0,United Kingdom
577816,23166,MEDIUM CERAMIC TOP STORAGE JAR,48,2011-11-22 09:17:00,1.25,18139.0,United Kingdom
577823,23084,RABBIT NIGHT LIGHT,120,2011-11-22 09:40:00,1.79,16107.0,United Kingdom
577824,84879,ASSORTED COLOUR BIRD ORNAMENT,16,2011-11-22 09:42:00,1.69,15845.0,United Kingdom
577827,85123A,WHITE HANGING HEART T-LIGHT HOLDER,12,2011-11-22 09:53:00,2.95,16782.0,United Kingdom
577831,85099B,JUMBO BAG RED RETROSPOT,10,2011-11-22 10:17:00,2.08,16748.0,United Kingdom
577834,23084,RABBIT NIGHT LIGHT,6,2011-11-22 10:21:00,2.08,17528.0,United Kingdom
577837,23084,RABBIT NIGHT LIGHT,72,2011-11-22 10:30:00,1.79,14834.0,United Kingdom
577841,23084,RABBIT NIGHT LIGHT,48,2011-11-22 10:35:00,1.79,14262.0,United Kingdom
577844,21212,PACK OF 72 RETROSPOT CAKE CASES,1,2011-11-22 10:41:00,5.0,,United Kingdom
577844,21212,PACK OF 72 RETROSPOT CAKE CASES,34,2011-11-22 10:41:00,2.08,,United Kingdom
577844,23084,RABBIT NIGHT LIGHT,40,2011-11-22 10:41:00,4.96,,United Kingdom
577844,22197,POPCORN HOLDER,88,2011-11-22 10:41:00,2.46,,United Kingdom
577845,23166,MEDIUM CERAMIC TOP STORAGE JAR,48,2011-11-22 10:44:00,1.04,18139.0,United Kingdom
577851,23084,RABBIT NIGHT LIGHT,24,2011-11-22 11:04:00,1.79,13267.0,United Kingdom
577851,84879,ASSORTED COLOUR BIRD ORNAMENT,8,2011-11-22 11:04:00,1.69,13267.0,United Kingdom
577850,21212,PACK OF 72 RETROSPOT CAKE CASES,24,2011-11-22 11:04:00,0.55,14911.0,EIRE
577850,23084,RABBIT NIGHT LIGHT,6,2011-11-22 11:04:00,2.08,14911.0,EIRE
577853,23084,RABBIT NIGHT LIGHT,6,2011-11-22 11:13:00,2.08,13681.0,United Kingdom
577853,85123A,WHITE HANGING HEART T-LIGHT HOLDER,5,2011-11-22 11:13:00,2.95,13681.0,United Kingdom
577854,23084,RABBIT NIGHT LIGHT,18,2011-11-22 11:14:00,2.08,16128.0,United Kingdom
577856,23084,RABBIT NIGHT LIGHT,72,2011-11-22 11:19:00,1.79,12490.0,France
577859,84879,ASSORTED COLOUR BIRD ORNAMENT,6,2011-11-22 11:24:00,1.69,14534.0,United Kingdom
577861,84879,ASSORTED COLOUR BIRD ORNAMENT,8,2011-11-22 11:28:00,1.69,13924.0,United Kingdom
577869,22197,POPCORN HOLDER,9,2011-11-22 11:34:00,0.85,13268.0,United Kingdom
577938,22197,POPCORN HOLDER,2,2011-11-22 12:07:00,0.85,15525.0,United Kingdom
577951,23084,RABBIT NIGHT LIGHT,3,2011-11-22 12:09:00,2.08,17238.0,United Kingdom
577973,85123A,WHITE HANGING HEART T-LIGHT HOLDER,32,2011-11-22 12:13:00,2.55,13798.0,United Kingdom
577980,23084,RABBIT NIGHT LIGHT,1,2011-11-22 12:24:00,2.08,16330.0,United Kingdom
578005,84879,ASSORTED COLOUR BIRD ORNAMENT,32,2011-11-22 12:39:00,1.69,16985.0,United Kingdom
578008,21212,PACK OF 72 RETROSPOT CAKE CASES,1,2011-11-22 12:47:00,0.55,14657.0,United Kingdom
578010,85099B,JUMBO BAG RED RETROSPOT,100,2011-11-22 12:50:00,2.04,15971.0,United Kingdom
578013,22616,PACK OF 12 LONDON TISSUES ,1,2011-11-22 12:55:00,0.39,17360.0,United Kingdom
578017,22197,POPCORN HOLDER,2,2011-11-22 13:07:00,0.85,13569.0,United Kingdom
578017,22197,POPCORN HOLDER,6,2011-11-22 13:07:00,0.85,13569.0,United Kingdom
578017,85123A,WHITE HANGING HEART T-LIGHT HOLDER,3,2011-11-22 13:07:00,2.95,13569.0,United Kingdom
578020,22197,POPCORN HOLDER,4,2011-11-22 13:20:00,0.85,16979.0,United Kingdom
578024,23084,RABBIT NIGHT LIGHT,24,2011-11-22 13:27:00,1.79,12705.0,Germany
578026,85099B,JUMBO BAG RED RETROSPOT,10,2011-11-22 13:29:00,2.08,17659.0,United Kingdom
578026,23084,RABBIT NIGHT LIGHT,6,2011-11-22 13:29:00,2.08,17659.0,United Kingdom
578031,85123A,WHITE HANGING HEART T-LIGHT HOLDER,6,2011-11-22 13:41:00,2.95,15796.0,United Kingdom
578033,85099B,JUMBO BAG RED RETROSPOT,10,2011-11-22 13:42:00,2.08,12656.0,France
578033,23084,RABBIT NIGHT LIGHT,12,2011-11-22 13:42:00,2.08,12656.0,France
578036,23084,RABBIT NIGHT LIGHT,9,2011-11-22 14:04:00,2.08,16474.0,United Kingdom
578041,85123A,WHITE HANGING HEART T-LIGHT HOLDER,10,2011-11-22 14:23:00,2.95,17338.0,United Kingdom
578043,23084,RABBIT NIGHT LIGHT,12,2011-11-22 14:39:00,2.08,12474.0,Germany
578054,85123A,WHITE HANGING HEART T-LIGHT HOLDER,160,2011-11-22 14:59:00,2.55,14911.0,EIRE
578057,22197,POPCORN HOLDER,4,2011-11-22 15:05:00,0.85,12920.0,United Kingdom
578058,23084,RABBIT NIGHT LIGHT,6,2011-11-22 15:07:00,2.08,18249.0,United Kingdom
578065,23084,RABBIT NIGHT LIGHT,32,2011-11-22 15:41:00,4.13,,United Kingdom
578065,85123A,WHITE HANGING HEART T-LIGHT HOLDER,2,2011-11-22 15:41:00,5.79,,United Kingdom
578065,21212,PACK OF 72 RETROSPOT CAKE CASES,8,2011-11-22 15:41:00,0.55,,United Kingdom
578065,22616,PACK OF 12 LONDON TISSUES ,1,2011-11-22 15:41:00,0.83,,United Kingdom
578065,22197,POPCORN HOLDER,11,2011-11-22 15:41:00,1.63,,United Kingdom
578067,23084,RABBIT NIGHT LIGHT,19,2011-11-22 15:43:00,4.13,,United Kingdom
578067,84077,WORLD WAR 2 GLIDERS ASSTD DESIGNS,1,2011-11-22 15:43:00,0.63,,United Kingdom
578067,85123A,WHITE HANGING HEART T-LIGHT HOLDER,1,2011-11-22 15:43:00,5.79,,United Kingdom
578067,85099B,JUMBO BAG RED RETROSPOT,2,2011-11-22 15:43:00,4.13,,United Kingdom
578067,22197,POPCORN HOLDER,12,2011-11-22 15:43:00,1.63,,United Kingdom
578067,21212,PACK OF 72 RETROSPOT CAKE CASES,2,2011-11-22 15:43:00,1.25,,United Kingdom
578067,22616,PACK OF 12 LONDON TISSUES ,3,2011-11-22 15:43:00,0.83,,United Kingdom
578068,85123A,WHITE HANGING HEART T-LIGHT HOLDER,2,2011-11-22 15:45:00,2.95,14505.0,United Kingdom
578068,84879,ASSORTED COLOUR BIRD ORNAMENT,6,2011-11-22 15:45:00,1.69,14505.0,United Kingdom
578068,23084,RABBIT NIGHT LIGHT,2,2011-11-22 15:45:00,2.08,14505.0,United Kingdom
578069,84077,WORLD WAR 2 GLIDERS ASSTD DESIGNS,96,2011-11-22 15:49:00,0.29,14329.0,United Kingdom
578069,22197,POPCORN HOLDER,24,2011-11-22 15:49:00,0.85,14329.0,United Kingdom
578071,23084,RABBIT NIGHT LIGHT,24,2011-11-22 15:52:00,1.79,13599.0,United Kingdom
578074,85123A,WHITE HANGING HEART T-LIGHT HOLDER,2,2011-11-22 16:06:00,2.95,17590.0,United Kingdom
578074,23084,RABBIT NIGHT LIGHT,8,2011-11-22 16:06:00,2.08,17590.0,United Kingdom
578074,84879,ASSORTED COLOUR BIRD ORNAMENT,8,2011-11-22 16:06:00,1.69,17590.0,United Kingdom
578078,85123A,WHITE HANGING HEART T-LIGHT HOLDER,6,2011-11-22 16:24:00,2.95,12586.0,Italy
578079,23084,RABBIT NIGHT LIGHT,12,2011-11-22 16:26:00,2.08,13985.0,United Kingdom
578085,84879,ASSORTED COLOUR BIRD ORNAMENT,16,2011-11-22 16:39:00,1.69,13319.0,United Kingdom
578086,21212,PACK OF 72 RETROSPOT CAKE CASES,24,2011-11-22 16:43:00,0.55,17519.0,United Kingdom
578087,85123A,WHITE HANGING HEART T-LIGHT HOLDER,10,2011-11-22 16:44:00,2.95,15965.0,United Kingdom
578088,21212,PACK OF 72 RETROSPOT CAKE CASES,4,2011-11-22 16:47:00,0.55,16376.0,United Kingdom
578088,21212,PACK OF 72 RETROSPOT CAKE CASES,1,2011-11-22 16:47:00,0.55,16376.0,United Kingdom
578088,85123A,WHITE HANGING HEART T-LIGHT HOLDER,2,2011-11-22 16:47:00,2.95,16376.0,United Kingdom
578089,23084,RABBIT NIGHT LIGHT,48,2011-11-22 17:02:00,1.79,12483.0,Sweden
578091,23084,RABBIT NIGHT LIGHT,24,2011-11-22 17:15:00,1.79,14554.0,United Kingdom
578094,84879,ASSORTED COLOUR BIRD ORNAMENT,8,2011-11-22 17:23:00,1.69,16261.0,United Kingdom
578096,23084,RABBIT NIGHT LIGHT,12,2011-11-22 17:26:00,2.08,12936.0,United Kingdom
578098,23084,RABBIT NIGHT LIGHT,1,2011-11-22 17:32:00,2.08,12936.0,United Kingdom
578099,23084,RABBIT NIGHT LIGHT,6,2011-11-23 08:05:00,2.08,12452.0,Switzerland
578100,23084,RABBIT NIGHT LIGHT,6,2011-11-23 08:17:00,2.08,15814.0,United Kingdom
578100,21212,PACK OF 72 RETROSPOT CAKE CASES,24,2011-11-23 08:17:00,0.55,15814.0,United Kingdom
578104,23084,RABBIT NIGHT LIGHT,24,2011-11-23 08:43:00,1.79,13969.0,United Kingdom
578108,22197,POPCORN HOLDER,100,2011-11-23 09:20:00,0.72,14912.0,Italy
578111,21212,PACK OF 72 RETROSPOT CAKE CASES,24,2011-11-23 09:28:00,0.55,14790.0,United Kingdom
578116,23084,RABBIT NIGHT LIGHT,48,2011-11-23 09:51:00,1.79,13078.0,United Kingdom
578116,22197,POPCORN HOLDER,200,2011-11-23 09:51:00,0.72,13078.0,United Kingdom
578118,84879,ASSORTED COLOUR BIRD ORNAMENT,16,2011-11-23 10:08:00,1.69,12955.0,United Kingdom
578120,84879,ASSORTED COLOUR BIRD ORNAMENT,8,2011-11-23 10:21:00,1.69,14493.0,United Kingdom
578121,85099B,JUMBO BAG RED RETROSPOT,10,2011-11-23 10:23:00,2.08,14547.0,United Kingdom
578125,85099B,JUMBO BAG RED RETROSPOT,100,2011-11-23 10:31:00,1.79,17511.0,United Kingdom
578140,85123A,WHITE HANGING HEART T-LIGHT HOLDER,160,2011-11-23 10:58:00,2.55,14646.0,Netherlands
578147,22197,POPCORN HOLDER,4,2011-11-23 11:09:00,0.85,12748.0,United Kingdom
578149,85099B,JUMBO BAG RED RETROSPOT,14,2011-11-23 11:11:00,4.13,,United Kingdom
578153,22197,POPCORN HOLDER,6,2011-11-23 11:22:00,0.85,12748.0,United Kingdom
578171,23084,RABBIT NIGHT LIGHT,24,2011-11-23 11:36:00,1.79,17685.0,United Kingdom
578187,85123A,WHITE HANGING HEART T-LIGHT HOLDER,6,2011-11-23 11:40:00,2.95,14336.0,United Kingdom
578211,85123A,WHITE HANGING HEART T-LIGHT HOLDER,1,2011-11-23 11:47:00,2.95,12748.0,United Kingdom
578211,22197,POPCORN HOLDER,6,2011-11-23 11:47:00,0.85,12748.0,United Kingdom
578225,84879,ASSORTED COLOUR BIRD ORNAMENT,8,2011-11-23 11:51:00,1.69,17700.0,United Kingdom
578233,23084,RABBIT NIGHT LIGHT,4,2011-11-23 12:20:00,2.08,14049.0,United Kingdom
578233,84077,WORLD WAR 2 GLIDERS ASSTD DESIGNS,96,2011-11-23 12:20:00,0.29,14049.0,United Kingdom
578244,22197,POPCORN HOLDER,25,2011-11-23 12:36:00,0.85,15727.0,United Kingdom
578244,84077,WORLD WAR 2 GLIDERS ASSTD DESIGNS,48,2011-11-23 12:36:00,0.29,15727.0,United Kingdom
578247,84077,WORLD WAR 2 GLIDERS ASSTD DESIGNS,96,2011-11-23 12:39:00,0.29,14581.0,United Kingdom
578250,23084,RABBIT NIGHT LIGHT,1,2011-11-23 12:43:00,2.08,15901.0,United Kingdom
578251,23084,RABBIT NIGHT LIGHT,6,2011-11-23 12:45:00,2.08,15993.0,United Kingdom
578251,22197,POPCORN HOLDER,4,2011-11-23 12:45:00,0.85,15993.0,United Kingdom
578252,23084,RABBIT NIGHT LIGHT,48,2011-11-23 12:48:00,1.79,16079.0,United Kingdom
578253,21212,PACK OF 72 RETROSPOT CAKE CASES,24,2011-11-23 12:51:00,0.55,14744.0,United Kingdom
578255,22197,POPCORN HOLDER,9,2011-11-23 12:58:00,0.85,14675.0,United Kingdom
578255,85123A,WHITE HANGING HEART T-LIGHT HOLDER,1,2011-11-23 12:58:00,2.95,14675.0,United Kingdom
578255,85123A,WHITE HANGING HEART T-LIGHT HOLDER,1,2011-11-23 12:58:00,2.95,14675.0,United Kingdom
578255,23084,RABBIT NIGHT LIGHT,6,2011-11-23 12:58:00,2.08,14675.0,United Kingdom
578258,85123A,WHITE HANGING HEART T-LIGHT HOLDER,2,2011-11-23 13:01:00,2.95,13263.0,United Kingdom
578260,85123A,WHITE HANGING HEART T-LIGHT HOLDER,6,2011-11-23 13:15:00,2.95,17469.0,United Kingdom
578264,23084,RABBIT NIGHT LIGHT,1,2011-11-23 13:27:00,2.08,12748.0,United Kingdom
578262,21212,PACK OF 72 RETROSPOT CAKE CASES,1,2011-11-23 13:27:00,0.55,18283.0,United Kingdom
578262,21212,PACK OF 72 RETROSPOT CAKE CASES,2,2011-11-23 13:27:00,0.55,18283.0,United Kingdom
578262,85099B,JUMBO BAG RED RETROSPOT,2,2011-11-23 13:27:00,2.08,18283.0,United Kingdom
578262,21212,PACK OF 72 RETROSPOT CAKE CASES,1,2011-11-23 13:27:00,0.55,18283.0,United Kingdom
578270,23084,RABBIT NIGHT LIGHT,42,2011-11-23 13:39:00,4.13,14096.0,United Kingdom
578270,85123A,WHITE HANGING HEART T-LIGHT HOLDER,1,2011-11-23 13:39:00,5.79,14096.0,United Kingdom
578270,21212,PACK OF 72 RETROSPOT CAKE CASES,6,2011-11-23 13:39:00,1.25,14096.0,United Kingdom
578270,84077,WORLD WAR 2 GLIDERS ASSTD DESIGNS,17,2011-11-23 13:39:00,0.63,14096.0,United Kingdom
578270,22197,POPCORN HOLDER,13,2011-11-23 13:39:00,1.63,14096.0,United Kingdom
578271,84879,ASSORTED COLOUR BIRD ORNAMENT,8,2011-11-23 13:40:00,1.69,13899.0,United Kingdom
578275,23084,RABBIT NIGHT LIGHT,24,2011-11-23 13:46:00,1.79,15916.0,United Kingdom
578277,23084,RABBIT NIGHT LIGHT,8,2011-11-23 13:51:00,2.08,12723.0,France
578277,22616,PACK OF 12 LONDON TISSUES ,36,2011-11-23 13:51:00,0.39,12723.0,France
578278,22197,POPCORN HOLDER,10,2011-11-23 13:51:00,0.85,12748.0,United Kingdom
578278,23084,RABBIT NIGHT LIGHT,10,2011-11-23 13:51:00,2.08,12748.0,United Kingdom
578283,23084,RABBIT NIGHT LIGHT,48,2011-11-23 13:54:00,1.79,13139.0,United Kingdom
578287,23084,RABBIT NIGHT LIGHT,2,2011-11-23 14:01:00,2.08,12723.0,France
578293,85099B,JUMBO BAG RED RETROSPOT,10,2011-11-23 14:36:00,2.08,15640.0,United Kingdom
578297,23084,RABBIT NIGHT LIGHT,48,2011-11-23 14:51:00,1.79,17017.0,United Kingdom
578302,85123A,WHITE HANGING HEART T-LIGHT HOLDER,6,2011-11-23 15:23:00,2.95,16057.0,United Kingdom
578302,85099B,JUMBO BAG RED RETROSPOT,10,2011-11-23 15:23:00,2.08,16057.0,United Kingdom
578304,85123A,WHITE HANGING HEART T-LIGHT HOLDER,64,2011-11-23 15:41:00,2.55,13831.0,United Kingdom
578306,22197,POPCORN HOLDER,100,2011-11-23 15:46:00,0.72,17410.0,United Kingdom
578307,23084,RABBIT NIGHT LIGHT,1,2011-11-23 15:53:00,2.08,17290.0,United Kingdom
578310,23084,RABBIT NIGHT LIGHT,6,2011-11-23 16:22:00,2.08,17434.0,United Kingdom
578312,23084,RABBIT NIGHT LIGHT,48,2011-11-23 16:24:00,1.79,14032.0,United Kingdom
578313,22197,POPCORN HOLDER,20,2011-11-23 16:24:00,0.85,17757.0,United Kingdom
578317,84879,ASSORTED COLOUR BIRD ORNAMENT,16,2011-11-23 16:47:00,1.69,15398.0,United Kingdom
578319,84879,ASSORTED COLOUR BIRD ORNAMENT,24,2011-11-23 16:48:00,1.69,15393.0,United Kingdom
578326,22616,PACK OF 12 LONDON TISSUES ,12,2011-11-23 17:45:00,0.39,16343.0,United Kingdom
578344,23084,RABBIT NIGHT LIGHT,97,2011-11-24 09:21:00,2.08,,United Kingdom
578344,85099B,JUMBO BAG RED RETROSPOT,3,2011-11-24 09:21:00,4.13,,United Kingdom
578344,85123A,WHITE HANGING HEART T-LIGHT HOLDER,2,2011-11-24 09:21:00,5.79,,United Kingdom
578344,84077,WORLD WAR 2 GLIDERS ASSTD DESIGNS,12,2011-11-24 09:21:00,0.63,,United Kingdom
578344,22197,POPCORN HOLDER,19,2011-11-24 09:21:00,1.63,,United Kingdom
578347,23084,RABBIT NIGHT LIGHT,44,2011-11-24 09:26:00,4.13,,United Kingdom
578347,84077,WORLD WAR 2 GLIDERS ASSTD DESIGNS,7,2011-11-24 09:26:00,0.63,,United Kingdom
578347,85099B,JUMBO BAG RED RETROSPOT,7,2011-11-24 09:26:00,4.13,,United Kingdom
578347,85123A,WHITE HANGING HEART T-LIGHT HOLDER,1,2011-11-24 09:26:00,5.79,,United Kingdom
578347,22197,POPCORN HOLDER,9,2011-11-24 09:26:00,1.63,,United Kingdom
578348,23084,RABBIT NIGHT LIGHT,6,2011-11-24 09:34:00,2.08,12494.0,France
578351,85123A,WHITE HANGING HEART T-LIGHT HOLDER,32,2011-11-24 09:59:00,2.55,14987.0,United Kingdom
578359,85099B,JUMBO BAG RED RETROSPOT,100,2011-11-24 10:35:00,1.79,14607.0,United Kingdom
578358,22197,POPCORN HOLDER,200,2011-11-24 10:35:00,0.72,15482.0,United Kingdom
578362,85099B,JUMBO BAG RED RETROSPOT,20,2011-11-24 10:39:00,2.08,12913.0,United Kingdom
578365,22197,POPCORN HOLDER,100,2011-11-24 10:46:00,0.72,15482.0,United Kingdom
578366,85099B,JUMBO BAG RED RETROSPOT,10,2011-11-24 10:53:00,2.08,16173.0,United Kingdom
578370,84879,ASSORTED COLOUR BIRD ORNAMENT,8,2011-11-24 11:11:00,1.69,17346.0,United Kingdom
578370,22197,POPCORN HOLDER,4,2011-11-24 11:11:00,0.85,17346.0,United Kingdom
578370,23084,RABBIT NIGHT LIGHT,6,2011-11-24 11:11:00,2.08,17346.0,United Kingdom
578370,85099B,JUMBO BAG RED RETROSPOT,4,2011-11-24 11:11:00,2.08,17346.0,United Kingdom
578370,21212,PACK OF 72 RETROSPOT CAKE CASES,1,2011-11-24 11:11:00,0.55,17346.0,United Kingdom
578400,84879,ASSORTED COLOUR BIRD ORNAMENT,5,2011-11-24 11:52:00,1.69,12748.0,United Kingdom
578400,23084,RABBIT NIGHT LIGHT,2,2011-11-24 11:52:00,2.08,12748.0,United Kingdom
578427,85123A,WHITE HANGING HEART T-LIGHT HOLDER,6,2011-11-24 12:11:00,2.95,15034.0,United Kingdom
578427,22197,POPCORN HOLDER,100,2011-11-24 12:11:00,0.72,15034.0,United Kingdom
578429,85099B,JUMBO BAG RED RETROSPOT,10,2011-11-24 12:12:00,2.08,16271.0,United Kingdom
578429,85123A,WHITE HANGING HEART T-LIGHT HOLDER,6,2011-11-24 12:12:00,2.95,16271.0,United Kingdom
578433,23084,RABBIT NIGHT LIGHT,24,2011-11-24 12:21:00,1.79,17671.0,United Kingdom
578433,84879,ASSORTED COLOUR BIRD ORNAMENT,160,2011-11-24 12:21:00,1.45,17671.0,United Kingdom
578472,85123A,WHITE HANGING HEART T-LIGHT HOLDER,12,2011-11-24 12:40:00,2.95,12476.0,Germany
578472,84879,ASSORTED COLOUR BIRD ORNAMENT,40,2011-11-24 12:40:00,1.69,12476.0,Germany
578480,22197,POPCORN HOLDER,100,2011-11-24 12:48:00,0.72,15502.0,United Kingdom
578479,23084,RABBIT NIGHT LIGHT,2,2011-11-24 12:48:00,2.08,15858.0,United Kingdom
578485,85099B,JUMBO BAG RED RETROSPOT,20,2011-11-24 12:52:00,2.08,12921.0,United Kingdom
578485,84879,ASSORTED COLOUR BIRD ORNAMENT,24,2011-11-24 12:52:00,1.69,12921.0,United Kingdom
578488,84879,ASSORTED COLOUR BIRD ORNAMENT,8,2011-11-24 12:53:00,1.69,12784.0,Portugal
578508,85123A,WHITE HANGING HEART T-LIGHT HOLDER,4,2011-11-24 13:06:00,2.95,16892.0,United Kingdom
578510,85099B,JUMBO BAG RED RETROSPOT,2,2011-11-24 13:25:00,2.08,14056.0,United Kingdom
578510,23084,RABBIT NIGHT LIGHT,7,2011-11-24 13:25:00,2.08,14056.0,United Kingdom
578512,23084,RABBIT NIGHT LIGHT,6,2011-11-24 13:28:00,2.08,15187.0,United Kingdom
578513,85099B,JUMBO BAG RED RETROSPOT,20,2011-11-24 13:32:00,2.08,16609.0,United Kingdom
578516,85099B,JUMBO BAG RED RETROSPOT,10,2011-11-24 13:53:00,2.08,14591.0,United Kingdom
578516,22197,POPCORN HOLDER,20,2011-11-24 13:53:00,0.85,14591.0,United Kingdom
578519,22197,POPCORN HOLDER,6,2011-11-24 13:56:00,0.85,14591.0,United Kingdom
578520,23084,RABBIT NIGHT LIGHT,1,2011-11-24 13:57:00,2.08,14591.0,United Kingdom
578522,84879,ASSORTED COLOUR BIRD ORNAMENT,2,2011-11-24 14:09:00,1.69,17254.0,United Kingdom
578526,23084,RABBIT NIGHT LIGHT,6,2011-11-24 14:22:00,2.08,13995.0,United Kingdom
578532,23084,RABBIT NIGHT LIGHT,6,2011-11-24 14:40:00,2.08,18130.0,United Kingdom
578533,85123A,WHITE HANGING HEART T-LIGHT HOLDER,4,2011-11-24 14:42:00,2.95,17767.0,United Kingdom
578534,85123A,WHITE HANGING HEART T-LIGHT HOLDER,6,2011-11-24 14:51:00,2.95,15725.0,United Kingdom
578539,23084,RABBIT NIGHT LIGHT,12,2011-11-24 14:55:00,2.08,,Unspecified
578541,85123A,WHITE HANGING HEART T-LIGHT HOLDER,8,2011-11-24 15:01:00,2.95,14277.0,France
578541,23084,RABBIT NIGHT LIGHT,6,2011-11-24 15:01:00,2.08,14277.0,France
578541,85099B,JUMBO BAG RED RETROSPOT,6,2011-11-24 15:01:00,2.08,14277.0,France
578541,84879,ASSORTED COLOUR BIRD ORNAMENT,32,2011-11-24 15:01:00,1.69,14277.0,France
578548,84879,ASSORTED COLOUR BIRD ORNAMENT,4,2011-11-24 15:02:00,1.69,17345.0,United Kingdom
578550,85099B,JUMBO BAG RED RETROSPOT,10,2011-11-24 15:03:00,2.08,12720.0,Germany
578620,85099B,JUMBO BAG RED RETROSPOT,1,2011-11-24 15:21:00,2.08,17247.0,United Kingdom
578621,84879,ASSORTED COLOUR BIRD ORNAMENT,8,2011-11-24 15:26:00,1.69,13719.0,United Kingdom
578623,84879,ASSORTED COLOUR BIRD ORNAMENT,8,2011-11-24 15:32:00,1.69,15953.0,United Kingdom
578623,85123A,WHITE HANGING HEART T-LIGHT HOLDER,32,2011-11-24 15:32:00,2.55,15953.0,United Kingdom
578627,85099B,JUMBO BAG RED RETROSPOT,20,2011-11-24 15:41:00,2.08,14709.0,United Kingdom
578630,23166,MEDIUM CERAMIC TOP STORAGE JAR,48,2011-11-24 16:06:00,1.04,12748.0,United Kingdom
578653,84879,ASSORTED COLOUR BIRD ORNAMENT,16,2011-11-24 16:40:00,1.69,18161.0,United Kingdom
578653,85123A,WHITE HANGING HEART T-LIGHT HOLDER,12,2011-11-24 16:40:00,2.95,18161.0,United Kingdom
578663,85123A,WHITE HANGING HEART T-LIGHT HOLDER,6,2011-11-24 16:54:00,2.95,15428.0,United Kingdom
578665,84879,ASSORTED COLOUR BIRD ORNAMENT,32,2011-11-24 17:02:00,1.69,16570.0,United Kingdom
578667,23084,RABBIT NIGHT LIGHT,15,2011-11-24 17:10:00,2.08,15514.0,United Kingdom
578675,23084,RABBIT NIGHT LIGHT,6,2011-11-24 18:13:00,2.08,14756.0,United Kingdom
578676,84879,ASSORTED COLOUR BIRD ORNAMENT,8,2011-11-24 19:07:00,1.69,16016.0,United Kingdom
578677,23084,RABBIT NIGHT LIGHT,6,2011-11-24 19:30:00,2.08,15750.0,United Kingdom
578678,85099B,JUMBO BAG RED RETROSPOT,2,2011-11-24 19:59:00,2.08,17841.0,United Kingdom
578680,85099B,JUMBO BAG RED RETROSPOT,10,2011-11-25 08:23:00,2.08,16458.0,United Kingdom
578680,85123A,WHITE HANGING HEART T-LIGHT HOLDER,6,2011-11-25 08:23:00,2.95,16458.0,United Kingdom
578683,85123A,WHITE HANGING HEART T-LIGHT HOLDER,18,2011-11-25 08:55:00,2.95,15134.0,United Kingdom
578682,85123A,WHITE HANGING HEART T-LIGHT HOLDER,24,2011-11-25 08:55:00,2.95,17173.0,United Kingdom
578685,22197,POPCORN HOLDER,48,2011-11-25 09:07:00,0.85,16779.0,United Kingdom
578688,85123A,WHITE HANGING HEART T-LIGHT HOLDER,1,2011-11-25 09:27:00,2.95,16719.0,United Kingdom
578688,85123A,WHITE HANGING HEART T-LIGHT HOLDER,2,2011-11-25 09:27:00,2.95,16719.0,United Kingdom
578689,23084,RABBIT NIGHT LIGHT,120,2011-11-25 09:31:00,1.79,15793.0,United Kingdom
578689,84879,ASSORTED COLOUR BIRD ORNAMENT,24,2011-11-25 09:31:00,1.69,15793.0,United Kingdom
578689,85123A,WHITE HANGING HEART T-LIGHT HOLDER,32,2011-11-25 09:31:00,2.55,15793.0,United Kingdom
578694,23084,RABBIT NIGHT LIGHT,96,2011-11-25 09:40:00,1.79,13199.0,United Kingdom
578696,85099B,JUMBO BAG RED RETROSPOT,10,2011-11-25 10:02:00,2.08,13985.0,United Kingdom
578696,23084,RABBIT NIGHT LIGHT,18,2011-11-25 10:02:00,2.08,13985.0,United Kingdom
578697,84077,WORLD WAR 2 GLIDERS ASSTD DESIGNS,48,2011-11-25 10:03:00,0.29,14132.0,United Kingdom
578698,84077,WORLD WAR 2 GLIDERS ASSTD DESIGNS,48,2011-11-25 10:20:00,0.29,12620.0,France
578698,23084,RABBIT NIGHT LIGHT,6,2011-11-25 10:20:00,2.08,12620.0,France
578702,22197,POPCORN HOLDER,48,2011-11-25 10:58:00,0.85,15382.0,United Kingdom
578702,23084,RABBIT NIGHT LIGHT,12,2011-11-25 10:58:00,2.08,15382.0,United Kingdom
578705,23084,RABBIT NIGHT LIGHT,2,2011-11-25 11:12:00,2.08,12531.0,Germany
578704,85123A,WHITE HANGING HEART T-LIGHT HOLDER,128,2011-11-25 11:12:00,2.55,18172.0,United Kingdom
578719,23084,RABBIT NIGHT LIGHT,2,2011-11-25 11:25:00,2.08,17348.0,United Kingdom
578719,84879,ASSORTED COLOUR BIRD ORNAMENT,8,2011-11-25 11:25:00,1.69,17348.0,United Kingdom
578736,23084,RABBIT NIGHT LIGHT,120,2011-11-25 11:33:00,1.79,12681.0,France
578746,23084,RABBIT NIGHT LIGHT,5,2011-11-25 11:36:00,4.96,,United Kingdom
578746,21212,PACK OF 72 RETROSPOT CAKE CASES,28,2011-11-25 11:36:00,2.08,,United Kingdom
578746,22197,POPCORN HOLDER,71,2011-11-25 11:36:00,2.46,,United Kingdom
578757,23084,RABBIT NIGHT LIGHT,1,2011-11-25 11:41:00,2.08,12748.0,United Kingdom
578757,23084,RABBIT NIGHT LIGHT,1,2011-11-25 11:41:00,2.08,12748.0,United Kingdom
578781,22197,POPCORN HOLDER,1,2011-11-25 11:54:00,0.85,15872.0,United Kingdom
578781,22616,PACK OF 12 LONDON TISSUES ,12,2011-11-25 11:54:00,0.39,15872.0,United Kingdom
578783,23166,MEDIUM CERAMIC TOP STORAGE JAR,1,2011-11-25 11:58:00,1.25,12748.0,United Kingdom
578785,84879,ASSORTED COLOUR BIRD ORNAMENT,160,2011-11-25 12:01:00,1.45,13525.0,United Kingdom
578786,22616,PACK OF 12 LONDON TISSUES ,3,2011-11-25 12:02:00,0.39,13184.0,United Kingdom
578788,23084,RABBIT NIGHT LIGHT,2,2011-11-25 12:17:00,2.08,,United Kingdom
578791,85123A,WHITE HANGING HEART T-LIGHT HOLDER,2,2011-11-25 12:20:00,2.95,12841.0,United Kingdom
578795,84879,ASSORTED COLOUR BIRD ORNAMENT,32,2011-11-25 12:29:00,1.69,17243.0,United Kingdom
578805,22197,POPCORN HOLDER,100,2011-11-25 12:57:00,0.72,16401.0,United Kingdom
578808,84879,ASSORTED COLOUR BIRD ORNAMENT,40,2011-11-25 13:23:00,1.69,16327.0,United Kingdom
578809,85099B,JUMBO BAG RED RETROSPOT,10,2011-11-25 13:23:00,2.08,13048.0,United Kingdom
578812,84879,ASSORTED COLOUR BIRD ORNAMENT,8,2011-11-25 13:30:00,1.69,13332.0,United Kingdom
578814,21212,PACK OF 72 RETROSPOT CAKE CASES,1,2011-11-25 13:40:00,0.55,12748.0,United Kingdom
578814,22197,POPCORN HOLDER,4,2011-11-25 13:40:00,0.85,12748.0,United Kingdom
578814,85099B,JUMBO BAG RED RETROSPOT,1,2011-11-25 13:40:00,2.08,12748.0,United Kingdom
578817,85123A,WHITE HANGING HEART T-LIGHT HOLDER,4,2011-11-25 13:45:00,2.95,16764.0,United Kingdom
578818,22616,PACK OF 12 LONDON TISSUES ,12,2011-11-25 13:47:00,0.39,17920.0,United Kingdom
578820,23084,RABBIT NIGHT LIGHT,48,2011-11-25 13:58:00,1.79,12912.0,United Kingdom
578824,22616,PACK OF 12 LONDON TISSUES ,1,2011-11-25 14:02:00,0.39,17883.0,United Kingdom
578827,23084,RABBIT NIGHT LIGHT,33,2011-11-25 14:25:00,4.13,,United Kingdom
578827,23166,MEDIUM CERAMIC TOP STORAGE JAR,2,2011-11-25 14:25:00,2.46,,United Kingdom
578827,85123A,WHITE HANGING HEART T-LIGHT HOLDER,2,2011-11-25 14:25:00,5.79,,United Kingdom
578827,85099B,JUMBO BAG RED RETROSPOT,1,2011-11-25 14:25:00,4.13,,United Kingdom
578827,22197,POPCORN HOLDER,4,2011-11-25 14:25:00,1.63,,United Kingdom
578833,23166,MEDIUM CERAMIC TOP STORAGE JAR,3,2011-11-25 15:23:00,2.46,,United Kingdom
578833,23084,RABBIT NIGHT LIGHT,8,2011-11-25 15:23:00,4.96,,United Kingdom
578833,85099B,JUMBO BAG RED RETROSPOT,22,2011-11-25 15:23:00,4.13,,United Kingdom
578834,21212,PACK OF 72 RETROSPOT CAKE CASES,2,2011-11-25 15:32:00,0.55,18109.0,United Kingdom
578834,22197,POPCORN HOLDER,6,2011-11-25 15:32:00,0.85,18109.0,United Kingdom
578835,23084,RABBIT NIGHT LIGHT,48,2011-11-25 15:44:00,1.79,12682.0,France
578844,23084,RABBIT NIGHT LIGHT,25,2011-11-25 16:14:00,4.13,,United Kingdom
578844,85099B,JUMBO BAG RED RETROSPOT,1,2011-11-25 16:14:00,4.13,,United Kingdom
578844,84077,WORLD WAR 2 GLIDERS ASSTD DESIGNS,2,2011-11-25 16:14:00,0.63,,United Kingdom
578844,85123A,WHITE HANGING HEART T-LIGHT HOLDER,3,2011-11-25 16:14:00,5.79,,United Kingdom
578844,21212,PACK OF 72 RETROSPOT CAKE CASES,4,2011-11-25 16:14:00,1.25,,United Kingdom
578844,22616,PACK OF 12 LONDON TISSUES ,4,2011-11-25 16:14:00,0.83,,United Kingdom
578844,22197,POPCORN HOLDER,40,2011-11-25 16:14:00,1.63,,United Kingdom
578846,22197,POPCORN HOLDER,20,2011-11-25 17:27:00,0.85,17757.0,United Kingdom
578846,21212,PACK OF 72 RETROSPOT CAKE CASES,10,2011-11-25 17:27:00,0.55,17757.0,United Kingdom
578850,22197,POPCORN HOLDER,15,2011-11-27 10:47:00,0.85,13571.0,United Kingdom
578850,85099B,JUMBO BAG RED RETROSPOT,4,2011-11-27 10:47:00,2.08,13571.0,United Kingdom
578851,84879,ASSORTED COLOUR BIRD ORNAMENT,8,2011-11-27 11:05:00,1.69,16407.0,United Kingdom
578854,85099B,JUMBO BAG RED RETROSPOT,20,2011-11-27 11:15:00,2.08,14859.0,United Kingdom
578853,23084,RABBIT NIGHT LIGHT,6,2011-11-27 11:15:00,2.08,17864.0,United Kingdom
578856,23084,RABBIT NIGHT LIGHT,48,2011-11-27 11:18:00,1.79,17769.0,United Kingdom
578858,84077,WORLD WAR 2 GLIDERS ASSTD DESIGNS,96,2011-11-27 11:22:00,0.29,18145.0,United Kingdom
578914,85123A,WHITE HANGING HEART T-LIGHT HOLDER,4,2011-11-27 11:54:00,2.95,13782.0,United Kingdom
578921,23084,RABBIT NIGHT LIGHT,1,2011-11-27 11:57:00,2.08,13596.0,United Kingdom
578921,23084,RABBIT NIGHT LIGHT,1,2011-11-27 11:57:00,2.08,13596.0,United Kingdom
578927,85099B,JUMBO BAG RED RETROSPOT,3,2011-11-27 12:26:00,2.08,15747.0,United Kingdom
578928,22197,POPCORN HOLDER,2,2011-11-27 12:29:00,0.85,15443.0,United Kingdom
578931,22197,POPCORN HOLDER,1,2011-11-27 12:40:00,0.85,16942.0,United Kingdom
578935,22197,POPCORN HOLDER,2,2011-11-27 12:52:00,0.85,15351.0,United Kingdom
578935,23084,RABBIT NIGHT LIGHT,7,2011-11-27 12:52:00,2.08,15351.0,United Kingdom
578940,23084,RABBIT NIGHT LIGHT,24,2011-11-27 13:18:00,4.96,,United Kingdom
578940,21212,PACK OF 72 RETROSPOT CAKE CASES,13,2011-11-27 13:18:00,2.08,,United Kingdom
578940,22197,POPCORN HOLDER,3,2011-11-27 13:18:00,2.46,,United Kingdom
578941,23166,MEDIUM CERAMIC TOP STORAGE JAR,8,2011-11-27 13:26:00,1.25,16024.0,United Kingdom
578941,21212,PACK OF 72 RETROSPOT CAKE CASES,2,2011-11-27 13:26:00,0.55,16024.0,United Kingdom
578942,23084,RABBIT NIGHT LIGHT,4,2011-11-27 13:29:00,2.08,17288.0,United Kingdom
578942,22616,PACK OF 12 LONDON TISSUES ,2,2011-11-27 13:29:00,0.39,17288.0,United Kingdom
578943,22197,POPCORN HOLDER,6,2011-11-27 13:35:00,0.85,15009.0,United Kingdom
578943,23084,RABBIT NIGHT LIGHT,10,2011-11-27 13:35:00,2.08,15009.0,United Kingdom
578944,85123A,WHITE HANGING HEART T-LIGHT HOLDER,1,2011-11-27 13:41:00,2.95,16005.0,United Kingdom
578948,23084,RABBIT NIGHT LIGHT,6,2011-11-27 14:25:00,2.08,17411.0,United Kingdom
578949,85099B,JUMBO BAG RED RETROSPOT,1,2011-11-27 14:30:00,2.08,14954.0,United Kingdom
578949,85123A,WHITE HANGING HEART T-LIGHT HOLDER,1,2011-11-27 14:30:00,2.95,14954.0,United Kingdom
578950,23084,RABBIT NIGHT LIGHT,1,2011-11-27 14:40:00,2.08,17885.0,United Kingdom
578951,23084,RABBIT NIGHT LIGHT,192,2011-11-27 14:40:00,1.79,15514.0,United Kingdom
578950,23084,RABBIT NIGHT LIGHT,1,2011-11-27 14:40:00,2.08,17885.0,United Kingdom
578977,23084,RABBIT NIGHT LIGHT,6,2011-11-27 15:18:00,2.08,17231.0,United Kingdom
578993,23084,RABBIT NIGHT LIGHT,4,2011-11-27 15:38:00,2.08,15987.0,United Kingdom
578995,85123A,WHITE HANGING HEART T-LIGHT HOLDER,2,2011-11-27 15:59:00,2.95,15861.0,United Kingdom
578995,22197,POPCORN HOLDER,18,2011-11-27 15:59:00,0.85,15861.0,United Kingdom
578995,23084,RABBIT NIGHT LIGHT,6,2011-11-27 15:59:00,2.08,15861.0,United Kingdom
579006,23084,RABBIT NIGHT LIGHT,72,2011-11-28 09:08:00,1.79,17924.0,United Kingdom
579011,85099B,JUMBO BAG RED RETROSPOT,20,2011-11-28 09:40:00,2.08,15078.0,United Kingdom
579014,22616,PACK OF 12 LONDON TISSUES ,72,2011-11-28 09:53:00,0.39,12906.0,United Kingdom
579015,23084,RABBIT NIGHT LIGHT,24,2011-11-28 09:54:00,1.79,12906.0,United Kingdom
579067,84879,ASSORTED COLOUR BIRD ORNAMENT,16,2011-11-28 10:31:00,1.69,14470.0,United Kingdom
579087,84879,ASSORTED COLOUR BIRD ORNAMENT,16,2011-11-28 10:35:00,1.69,13914.0,United Kingdom
579087,23166,MEDIUM CERAMIC TOP STORAGE JAR,12,2011-11-28 10:35:00,1.25,13914.0,United Kingdom
579089,22616,PACK OF 12 LONDON TISSUES ,12,2011-11-28 10:46:00,0.39,17920.0,United Kingdom
579093,23084,RABBIT NIGHT LIGHT,12,2011-11-28 10:54:00,2.08,13081.0,United Kingdom
579093,85123A,WHITE HANGING HEART T-LIGHT HOLDER,32,2011-11-28 10:54:00,2.55,13081.0,United Kingdom
579098,22197,POPCORN HOLDER,1,2011-11-28 11:18:00,0.85,14606.0,United Kingdom
579102,22197,POPCORN HOLDER,12,2011-11-28 11:33:00,0.85,14911.0,EIRE
579103,85099B,JUMBO BAG RED RETROSPOT,4,2011-11-28 11:39:00,2.08,18041.0,United Kingdom
579106,23084,RABBIT NIGHT LIGHT,24,2011-11-28 11:42:00,1.79,16705.0,United Kingdom
579116,22197,POPCORN HOLDER,24,2011-11-28 11:54:00,0.85,17346.0,United Kingdom
579116,23084,RABBIT NIGHT LIGHT,22,2011-11-28 11:54:00,2.08,17346.0,United Kingdom
579121,23084,RABBIT NIGHT LIGHT,12,2011-11-28 12:01:00,2.08,17299.0,United Kingdom
579124,22197,POPCORN HOLDER,4,2011-11-28 12:14:00,0.85,15721.0,United Kingdom
579131,22197,POPCORN HOLDER,48,2011-11-28 12:33:00,0.85,12839.0,United Kingdom
579131,85099B,JUMBO BAG RED RETROSPOT,10,2011-11-28 12:33:00,2.08,12839.0,United Kingdom
579135,22197,POPCORN HOLDER,20,2011-11-28 12:44:00,0.85,18096.0,United Kingdom
579142,22197,POPCORN HOLDER,14,2011-11-28 13:06:00,0.85,16744.0,United Kingdom
579142,23084,RABBIT NIGHT LIGHT,7,2011-11-28 13:06:00,2.08,16744.0,United Kingdom
579141,23084,RABBIT NIGHT LIGHT,1,2011-11-28 13:06:00,2.08,17019.0,United Kingdom
579141,23084,RABBIT NIGHT LIGHT,7,2011-11-28 13:06:00,2.08,17019.0,United Kingdom
579141,22197,POPCORN HOLDER,3,2011-11-28 13:06:00,0.85,17019.0,United Kingdom
579144,21212,PACK OF 72 RETROSPOT CAKE CASES,24,2011-11-28 13:11:00,0.55,13269.0,United Kingdom
579144,23084,RABBIT NIGHT LIGHT,24,2011-11-28 13:11:00,1.79,13269.0,United Kingdom
579145,22197,POPCORN HOLDER,4,2011-11-28 13:13:00,0.85,14597.0,United Kingdom
579145,22197,POPCORN HOLDER,4,2011-11-28 13:13:00,0.85,14597.0,United Kingdom
579147,85123A,WHITE HANGING HEART T-LIGHT HOLDER,1,2011-11-28 13:20:00,2.95,13263.0,United Kingdom
579152,21212,PACK OF 72 RETROSPOT CAKE CASES,24,2011-11-28 13:26:00,0.55,12479.0,Germany
579154,23084,RABBIT NIGHT LIGHT,12,2011-11-28 13:27:00,2.08,17218.0,United Kingdom
579161,21212,PACK OF 72 RETROSPOT CAKE CASES,2,2011-11-28 13:56:00,0.55,17379.0,United Kingdom
579161,22197,POPCORN HOLDER,5,2011-11-28 13:56:00,0.85,17379.0,United Kingdom
579162,85099B,JUMBO BAG RED RETROSPOT,4,2011-11-28 13:58:00,2.08,16393.0,United Kingdom
579166,23084,RABBIT NIGHT LIGHT,6,2011-11-28 14:02:00,2.08,14290.0,United Kingdom
579167,23166,MEDIUM CERAMIC TOP STORAGE JAR,2,2011-11-28 14:06:00,1.25,16800.0,United Kingdom
579170,21212,PACK OF 72 RETROSPOT CAKE CASES,1,2011-11-28 14:26:00,0.55,17811.0,United Kingdom
579170,23084,RABBIT NIGHT LIGHT,1,2011-11-28 14:26:00,2.08,17811.0,United Kingdom
579171,22197,POPCORN HOLDER,12,2011-11-28 14:30:00,0.85,13030.0,United Kingdom
579171,22197,POPCORN HOLDER,3,2011-11-28 14:30:00,0.85,13030.0,United Kingdom
579171,23084,RABBIT NIGHT LIGHT,1,2011-11-28 14:30:00,2.08,13030.0,United Kingdom
579176,23084,RABBIT NIGHT LIGHT,24,2011-11-28 14:44:00,1.79,13950.0,United Kingdom
579176,85123A,WHITE HANGING HEART T-LIGHT HOLDER,32,2011-11-28 14:44:00,2.55,13950.0,United Kingdom
579179,23084,RABBIT NIGHT LIGHT,12,2011-11-28 15:02:00,2.08,17237.0,United Kingdom
579182,84879,ASSORTED COLOUR BIRD ORNAMENT,8,2011-11-28 15:15:00,1.69,15601.0,United Kingdom
579182,22197,POPCORN HOLDER,24,2011-11-28 15:15:00,0.85,15601.0,United Kingdom
579183,85123A,WHITE HANGING HEART T-LIGHT HOLDER,64,2011-11-28 15:16:00,2.55,15621.0,United Kingdom
579187,23166,MEDIUM CERAMIC TOP STORAGE JAR,2,2011-11-28 15:31:00,2.46,,United Kingdom
579187,23084,RABBIT NIGHT LIGHT,33,2011-11-28 15:31:00,4.13,,United Kingdom
579187,85099B,JUMBO BAG RED RETROSPOT,3,2011-11-28 15:31:00,4.13,,United Kingdom
579187,84879,ASSORTED COLOUR BIRD ORNAMENT,16,2011-11-28 15:31:00,3.12,,United Kingdom
579187,85123A,WHITE HANGING HEART T-LIGHT HOLDER,1,2011-11-28 15:31:00,5.79,,United Kingdom
579187,21212,PACK OF 72 RETROSPOT CAKE CASES,4,2011-11-28 15:31:00,1.25,,United Kingdom
579187,22616,PACK OF 12 LONDON TISSUES ,3,2011-11-28 15:31:00,0.83,,United Kingdom
579187,22197,POPCORN HOLDER,17,2011-11-28 15:31:00,1.63,,United Kingdom
579188,23084,RABBIT NIGHT LIGHT,18,2011-11-28 15:34:00,2.08,12748.0,United Kingdom
579194,23084,RABBIT NIGHT LIGHT,12,2011-11-28 15:50:00,2.08,15804.0,United Kingdom
579194,84077,WORLD WAR 2 GLIDERS ASSTD DESIGNS,48,2011-11-28 15:50:00,0.29,15804.0,United Kingdom
579196,84077,WORLD WAR 2 GLIDERS ASSTD DESIGNS,10,2011-11-28 15:54:00,0.63,14096.0,United Kingdom
579196,23084,RABBIT NIGHT LIGHT,49,2011-11-28 15:54:00,4.13,14096.0,United Kingdom
579196,21212,PACK OF 72 RETROSPOT CAKE CASES,5,2011-11-28 15:54:00,1.25,14096.0,United Kingdom
579196,85123A,WHITE HANGING HEART T-LIGHT HOLDER,3,2011-11-28 15:54:00,5.79,14096.0,United Kingdom
579196,85099B,JUMBO BAG RED RETROSPOT,1,2011-11-28 15:54:00,4.13,14096.0,United Kingdom
579196,22197,POPCORN HOLDER,53,2011-11-28 15:54:00,1.63,14096.0,United Kingdom
579196,22616,PACK OF 12 LONDON TISSUES ,1,2011-11-28 15:54:00,0.83,14096.0,United Kingdom
579255,23084,RABBIT NIGHT LIGHT,8,2011-11-28 17:09:00,2.08,14901.0,United Kingdom
579261,85099B,JUMBO BAG RED RETROSPOT,10,2011-11-29 09:10:00,2.08,13429.0,United Kingdom
579265,23084,RABBIT NIGHT LIGHT,24,2011-11-29 09:15:00,1.79,13599.0,United Kingdom
579267,22197,POPCORN HOLDER,100,2011-11-29 09:42:00,0.72,14961.0,United Kingdom
579268,84879,ASSORTED COLOUR BIRD ORNAMENT,8,2011-11-29 09:47:00,1.69,14321.0,United Kingdom
579270,84879,ASSORTED COLOUR BIRD ORNAMENT,8,2011-11-29 09:50:00,1.69,15783.0,United Kingdom
579273,84879,ASSORTED COLOUR BIRD ORNAMENT,16,2011-11-29 10:00:00,1.69,15197.0,United Kingdom
579279,23084,RABBIT NIGHT LIGHT,48,2011-11-29 10:23:00,1.79,15298.0,United Kingdom
579283,21212,PACK OF 72 RETROSPOT CAKE CASES,24,2011-11-29 10:45:00,0.55,13883.0,United Kingdom
579286,23084,RABBIT NIGHT LIGHT,2,2011-11-29 10:57:00,2.08,17772.0,United Kingdom
579287,84879,ASSORTED COLOUR BIRD ORNAMENT,16,2011-11-29 10:58:00,1.69,13496.0,United Kingdom
579291,23084,RABBIT NIGHT LIGHT,38,2011-11-29 11:21:00,4.96,,United Kingdom
579291,21212,PACK OF 72 RETROSPOT CAKE CASES,21,2011-11-29 11:21:00,2.08,,United Kingdom
579297,85099B,JUMBO BAG RED RETROSPOT,16,2011-11-29 11:23:00,4.13,,United Kingdom
579297,22197,POPCORN HOLDER,20,2011-11-29 11:23:00,1.63,,United Kingdom
579300,85099B,JUMBO BAG RED RETROSPOT,20,2011-11-29 11:30:00,2.08,14667.0,United Kingdom
579301,85123A,WHITE HANGING HEART T-LIGHT HOLDER,3,2011-11-29 11:32:00,2.95,18118.0,United Kingdom
579301,22197,POPCORN HOLDER,15,2011-11-29 11:32:00,0.85,18118.0,United Kingdom
579301,85099B,JUMBO BAG RED RETROSPOT,3,2011-11-29 11:32:00,2.08,18118.0,United Kingdom
579307,84879,ASSORTED COLOUR BIRD ORNAMENT,16,2011-11-29 11:34:00,1.69,17655.0,United Kingdom
579345,23084,RABBIT NIGHT LIGHT,24,2011-11-29 11:46:00,1.79,12727.0,France
579350,85123A,WHITE HANGING HEART T-LIGHT HOLDER,32,2011-11-29 11:48:00,2.55,15218.0,United Kingdom
579358,85123A,WHITE HANGING HEART T-LIGHT HOLDER,6,2011-11-29 11:50:00,2.95,16992.0,United Kingdom
579365,23084,RABBIT NIGHT LIGHT,6,2011-11-29 11:54:00,2.08,14173.0,United Kingdom
579399,84879,ASSORTED COLOUR BIRD ORNAMENT,7,2011-11-29 12:09:00,1.69,13137.0,United Kingdom
579399,21212,PACK OF 72 RETROSPOT CAKE CASES,3,2011-11-29 12:09:00,0.55,13137.0,United Kingdom
579400,22616,PACK OF 12 LONDON TISSUES ,432,2011-11-29 12:10:00,0.32,17306.0,United Kingdom
579401,23084,RABBIT NIGHT LIGHT,30,2011-11-29 12:12:00,1.79,14550.0,United Kingdom
579403,85099B,JUMBO BAG RED RETROSPOT,20,2011-11-29 12:15:00,2.08,14503.0,United Kingdom
579404,85123A,WHITE HANGING HEART T-LIGHT HOLDER,12,2011-11-29 12:21:00,2.95,14126.0,United Kingdom
579408,22197,POPCORN HOLDER,5,2011-11-29 12:34:00,0.85,14701.0,United Kingdom
579412,23084,RABBIT NIGHT LIGHT,6,2011-11-29 12:47:00,2.08,14125.0,United Kingdom
579416,23084,RABBIT NIGHT LIGHT,72,2011-11-29 13:00:00,1.79,12471.0,Germany
579427,23084,RABBIT NIGHT LIGHT,4,2011-11-29 13:04:00,2.08,16479.0,United Kingdom
579430,22197,POPCORN HOLDER,8,2011-11-29 13:06:00,0.85,12748.0,United Kingdom
579430,85099B,JUMBO BAG RED RETROSPOT,1,2011-11-29 13:06:00,2.08,12748.0,United Kingdom
579432,85099B,JUMBO BAG RED RETROSPOT,2,2011-11-29 13:12:00,2.08,15311.0,United Kingdom
579433,23084,RABBIT NIGHT LIGHT,6,2011-11-29 13:15:00,2.08,17466.0,United Kingdom
579440,23084,RABBIT NIGHT LIGHT,6,2011-11-29 13:32:00,2.08,14388.0,United Kingdom
579440,85099B,JUMBO BAG RED RETROSPOT,10,2011-11-29 13:32:00,2.08,14388.0,United Kingdom
579444,23084,RABBIT NIGHT LIGHT,24,2011-11-29 13:40:00,1.79,13999.0,United Kingdom
579443,22197,POPCORN HOLDER,10,2011-11-29 13:40:00,0.85,16479.0,United Kingdom
579446,84077,WORLD WAR 2 GLIDERS ASSTD DESIGNS,48,2011-11-29 13:43:00,0.29,14121.0,United Kingdom
579447,22197,POPCORN HOLDER,12,2011-11-29 13:46:00,0.85,14390.0,United Kingdom
579447,85123A,WHITE HANGING HEART T-LIGHT HOLDER,4,2011-11-29 13:46:00,2.95,14390.0,United Kingdom
579447,85099B,JUMBO BAG RED RETROSPOT,12,2011-11-29 13:46:00,2.08,14390.0,United Kingdom
579449,22197,POPCORN HOLDER,100,2011-11-29 13:57:00,0.72,17101.0,United Kingdom
579454,84077,WORLD WAR 2 GLIDERS ASSTD DESIGNS,48,2011-11-29 14:08:00,0.29,12901.0,United Kingdom
579456,23084,RABBIT NIGHT LIGHT,3,2011-11-29 14:20:00,2.08,13428.0,United Kingdom
579456,85123A,WHITE HANGING HEART T-LIGHT HOLDER,1,2011-11-29 14:20:00,2.95,13428.0,United Kingdom
579457,85099B,JUMBO BAG RED RETROSPOT,30,2011-11-29 14:20:00,2.08,14824.0,United Kingdom
579456,23084,RABBIT NIGHT LIGHT,3,2011-11-29 14:20:00,2.08,13428.0,United Kingdom
579458,85123A,WHITE HANGING HEART T-LIGHT HOLDER,1,2011-11-29 14:38:00,2.95,16549.0,United Kingdom
579458,85123A,WHITE HANGING HEART T-LIGHT HOLDER,1,2011-11-29 14:38:00,2.95,16549.0,United Kingdom
579458,22616,PACK OF 12 LONDON TISSUES ,2,2011-11-29 14:38:00,0.39,16549.0,United Kingdom
579458,22197,POPCORN HOLDER,2,2011-11-29 14:38:00,0.85,16549.0,United Kingdom
579461,85099B,JUMBO BAG RED RETROSPOT,10,2011-11-29 14:42:00,2.08,15615.0,United Kingdom
579461,85123A,WHITE HANGING HEART T-LIGHT HOLDER,32,2011-11-29 14:42:00,2.55,15615.0,United Kingdom
579467,85099B,JUMBO BAG RED RETROSPOT,10,2011-11-29 14:57:00,2.08,15755.0,United Kingdom
579468,84879,ASSORTED COLOUR BIRD ORNAMENT,8,2011-11-29 14:58:00,1.69,14711.0,United Kingdom
579470,85123A,WHITE HANGING HEART T-LIGHT HOLDER,6,2011-11-29 15:06:00,2.95,16549.0,United Kingdom
579470,85099B,JUMBO BAG RED RETROSPOT,2,2011-11-29 15:06:00,2.08,16549.0,United Kingdom
579471,85099B,JUMBO BAG RED RETROSPOT,4,2011-11-29 15:08:00,4.13,,United Kingdom
579471,22197,POPCORN HOLDER,24,2011-11-29 15:08:00,1.63,,United Kingdom
579472,23084,RABBIT NIGHT LIGHT,2,2011-11-29 15:09:00,2.08,13521.0,United Kingdom
579472,23084,RABBIT NIGHT LIGHT,1,2011-11-29 15:09:00,2.08,13521.0,United Kingdom
579491,85123A,WHITE HANGING HEART T-LIGHT HOLDER,1,2011-11-29 15:23:00,2.95,14723.0,United Kingdom
579492,23084,RABBIT NIGHT LIGHT,48,2011-11-29 15:23:00,1.79,12670.0,France
579491,84879,ASSORTED COLOUR BIRD ORNAMENT,8,2011-11-29 15:23:00,1.69,14723.0,United Kingdom
579491,22197,POPCORN HOLDER,7,2011-11-29 15:23:00,0.85,14723.0,United Kingdom
579498,23084,RABBIT NIGHT LIGHT,2040,2011-11-29 15:52:00,1.79,12798.0,Japan
579499,85123A,WHITE HANGING HEART T-LIGHT HOLDER,12,2011-11-29 15:59:00,2.95,17682.0,United Kingdom
579499,84879,ASSORTED COLOUR BIRD ORNAMENT,8,2011-11-29 15:59:00,1.69,17682.0,United Kingdom
579503,85099B,JUMBO BAG RED RETROSPOT,1,2011-11-29 16:23:00,2.08,17097.0,Spain
579505,23084,RABBIT NIGHT LIGHT,48,2011-11-29 16:31:00,1.79,13078.0,United Kingdom
579505,22197,POPCORN HOLDER,300,2011-11-29 16:31:00,0.72,13078.0,United Kingdom
579508,85099B,JUMBO BAG RED RETROSPOT,1,2011-11-29 16:33:00,4.13,,United Kingdom
579508,85123A,WHITE HANGING HEART T-LIGHT HOLDER,3,2011-11-29 16:33:00,5.79,,United Kingdom
579508,84879,ASSORTED COLOUR BIRD ORNAMENT,8,2011-11-29 16:33:00,3.12,,United Kingdom
579508,21212,PACK OF 72 RETROSPOT CAKE CASES,2,2011-11-29 16:33:00,1.25,,United Kingdom
579508,22616,PACK OF 12 LONDON TISSUES ,1,2011-11-29 16:33:00,0.83,,United Kingdom
579508,22197,POPCORN HOLDER,32,2011-11-29 16:33:00,0.85,,United Kingdom
579508,23166,MEDIUM CERAMIC TOP STORAGE JAR,1,2011-11-29 16:33:00,2.46,,United Kingdom
579508,23084,RABBIT NIGHT LIGHT,53,2011-11-29 16:33:00,4.13,,United Kingdom
579510,85099B,JUMBO BAG RED RETROSPOT,10,2011-11-29 16:44:00,2.08,14554.0,United Kingdom
579510,23084,RABBIT NIGHT LIGHT,24,2011-11-29 16:44:00,1.79,14554.0,United Kingdom
579510,22197,POPCORN HOLDER,100,2011-11-29 16:44:00,0.72,14554.0,United Kingdom
579510,84879,ASSORTED COLOUR BIRD ORNAMENT,24,2011-11-29 16:44:00,1.69,14554.0,United Kingdom
579512,23166,MEDIUM CERAMIC TOP STORAGE JAR,1,2011-11-29 16:47:00,2.46,,United Kingdom
579512,23084,RABBIT NIGHT LIGHT,38,2011-11-29 16:47:00,4.13,,United Kingdom
579512,85123A,WHITE HANGING HEART T-LIGHT HOLDER,2,2011-11-29 16:47:00,5.79,,United Kingdom
579512,85099B,JUMBO BAG RED RETROSPOT,3,2011-11-29 16:47:00,4.13,,United Kingdom
579512,21212,PACK OF 72 RETROSPOT CAKE CASES,2,2011-11-29 16:47:00,1.25,,United Kingdom
579512,22616,PACK OF 12 LONDON TISSUES ,1,2011-11-29 16:47:00,0.83,,United Kingdom
579512,22197,POPCORN HOLDER,52,2011-11-29 16:47:00,0.85,,United Kingdom
579514,23084,RABBIT NIGHT LIGHT,12,2011-11-29 17:12:00,2.08,16688.0,United Kingdom
579516,23166,MEDIUM CERAMIC TOP STORAGE JAR,10,2011-11-29 17:52:00,1.25,17841.0,United Kingdom
579516,22197,POPCORN HOLDER,5,2011-11-29 17:52:00,0.85,17841.0,United Kingdom
579517,22616,PACK OF 12 LONDON TISSUES ,3,2011-11-29 18:02:00,0.39,12748.0,United Kingdom
579518,22197,POPCORN HOLDER,4,2011-11-29 18:05:00,0.85,12748.0,United Kingdom
579520,23084,RABBIT NIGHT LIGHT,3,2011-11-29 18:14:00,2.08,12748.0,United Kingdom
579522,22616,PACK OF 12 LONDON TISSUES ,24,2011-11-30 08:04:00,0.39,14432.0,United Kingdom
579522,84879,ASSORTED COLOUR BIRD ORNAMENT,8,2011-11-30 08:04:00,1.69,14432.0,United Kingdom
579525,84077,WORLD WAR 2 GLIDERS ASSTD DESIGNS,144,2011-11-30 08:23:00,0.29,15113.0,United Kingdom
579525,85123A,WHITE HANGING HEART T-LIGHT HOLDER,96,2011-11-30 08:23:00,2.55,15113.0,United Kingdom
579526,85123A,WHITE HANGING HEART T-LIGHT HOLDER,32,2011-11-30 08:38:00,2.55,18058.0,United Kingdom
579529,23084,RABBIT NIGHT LIGHT,24,2011-11-30 08:50:00,1.79,12488.0,France
579531,23084,RABBIT NIGHT LIGHT,48,2011-11-30 09:18:00,1.79,17017.0,United Kingdom
579531,22197,POPCORN HOLDER,100,2011-11-30 09:18:00,0.72,17017.0,United Kingdom
579531,84077,WORLD WAR 2 GLIDERS ASSTD DESIGNS,48,2011-11-30 09:18:00,0.29,17017.0,United Kingdom
579533,85123A,WHITE HANGING HEART T-LIGHT HOLDER,12,2011-11-30 09:24:00,2.95,12953.0,United Kingdom
579535,23084,RABBIT NIGHT LIGHT,24,2011-11-30 09:50:00,1.79,15414.0,United Kingdom
579541,23166,MEDIUM CERAMIC TOP STORAGE JAR,8,2011-11-30 10:12:00,1.25,14653.0,United Kingdom
579543,23084,RABBIT NIGHT LIGHT,2,2011-11-30 10:14:00,2.08,14653.0,United Kingdom
579545,23084,RABBIT NIGHT LIGHT,24,2011-11-30 10:18:00,1.79,13098.0,United Kingdom
579546,85099B,JUMBO BAG RED RETROSPOT,10,2011-11-30 10:37:00,2.08,,United Kingdom
579546,85099B,JUMBO BAG RED RETROSPOT,3,2011-11-30 10:37:00,2.08,,United Kingdom
579550,85123A,WHITE HANGING HEART T-LIGHT HOLDER,12,2011-11-30 10:48:00,2.95,12630.0,Finland
579553,85123A,WHITE HANGING HEART T-LIGHT HOLDER,64,2011-11-30 10:54:00,2.55,14156.0,EIRE
579552,85123A,WHITE HANGING HEART T-LIGHT HOLDER,64,2011-11-30 10:54:00,2.55,16210.0,United Kingdom
579555,85123A,WHITE HANGING HEART T-LIGHT HOLDER,3,2011-11-30 11:08:00,2.95,16241.0,United Kingdom
579555,21212,PACK OF 72 RETROSPOT CAKE CASES,1,2011-11-30 11:08:00,0.55,16241.0,United Kingdom
579556,85099B,JUMBO BAG RED RETROSPOT,1,2011-11-30 11:17:00,2.08,17835.0,United Kingdom
579557,21212,PACK OF 72 RETROSPOT CAKE CASES,16,2011-11-30 11:18:00,2.08,,United Kingdom
579557,22197,POPCORN HOLDER,10,2011-11-30 11:18:00,2.46,,United Kingdom
579557,23084,RABBIT NIGHT LIGHT,21,2011-11-30 11:18:00,4.96,,United Kingdom
579558,21212,PACK OF 72 RETROSPOT CAKE CASES,48,2011-11-30 11:24:00,0.55,14755.0,United Kingdom
579558,85123A,WHITE HANGING HEART T-LIGHT HOLDER,12,2011-11-30 11:24:00,2.95,14755.0,United Kingdom
579559,85123A,WHITE HANGING HEART T-LIGHT HOLDER,3,2011-11-30 11:30:00,2.95,16764.0,United Kingdom
579560,22197,POPCORN HOLDER,15,2011-11-30 11:31:00,0.85,15039.0,United Kingdom
579561,21212,PACK OF 72 RETROSPOT CAKE CASES,6,2011-11-30 11:32:00,0.55,16115.0,United Kingdom
579561,22197,POPCORN HOLDER,10,2011-11-30 11:32:00,0.85,16115.0,United Kingdom
579571,23084,RABBIT NIGHT LIGHT,5,2011-11-30 11:48:00,2.08,16657.0,United Kingdom
579571,22616,PACK OF 12 LONDON TISSUES ,12,2011-11-30 11:48:00,0.39,16657.0,United Kingdom
579572,85099B,JUMBO BAG RED RETROSPOT,20,2011-11-30 11:49:00,2.08,15394.0,United Kingdom
579600,21212,PACK OF 72 RETROSPOT CAKE CASES,24,2011-11-30 12:00:00,0.55,13647.0,United Kingdom
579600,84077,WORLD WAR 2 GLIDERS ASSTD DESIGNS,48,2011-11-30 12:00:00,0.29,13647.0,United Kingdom
579605,84879,ASSORTED COLOUR BIRD ORNAMENT,8,2011-11-30 12:01:00,1.69,15024.0,United Kingdom
579629,22197,POPCORN HOLDER,100,2011-11-30 12:16:00,0.72,14963.0,United Kingdom
579629,23084,RABBIT NIGHT LIGHT,13,2011-11-30 12:16:00,2.08,14963.0,United Kingdom
579634,21212,PACK OF 72 RETROSPOT CAKE CASES,24,2011-11-30 12:18:00,0.55,12598.0,France
579666,85099B,JUMBO BAG RED RETROSPOT,10,2011-11-30 12:31:00,2.08,14893.0,United Kingdom
579667,23166,MEDIUM CERAMIC TOP STORAGE JAR,5,2011-11-30 12:32:00,1.25,16361.0,United Kingdom
579667,22197,POPCORN HOLDER,6,2011-11-30 12:32:00,0.85,16361.0,United Kingdom
579672,21212,PACK OF 72 RETROSPOT CAKE CASES,120,2011-11-30 12:41:00,0.42,14005.0,United Kingdom
579673,85099B,JUMBO BAG RED RETROSPOT,3,2011-11-30 12:59:00,2.08,18283.0,United Kingdom
579675,23084,RABBIT NIGHT LIGHT,12,2011-11-30 13:08:00,2.08,15654.0,United Kingdom
579685,84879,ASSORTED COLOUR BIRD ORNAMENT,16,2011-11-30 13:46:00,1.69,15680.0,United Kingdom
579687,85123A,WHITE HANGING HEART T-LIGHT HOLDER,12,2011-11-30 13:50:00,2.95,14448.0,United Kingdom
579689,22197,POPCORN HOLDER,1,2011-11-30 14:00:00,0.85,14606.0,United Kingdom
579690,23084,RABBIT NIGHT LIGHT,1,2011-11-30 14:03:00,2.08,15060.0,United Kingdom
579690,22616,PACK OF 12 LONDON TISSUES ,2,2011-11-30 14:03:00,0.39,15060.0,United Kingdom
579692,22197,POPCORN HOLDER,100,2011-11-30 14:05:00,0.72,12433.0,Norway
579692,23166,MEDIUM CERAMIC TOP STORAGE JAR,48,2011-11-30 14:05:00,1.04,12433.0,Norway
579694,85099B,JUMBO BAG RED RETROSPOT,10,2011-11-30 14:11:00,4.13,,United Kingdom
579694,22197,POPCORN HOLDER,35,2011-11-30 14:11:00,1.63,,United Kingdom
579708,23084,RABBIT NIGHT LIGHT,48,2011-11-30 14:16:00,1.79,12682.0,France
579711,22616,PACK OF 12 LONDON TISSUES ,6,2011-11-30 14:17:00,0.39,15060.0,United Kingdom
579741,22197,POPCORN HOLDER,3,2011-11-30 14:33:00,0.85,16910.0,United Kingdom
579744,23084,RABBIT NIGHT LIGHT,24,2011-11-30 14:38:00,1.79,,United Kingdom
579744,22197,POPCORN HOLDER,25,2011-11-30 14:38:00,0.85,,United Kingdom
579751,85099B,JUMBO BAG RED RETROSPOT,2,2011-11-30 14:46:00,4.13,,United Kingdom
579754,84879,ASSORTED COLOUR BIRD ORNAMENT,16,2011-11-30 14:52:00,1.69,17911.0,United Kingdom
579754,85099B,JUMBO BAG RED RETROSPOT,8,2011-11-30 14:52:00,2.08,17911.0,United Kingdom
579777,22197,POPCORN HOLDER,41,2011-11-30 15:13:00,1.63,,United Kingdom
579777,23084,RABBIT NIGHT LIGHT,27,2011-11-30 15:13:00,4.13,,United Kingdom
579777,22616,PACK OF 12 LONDON TISSUES ,7,2011-11-30 15:13:00,0.83,,United Kingdom
579777,21212,PACK OF 72 RETROSPOT CAKE CASES,2,2011-11-30 15:13:00,1.25,,United Kingdom
579777,84077,WORLD WAR 2 GLIDERS ASSTD DESIGNS,1,2011-11-30 15:13:00,0.63,,United Kingdom
579777,85099B,JUMBO BAG RED RETROSPOT,3,2011-11-30 15:13:00,4.13,,United Kingdom
579784,85099B,JUMBO BAG RED RETROSPOT,100,2011-11-30 15:27:00,1.79,14258.0,United Kingdom
579787,85099B,JUMBO BAG RED RETROSPOT,9,2011-11-30 15:33:00,4.13,,United Kingdom
579792,23084,RABBIT NIGHT LIGHT,24,2011-11-30 15:43:00,1.79,12714.0,France
579832,23084,RABBIT NIGHT LIGHT,12,2011-11-30 15:58:00,2.08,17434.0,United Kingdom
579843,84879,ASSORTED COLOUR BIRD ORNAMENT,48,2011-11-30 16:21:00,1.69,12921.0,United Kingdom
579843,85099B,JUMBO BAG RED RETROSPOT,10,2011-11-30 16:21:00,2.08,12921.0,United Kingdom
579846,23084,RABBIT NIGHT LIGHT,18,2011-11-30 16:22:00,2.08,12921.0,United Kingdom
579865,23084,RABBIT NIGHT LIGHT,27,2011-11-30 16:39:00,1.79,16915.0,United Kingdom
579867,22197,POPCORN HOLDER,24,2011-11-30 16:41:00,0.85,16265.0,United Kingdom
579867,23084,RABBIT NIGHT LIGHT,12,2011-11-30 16:41:00,2.08,16265.0,United Kingdom
579870,23084,RABBIT NIGHT LIGHT,24,2011-11-30 16:47:00,1.79,12437.0,France
579881,23084,RABBIT NIGHT LIGHT,12,2011-11-30 17:22:00,2.08,12429.0,Denmark
579885,23084,RABBIT NIGHT LIGHT,6,2011-11-30 17:37:00,2.08,15444.0,United Kingdom
579885,85123A,WHITE HANGING HEART T-LIGHT HOLDER,1,2011-11-30 17:37:00,2.95,15444.0,United Kingdom
579885,84879,ASSORTED COLOUR BIRD ORNAMENT,16,2011-11-30 17:37:00,1.69,15444.0,United Kingdom
579900,84879,ASSORTED COLOUR BIRD ORNAMENT,8,2011-12-01 08:34:00,1.69,15951.0,United Kingdom
579910,21212,PACK OF 72 RETROSPOT CAKE CASES,24,2011-12-01 08:52:00,0.55,14911.0,EIRE
579916,23084,RABBIT NIGHT LIGHT,24,2011-12-01 08:57:00,1.79,15187.0,United Kingdom
579922,84879,ASSORTED COLOUR BIRD ORNAMENT,24,2011-12-01 09:06:00,1.69,13854.0,United Kingdom
579938,84879,ASSORTED COLOUR BIRD ORNAMENT,8,2011-12-01 10:18:00,1.69,14146.0,United Kingdom
579938,23084,RABBIT NIGHT LIGHT,6,2011-12-01 10:18:00,2.08,14146.0,United Kingdom
579940,23084,RABBIT NIGHT LIGHT,6,2011-12-01 10:20:00,2.08,16938.0,United Kingdom
579940,23166,MEDIUM CERAMIC TOP STORAGE JAR,12,2011-12-01 10:20:00,1.25,16938.0,United Kingdom
579941,84077,WORLD WAR 2 GLIDERS ASSTD DESIGNS,48,2011-12-01 10:31:00,0.29,16496.0,United Kingdom
579941,23084,RABBIT NIGHT LIGHT,6,2011-12-01 10:31:00,2.08,16496.0,United Kingdom
579942,85123A,WHITE HANGING HEART T-LIGHT HOLDER,6,2011-12-01 10:33:00,2.95,16145.0,United Kingdom
579943,84879,ASSORTED COLOUR BIRD ORNAMENT,8,2011-12-01 10:38:00,1.69,13040.0,United Kingdom
579946,84879,ASSORTED COLOUR BIRD ORNAMENT,8,2011-12-01 10:44:00,1.69,15993.0,United Kingdom
579946,22197,POPCORN HOLDER,15,2011-12-01 10:44:00,0.85,15993.0,United Kingdom
579946,23084,RABBIT NIGHT LIGHT,12,2011-12-01 10:44:00,2.08,15993.0,United Kingdom
579949,84879,ASSORTED COLOUR BIRD ORNAMENT,16,2011-12-01 11:00:00,1.69,16700.0,United Kingdom
579954,23084,RABBIT NIGHT LIGHT,24,2011-12-01 11:10:00,1.79,16701.0,United Kingdom
580022,23084,RABBIT NIGHT LIGHT,6,2011-12-01 11:44:00,2.08,14289.0,United Kingdom
580025,85123A,WHITE HANGING HEART T-LIGHT HOLDER,3,2011-12-01 11:53:00,2.95,15021.0,United Kingdom
580027,23084,RABBIT NIGHT LIGHT,2,2011-12-01 12:01:00,2.08,14178.0,United Kingdom
580027,84077,WORLD WAR 2 GLIDERS ASSTD DESIGNS,48,2011-12-01 12:01:00,0.29,14178.0,United Kingdom
580027,22197,POPCORN HOLDER,15,2011-12-01 12:01:00,0.85,14178.0,United Kingdom
580032,85099B,JUMBO BAG RED RETROSPOT,5,2011-12-01 12:17:00,2.08,14659.0,United Kingdom
580033,85099B,JUMBO BAG RED RETROSPOT,10,2011-12-01 12:18:00,2.08,14282.0,United Kingdom
580043,85099B,JUMBO BAG RED RETROSPOT,1,2011-12-01 12:25:00,2.08,14527.0,United Kingdom
580047,84077,WORLD WAR 2 GLIDERS ASSTD DESIGNS,6,2011-12-01 12:44:00,0.29,12989.0,United Kingdom
580050,22616,PACK OF 12 LONDON TISSUES ,5,2011-12-01 12:54:00,0.39,14960.0,United Kingdom
580050,22616,PACK OF 12 LONDON TISSUES ,4,2011-12-01 12:54:00,0.39,14960.0,United Kingdom
580049,23084,RABBIT NIGHT LIGHT,6,2011-12-01 12:54:00,2.08,13599.0,United Kingdom
580050,22197,POPCORN HOLDER,4,2011-12-01 12:54:00,0.85,14960.0,United Kingdom
580050,22616,PACK OF 12 LONDON TISSUES ,1,2011-12-01 12:54:00,0.39,14960.0,United Kingdom
580053,23084,RABBIT NIGHT LIGHT,48,2011-12-01 13:03:00,1.79,12912.0,United Kingdom
580054,85123A,WHITE HANGING HEART T-LIGHT HOLDER,4,2011-12-01 13:08:00,2.95,18122.0,United Kingdom
580054,22197,POPCORN HOLDER,10,2011-12-01 13:08:00,0.85,18122.0,United Kingdom
580054,84077,WORLD WAR 2 GLIDERS ASSTD DESIGNS,48,2011-12-01 13:08:00,0.29,18122.0,United Kingdom
580058,23084,RABBIT NIGHT LIGHT,24,2011-12-01 13:19:00,1.79,14367.0,United Kingdom
580059,22197,POPCORN HOLDER,50,2011-12-01 13:22:00,0.85,17768.0,United Kingdom
580062,23084,RABBIT NIGHT LIGHT,1,2011-12-01 13:28:00,2.08,15862.0,United Kingdom
580062,85123A,WHITE HANGING HEART T-LIGHT HOLDER,2,2011-12-01 13:28:00,2.95,15862.0,United Kingdom
580064,23084,RABBIT NIGHT LIGHT,24,2011-12-01 13:32:00,1.79,18077.0,United Kingdom
580066,23084,RABBIT NIGHT LIGHT,24,2011-12-01 13:33:00,1.79,14309.0,United Kingdom
580089,23084,RABBIT NIGHT LIGHT,18,2011-12-01 14:34:00,2.08,14732.0,United Kingdom
580091,23084,RABBIT NIGHT LIGHT,20,2011-12-01 14:37:00,2.08,17293.0,United Kingdom
580096,23084,RABBIT NIGHT LIGHT,24,2011-12-01 14:55:00,1.79,13408.0,United Kingdom
580097,85123A,WHITE HANGING HEART T-LIGHT HOLDER,6,2011-12-01 14:58:00,2.95,14216.0,United Kingdom
580098,23084,RABBIT NIGHT LIGHT,6,2011-12-01 15:05:00,2.08,15373.0,United Kingdom
580103,85123A,WHITE HANGING HEART T-LIGHT HOLDER,8,2011-12-01 15:12:00,2.95,16242.0,United Kingdom
580106,85099B,JUMBO BAG RED RETROSPOT,10,2011-12-01 15:28:00,2.08,16169.0,United Kingdom
580110,23084,RABBIT NIGHT LIGHT,12,2011-12-01 15:47:00,2.08,17350.0,United Kingdom
580111,85099B,JUMBO BAG RED RETROSPOT,100,2011-12-01 15:55:00,1.79,12950.0,United Kingdom
580114,84879,ASSORTED COLOUR BIRD ORNAMENT,16,2011-12-01 16:05:00,1.69,14299.0,United Kingdom
580114,22197,POPCORN HOLDER,36,2011-12-01 16:05:00,0.85,14299.0,United Kingdom
580114,84077,WORLD WAR 2 GLIDERS ASSTD DESIGNS,48,2011-12-01 16:05:00,0.29,14299.0,United Kingdom
580115,23084,RABBIT NIGHT LIGHT,45,2011-12-01 16:22:00,4.13,,United Kingdom
580115,23166,MEDIUM CERAMIC TOP STORAGE JAR,1,2011-12-01 16:22:00,2.46,,United Kingdom
580115,85099B,JUMBO BAG RED RETROSPOT,2,2011-12-01 16:22:00,4.13,,United Kingdom
580115,85123A,WHITE HANGING HEART T-LIGHT HOLDER,1,2011-12-01 16:22:00,5.79,,United Kingdom
580115,22197,POPCORN HOLDER,91,2011-12-01 16:22:00,0.85,,United Kingdom
580115,21212,PACK OF 72 RETROSPOT CAKE CASES,5,2011-12-01 16:22:00,1.25,,United Kingdom
580119,85099B,JUMBO BAG RED RETROSPOT,1,2011-12-01 16:37:00,2.08,17920.0,United Kingdom
580119,22616,PACK OF 12 LONDON TISSUES ,12,2011-12-01 16:37:00,0.39,17920.0,United Kingdom
580120,85099B,JUMBO BAG RED RETROSPOT,20,2011-12-01 16:38:00,2.08,12553.0,France
580120,23084,RABBIT NIGHT LIGHT,48,2011-12-01 16:38:00,1.79,12553.0,France
580125,23084,RABBIT NIGHT LIGHT,24,2011-12-01 17:16:00,1.79,13089.0,United Kingdom
580126,23084,RABBIT NIGHT LIGHT,96,2011-12-01 17:20:00,1.79,12562.0,France
580128,85123A,WHITE HANGING HEART T-LIGHT HOLDER,4,2011-12-01 17:56:00,2.95,17576.0,United Kingdom
580129,23166,MEDIUM CERAMIC TOP STORAGE JAR,12,2011-12-01 18:03:00,1.25,17426.0,United Kingdom
580130,23084,RABBIT NIGHT LIGHT,6,2011-12-01 18:07:00,2.08,17426.0,United Kingdom
580132,23084,RABBIT NIGHT LIGHT,72,2011-12-01 18:16:00,1.79,15694.0,United Kingdom
580134,22197,POPCORN HOLDER,36,2011-12-01 19:24:00,0.85,13102.0,United Kingdom
580136,85123A,WHITE HANGING HEART T-LIGHT HOLDER,6,2011-12-01 19:42:00,2.95,17841.0,United Kingdom
580137,22197,POPCORN HOLDER,2,2011-12-01 19:54:00,0.85,17566.0,United Kingdom
580137,23084,RABBIT NIGHT LIGHT,3,2011-12-01 19:54:00,2.08,17566.0,United Kingdom
580137,22197,POPCORN HOLDER,20,2011-12-01 19:54:00,0.85,17566.0,United Kingdom
580137,23084,RABBIT NIGHT LIGHT,6,2011-12-01 19:54:00,2.08,17566.0,United Kingdom
580137,85123A,WHITE HANGING HEART T-LIGHT HOLDER,1,2011-12-01 19:54:00,2.95,17566.0,United Kingdom
580146,23084,RABBIT NIGHT LIGHT,43,2011-12-02 10:07:00,4.96,,United Kingdom
580146,21212,PACK OF 72 RETROSPOT CAKE CASES,41,2011-12-02 10:07:00,2.08,,United Kingdom
580146,22197,POPCORN HOLDER,48,2011-12-02 10:07:00,2.46,,United Kingdom
580148,85099B,JUMBO BAG RED RETROSPOT,3,2011-12-02 10:08:00,4.13,,United Kingdom
580153,23084,RABBIT NIGHT LIGHT,48,2011-12-02 10:23:00,1.79,12762.0,Portugal
580153,21212,PACK OF 72 RETROSPOT CAKE CASES,24,2011-12-02 10:23:00,0.55,12762.0,Portugal
580156,23084,RABBIT NIGHT LIGHT,12,2011-12-02 10:32:00,2.08,14897.0,United Kingdom
580158,85099B,JUMBO BAG RED RETROSPOT,10,2011-12-02 10:41:00,2.08,12558.0,USA
580160,23084,RABBIT NIGHT LIGHT,48,2011-12-02 10:47:00,1.79,12700.0,France
580162,85123A,WHITE HANGING HEART T-LIGHT HOLDER,3,2011-12-02 10:52:00,2.95,12856.0,United Kingdom
580162,23084,RABBIT NIGHT LIGHT,10,2011-12-02 10:52:00,2.08,12856.0,United Kingdom
580167,84879,ASSORTED COLOUR BIRD ORNAMENT,40,2011-12-02 11:28:00,1.69,17386.0,United Kingdom
580170,22197,POPCORN HOLDER,1000,2011-12-02 11:39:00,0.72,17949.0,United Kingdom
580176,22197,POPCORN HOLDER,100,2011-12-02 11:49:00,0.85,14292.0,United Kingdom
580188,22197,POPCORN HOLDER,10,2011-12-02 12:02:00,0.85,16440.0,United Kingdom
580213,84879,ASSORTED COLOUR BIRD ORNAMENT,8,2011-12-02 12:08:00,1.69,17495.0,United Kingdom
580221,21212,PACK OF 72 RETROSPOT CAKE CASES,24,2011-12-02 12:13:00,0.55,14092.0,United Kingdom
580259,23084,RABBIT NIGHT LIGHT,12,2011-12-02 12:32:00,2.08,13705.0,United Kingdom
580259,84879,ASSORTED COLOUR BIRD ORNAMENT,32,2011-12-02 12:32:00,1.69,13705.0,United Kingdom
580260,85123A,WHITE HANGING HEART T-LIGHT HOLDER,3,2011-12-02 12:36:00,2.95,14085.0,United Kingdom
580260,22616,PACK OF 12 LONDON TISSUES ,12,2011-12-02 12:36:00,0.39,14085.0,United Kingdom
580262,84077,WORLD WAR 2 GLIDERS ASSTD DESIGNS,48,2011-12-02 12:42:00,0.29,16759.0,United Kingdom
580264,84879,ASSORTED COLOUR BIRD ORNAMENT,160,2011-12-02 12:46:00,1.45,18144.0,United Kingdom
580272,23084,RABBIT NIGHT LIGHT,2,2011-12-02 12:52:00,2.08,15547.0,United Kingdom
580277,23084,RABBIT NIGHT LIGHT,24,2011-12-02 13:02:00,1.79,16474.0,United Kingdom
580279,84879,ASSORTED COLOUR BIRD ORNAMENT,48,2011-12-02 13:12:00,1.69,15123.0,United Kingdom
580279,22616,PACK OF 12 LONDON TISSUES ,24,2011-12-02 13:12:00,0.39,15123.0,United Kingdom
580281,23084,RABBIT NIGHT LIGHT,48,2011-12-02 13:15:00,1.79,12704.0,Finland
580287,85123A,WHITE HANGING HEART T-LIGHT HOLDER,2,2011-12-02 13:28:00,2.95,14594.0,United Kingdom
580292,85123A,WHITE HANGING HEART T-LIGHT HOLDER,64,2011-12-02 13:37:00,2.55,15856.0,United Kingdom
580297,85099B,JUMBO BAG RED RETROSPOT,400,2011-12-02 13:52:00,1.79,15769.0,United Kingdom
580304,84879,ASSORTED COLOUR BIRD ORNAMENT,40,2011-12-02 14:25:00,1.69,18055.0,United Kingdom
580305,23084,RABBIT NIGHT LIGHT,2,2011-12-02 14:26:00,2.08,12970.0,United Kingdom
580305,23084,RABBIT NIGHT LIGHT,3,2011-12-02 14:26:00,2.08,12970.0,United Kingdom
580305,23084,RABBIT NIGHT LIGHT,4,2011-12-02 14:26:00,2.08,12970.0,United Kingdom
580305,23084,RABBIT NIGHT LIGHT,4,2011-12-02 14:26:00,2.08,12970.0,United Kingdom
580308,23084,RABBIT NIGHT LIGHT,6,2011-12-02 14:30:00,2.08,14250.0,United Kingdom
580309,22197,POPCORN HOLDER,60,2011-12-02 14:46:00,0.85,14503.0,United Kingdom
580316,21212,PACK OF 72 RETROSPOT CAKE CASES,2,2011-12-02 15:25:00,0.55,18109.0,United Kingdom
580317,85123A,WHITE HANGING HEART T-LIGHT HOLDER,6,2011-12-02 15:29:00,2.95,13458.0,United Kingdom
580317,84879,ASSORTED COLOUR BIRD ORNAMENT,8,2011-12-02 15:29:00,1.69,13458.0,United Kingdom
580318,85099B,JUMBO BAG RED RETROSPOT,10,2011-12-02 15:39:00,2.08,17686.0,United Kingdom
580320,21212,PACK OF 72 RETROSPOT CAKE CASES,24,2011-12-02 15:40:00,0.55,15078.0,United Kingdom
580320,85099B,JUMBO BAG RED RETROSPOT,20,2011-12-02 15:40:00,2.08,15078.0,United Kingdom
580322,84879,ASSORTED COLOUR BIRD ORNAMENT,160,2011-12-02 15:48:00,1.45,17567.0,United Kingdom
580351,23084,RABBIT NIGHT LIGHT,12,2011-12-02 15:55:00,2.08,12962.0,United Kingdom
580357,85123A,WHITE HANGING HEART T-LIGHT HOLDER,32,2011-12-02 16:07:00,2.55,15856.0,United Kingdom
580357,22197,POPCORN HOLDER,100,2011-12-02 16:07:00,0.72,15856.0,United Kingdom
580358,23084,RABBIT NIGHT LIGHT,1,2011-12-02 16:07:00,2.08,17238.0,United Kingdom
580358,23084,RABBIT NIGHT LIGHT,5,2011-12-02 16:07:00,2.08,17238.0,United Kingdom
580362,85123A,WHITE HANGING HEART T-LIGHT HOLDER,6,2011-12-02 16:30:00,2.95,13884.0,United Kingdom
580366,84879,ASSORTED COLOUR BIRD ORNAMENT,8,2011-12-02 16:38:00,1.69,,United Kingdom
580366,23084,RABBIT NIGHT LIGHT,1,2011-12-02 16:38:00,2.08,,United Kingdom
580366,22197,POPCORN HOLDER,2,2011-12-02 16:38:00,0.85,,United Kingdom
580367,23166,MEDIUM CERAMIC TOP STORAGE JAR,5,2011-12-02 16:39:00,2.46,,United Kingdom
580367,23084,RABBIT NIGHT LIGHT,40,2011-12-02 16:39:00,4.13,,United Kingdom
580367,85123A,WHITE HANGING HEART T-LIGHT HOLDER,1,2011-12-02 16:39:00,5.79,,United Kingdom
580367,21212,PACK OF 72 RETROSPOT CAKE CASES,1,2011-12-02 16:39:00,1.25,,United Kingdom
580367,22197,POPCORN HOLDER,49,2011-12-02 16:39:00,0.85,,United Kingdom
580371,85099B,JUMBO BAG RED RETROSPOT,50,2011-12-02 16:56:00,2.08,18174.0,United Kingdom
580373,84077,WORLD WAR 2 GLIDERS ASSTD DESIGNS,48,2011-12-02 17:06:00,0.29,14788.0,United Kingdom
580384,84879,ASSORTED COLOUR BIRD ORNAMENT,40,2011-12-04 10:10:00,1.69,17243.0,United Kingdom
580393,85123A,WHITE HANGING HEART T-LIGHT HOLDER,1,2011-12-04 10:51:00,2.95,16438.0,United Kingdom
580397,22197,POPCORN HOLDER,4,2011-12-04 11:24:00,0.85,13558.0,United Kingdom
580405,23084,RABBIT NIGHT LIGHT,6,2011-12-04 12:02:00,2.08,14720.0,United Kingdom
580419,23084,RABBIT NIGHT LIGHT,12,2011-12-04 12:08:00,2.08,16283.0,United Kingdom
580469,22197,POPCORN HOLDER,22,2011-12-04 12:32:00,0.85,14583.0,United Kingdom
580500,22197,POPCORN HOLDER,2,2011-12-04 12:52:00,0.85,17131.0,United Kingdom
580501,85123A,WHITE HANGING HEART T-LIGHT HOLDER,4,2011-12-04 13:00:00,2.95,14546.0,United Kingdom
580502,85099B,JUMBO BAG RED RETROSPOT,2,2011-12-04 13:15:00,2.08,16931.0,United Kingdom
580502,23084,RABBIT NIGHT LIGHT,3,2011-12-04 13:15:00,2.08,16931.0,United Kingdom
580504,84879,ASSORTED COLOUR BIRD ORNAMENT,2,2011-12-04 13:32:00,1.69,17936.0,United Kingdom
580505,23084,RABBIT NIGHT LIGHT,2,2011-12-04 13:32:00,2.08,15867.0,United Kingdom
580505,84879,ASSORTED COLOUR BIRD ORNAMENT,16,2011-12-04 13:32:00,1.69,15867.0,United Kingdom
580504,22197,POPCORN HOLDER,1,2011-12-04 13:32:00,0.85,17936.0,United Kingdom
580504,22197,POPCORN HOLDER,4,2011-12-04 13:32:00,0.85,17936.0,United Kingdom
580504,23084,RABBIT NIGHT LIGHT,1,2011-12-04 13:32:00,2.08,17936.0,United Kingdom
580504,23084,RABBIT NIGHT LIGHT,1,2011-12-04 13:32:00,2.08,17936.0,United Kingdom
580506,23084,RABBIT NIGHT LIGHT,48,2011-12-04 13:34:00,1.79,13319.0,United Kingdom
580511,21212,PACK OF 72 RETROSPOT CAKE CASES,24,2011-12-04 13:54:00,0.55,12560.0,Germany
580512,85099B,JUMBO BAG RED RETROSPOT,10,2011-12-04 13:55:00,2.08,12673.0,Germany
580513,22197,POPCORN HOLDER,4,2011-12-04 13:59:00,0.85,14456.0,United Kingdom
580513,85123A,WHITE HANGING HEART T-LIGHT HOLDER,1,2011-12-04 13:59:00,2.95,14456.0,United Kingdom
580514,23084,RABBIT NIGHT LIGHT,1,2011-12-04 14:01:00,2.08,16905.0,United Kingdom
580514,84879,ASSORTED COLOUR BIRD ORNAMENT,8,2011-12-04 14:01:00,1.69,16905.0,United Kingdom
580519,23084,RABBIT NIGHT LIGHT,45,2011-12-04 14:51:00,4.96,,United Kingdom
580519,21212,PACK OF 72 RETROSPOT CAKE CASES,23,2011-12-04 14:51:00,2.08,,United Kingdom
580519,21212,PACK OF 72 RETROSPOT CAKE CASES,1,2011-12-04 14:51:00,5.0,,United Kingdom
580519,22197,POPCORN HOLDER,64,2011-12-04 14:51:00,2.46,,United Kingdom
580520,23084,RABBIT NIGHT LIGHT,3,2011-12-04 14:55:00,2.08,13521.0,United Kingdom
580523,85123A,WHITE HANGING HEART T-LIGHT HOLDER,2,2011-12-04 15:00:00,2.95,17827.0,United Kingdom
580532,23084,RABBIT NIGHT LIGHT,48,2011-12-04 15:54:00,1.79,13098.0,United Kingdom
580535,22197,POPCORN HOLDER,12,2011-12-04 16:02:00,0.85,16988.0,United Kingdom
580534,23084,RABBIT NIGHT LIGHT,18,2011-12-04 16:02:00,2.08,12724.0,France
580538,23084,RABBIT NIGHT LIGHT,48,2011-12-05 08:38:00,1.79,14075.0,United Kingdom
580539,22197,POPCORN HOLDER,36,2011-12-05 08:39:00,0.85,18180.0,United Kingdom
580541,23166,MEDIUM CERAMIC TOP STORAGE JAR,12,2011-12-05 09:03:00,1.25,15358.0,United Kingdom
580543,23084,RABBIT NIGHT LIGHT,24,2011-12-05 09:11:00,1.79,18223.0,United Kingdom
580552,23084,RABBIT NIGHT LIGHT,24,2011-12-05 10:09:00,1.79,15572.0,United Kingdom
580555,85123A,WHITE HANGING HEART T-LIGHT HOLDER,64,2011-12-05 10:18:00,2.55,14911.0,EIRE
580595,85099B,JUMBO BAG RED RETROSPOT,10,2011-12-05 10:38:00,2.08,14194.0,United Kingdom
580599,84077,WORLD WAR 2 GLIDERS ASSTD DESIGNS,48,2011-12-05 11:11:00,0.29,12925.0,United Kingdom
580599,23084,RABBIT NIGHT LIGHT,6,2011-12-05 11:11:00,2.08,12925.0,United Kingdom
580610,23166,MEDIUM CERAMIC TOP STORAGE JAR,9,2011-12-05 11:48:00,2.46,,United Kingdom
580610,85099B,JUMBO BAG RED RETROSPOT,4,2011-12-05 11:48:00,4.13,,United Kingdom
580610,22197,POPCORN HOLDER,6,2011-12-05 11:48:00,1.63,,United Kingdom
580611,85123A,WHITE HANGING HEART T-LIGHT HOLDER,1,2011-12-05 11:49:00,2.95,12748.0,United Kingdom
580611,22197,POPCORN HOLDER,7,2011-12-05 11:49:00,0.85,12748.0,United Kingdom
580611,22197,POPCORN HOLDER,10,2011-12-05 11:49:00,0.85,12748.0,United Kingdom
580611,22197,POPCORN HOLDER,2,2011-12-05 11:49:00,0.85,12748.0,United Kingdom
580612,85099B,JUMBO BAG RED RETROSPOT,7,2011-12-05 11:58:00,4.13,,United Kingdom
580613,23084,RABBIT NIGHT LIGHT,6,2011-12-05 12:03:00,2.08,14759.0,United Kingdom
580615,22616,PACK OF 12 LONDON TISSUES ,48,2011-12-05 12:05:00,0.39,16873.0,United Kingdom
580632,85123A,WHITE HANGING HEART T-LIGHT HOLDER,7,2011-12-05 12:16:00,2.95,16360.0,United Kingdom
580632,22197,POPCORN HOLDER,40,2011-12-05 12:16:00,0.85,16360.0,United Kingdom
580632,21212,PACK OF 72 RETROSPOT CAKE CASES,1,2011-12-05 12:16:00,0.55,16360.0,United Kingdom
580632,21212,PACK OF 72 RETROSPOT CAKE CASES,3,2011-12-05 12:16:00,0.55,16360.0,United Kingdom
580635,85123A,WHITE HANGING HEART T-LIGHT HOLDER,1,2011-12-05 12:30:00,2.95,14649.0,United Kingdom
580635,85123A,WHITE HANGING HEART T-LIGHT HOLDER,3,2011-12-05 12:30:00,2.95,14649.0,United Kingdom
580635,84879,ASSORTED COLOUR BIRD ORNAMENT,4,2011-12-05 12:30:00,1.69,14649.0,United Kingdom
580638,21212,PACK OF 72 RETROSPOT CAKE CASES,24,2011-12-05 12:44:00,0.55,12381.0,Norway
580638,23084,RABBIT NIGHT LIGHT,12,2011-12-05 12:44:00,2.08,12381.0,Norway
580639,22197,POPCORN HOLDER,2,2011-12-05 12:46:00,0.85,17254.0,United Kingdom
580640,21212,PACK OF 72 RETROSPOT CAKE CASES,1,2011-12-05 12:51:00,0.55,16910.0,United Kingdom
580643,85123A,WHITE HANGING HEART T-LIGHT HOLDER,6,2011-12-05 12:59:00,2.95,14547.0,United Kingdom
580643,85099B,JUMBO BAG RED RETROSPOT,10,2011-12-05 12:59:00,2.08,14547.0,United Kingdom
580644,84077,WORLD WAR 2 GLIDERS ASSTD DESIGNS,48,2011-12-05 13:10:00,0.29,16904.0,United Kingdom
580644,22197,POPCORN HOLDER,10,2011-12-05 13:10:00,0.85,16904.0,United Kingdom
580644,23084,RABBIT NIGHT LIGHT,2,2011-12-05 13:10:00,2.08,16904.0,United Kingdom
580647,23084,RABBIT NIGHT LIGHT,3,2011-12-05 13:14:00,2.08,14083.0,United Kingdom
580650,22616,PACK OF 12 LONDON TISSUES ,24,2011-12-05 13:30:00,0.39,14401.0,United Kingdom
580653,23084,RABBIT NIGHT LIGHT,12,2011-12-05 13:34:00,2.08,17706.0,United Kingdom
580653,85123A,WHITE HANGING HEART T-LIGHT HOLDER,12,2011-12-05 13:34:00,2.95,17706.0,United Kingdom
580653,85099B,JUMBO BAG RED RETROSPOT,10,2011-12-05 13:34:00,2.08,17706.0,United Kingdom
580654,84879,ASSORTED COLOUR BIRD ORNAMENT,1,2011-12-05 13:37:00,1.69,15854.0,United Kingdom
580660,22197,POPCORN HOLDER,100,2011-12-05 13:49:00,0.72,16592.0,United Kingdom
580661,23084,RABBIT NIGHT LIGHT,12,2011-12-05 13:52:00,2.08,17218.0,United Kingdom
580662,85123A,WHITE HANGING HEART T-LIGHT HOLDER,160,2011-12-05 13:58:00,2.55,15856.0,United Kingdom
580665,22616,PACK OF 12 LONDON TISSUES ,432,2011-12-05 14:06:00,0.32,16684.0,United Kingdom
580665,23166,MEDIUM CERAMIC TOP STORAGE JAR,96,2011-12-05 14:06:00,1.04,16684.0,United Kingdom
580667,22616,PACK OF 12 LONDON TISSUES ,1,2011-12-05 14:19:00,0.39,15031.0,United Kingdom
580669,84879,ASSORTED COLOUR BIRD ORNAMENT,16,2011-12-05 14:25:00,1.69,15159.0,United Kingdom
580672,23084,RABBIT NIGHT LIGHT,6,2011-12-05 14:29:00,2.08,17920.0,United Kingdom
580673,23084,RABBIT NIGHT LIGHT,24,2011-12-05 14:30:00,1.79,13089.0,United Kingdom
580673,84879,ASSORTED COLOUR BIRD ORNAMENT,48,2011-12-05 14:30:00,1.69,13089.0,United Kingdom
580675,84077,WORLD WAR 2 GLIDERS ASSTD DESIGNS,96,2011-12-05 14:35:00,0.29,15640.0,United Kingdom
580675,85099B,JUMBO BAG RED RETROSPOT,10,2011-12-05 14:35:00,2.08,15640.0,United Kingdom
580677,21212,PACK OF 72 RETROSPOT CAKE CASES,1,2011-12-05 14:40:00,0.55,16200.0,United Kingdom
580677,84879,ASSORTED COLOUR BIRD ORNAMENT,16,2011-12-05 14:40:00,1.69,16200.0,United Kingdom
580688,23084,RABBIT NIGHT LIGHT,2,2011-12-05 15:38:00,2.08,15550.0,United Kingdom
580687,84879,ASSORTED COLOUR BIRD ORNAMENT,24,2011-12-05 15:38:00,1.69,16379.0,United Kingdom
580692,85123A,WHITE HANGING HEART T-LIGHT HOLDER,4,2011-12-05 15:51:00,2.95,13173.0,United Kingdom
580695,85123A,WHITE HANGING HEART T-LIGHT HOLDER,4,2011-12-05 16:03:00,2.95,13230.0,United Kingdom
580695,23084,RABBIT NIGHT LIGHT,1,2011-12-05 16:03:00,2.08,13230.0,United Kingdom
580696,22197,POPCORN HOLDER,40,2011-12-05 16:04:00,0.85,17757.0,United Kingdom
580722,85099B,JUMBO BAG RED RETROSPOT,10,2011-12-05 17:06:00,2.08,13985.0,United Kingdom
580722,23084,RABBIT NIGHT LIGHT,24,2011-12-05 17:06:00,1.79,13985.0,United Kingdom
580725,85123A,WHITE HANGING HEART T-LIGHT HOLDER,32,2011-12-05 17:13:00,2.55,15932.0,United Kingdom
580727,23084,RABBIT NIGHT LIGHT,64,2011-12-05 17:17:00,4.13,14096.0,United Kingdom
580727,85123A,WHITE HANGING HEART T-LIGHT HOLDER,1,2011-12-05 17:17:00,5.79,14096.0,United Kingdom
580727,84077,WORLD WAR 2 GLIDERS ASSTD DESIGNS,13,2011-12-05 17:17:00,0.63,14096.0,United Kingdom
580727,21212,PACK OF 72 RETROSPOT CAKE CASES,7,2011-12-05 17:17:00,1.25,14096.0,United Kingdom
580727,22197,POPCORN HOLDER,25,2011-12-05 17:17:00,1.63,14096.0,United Kingdom
580729,23084,RABBIT NIGHT LIGHT,57,2011-12-05 17:24:00,4.13,,United Kingdom
580729,85123A,WHITE HANGING HEART T-LIGHT HOLDER,2,2011-12-05 17:24:00,5.79,,United Kingdom
580729,85099B,JUMBO BAG RED RETROSPOT,5,2011-12-05 17:24:00,4.13,,United Kingdom
580729,84879,ASSORTED COLOUR BIRD ORNAMENT,8,2011-12-05 17:24:00,3.12,,United Kingdom
580729,22197,POPCORN HOLDER,71,2011-12-05 17:24:00,0.85,,United Kingdom
580729,21212,PACK OF 72 RETROSPOT CAKE CASES,3,2011-12-05 17:24:00,1.25,,United Kingdom
580729,22616,PACK OF 12 LONDON TISSUES ,1,2011-12-05 17:24:00,0.83,,United Kingdom
580730,23084,RABBIT NIGHT LIGHT,39,2011-12-05 17:28:00,4.13,,United Kingdom
580730,84879,ASSORTED COLOUR BIRD ORNAMENT,16,2011-12-05 17:28:00,3.12,,United Kingdom
580730,85123A,WHITE HANGING HEART T-LIGHT HOLDER,1,2011-12-05 17:28:00,5.79,,United Kingdom
580730,21212,PACK OF 72 RETROSPOT CAKE CASES,2,2011-12-05 17:28:00,1.25,,United Kingdom
580730,22616,PACK OF 12 LONDON TISSUES ,1,2011-12-05 17:28:00,0.83,,United Kingdom
580730,22197,POPCORN HOLDER,61,2011-12-05 17:28:00,0.85,,United Kingdom
580734,85099B,JUMBO BAG RED RETROSPOT,20,2011-12-06 08:46:00,2.08,12766.0,Portugal
580735,85099B,JUMBO BAG RED RETROSPOT,10,2011-12-06 08:52:00,2.08,17728.0,United Kingdom
580735,84077,WORLD WAR 2 GLIDERS ASSTD DESIGNS,48,2011-12-06 08:52:00,0.29,17728.0,United Kingdom
580746,85123A,WHITE HANGING HEART T-LIGHT HOLDER,18,2011-12-06 09:35:00,2.95,12584.0,Italy
580752,23084,RABBIT NIGHT LIGHT,6,2011-12-06 09:56:00,2.08,12478.0,Greece
580753,23084,RABBIT NIGHT LIGHT,24,2011-12-06 10:00:00,1.79,12682.0,France
580753,21212,PACK OF 72 RETROSPOT CAKE CASES,24,2011-12-06 10:00:00,0.55,12682.0,France
580753,85099B,JUMBO BAG RED RETROSPOT,10,2011-12-06 10:00:00,2.08,12682.0,France
580754,23084,RABBIT NIGHT LIGHT,43,2011-12-06 10:05:00,4.96,,United Kingdom
580754,21212,PACK OF 72 RETROSPOT CAKE CASES,33,2011-12-06 10:05:00,2.08,,United Kingdom
580754,22197,POPCORN HOLDER,91,2011-12-06 10:05:00,2.46,,United Kingdom
580772,84879,ASSORTED COLOUR BIRD ORNAMENT,8,2011-12-06 11:00:00,1.69,15992.0,United Kingdom
580822,23084,RABBIT NIGHT LIGHT,1,2011-12-06 11:33:00,2.08,17884.0,United Kingdom
580830,84879,ASSORTED COLOUR BIRD ORNAMENT,8,2011-12-06 11:38:00,1.69,14825.0,United Kingdom
580831,23084,RABBIT NIGHT LIGHT,12,2011-12-06 11:39:00,2.08,14418.0,United Kingdom
580831,22197,POPCORN HOLDER,24,2011-12-06 11:39:00,0.85,14418.0,United Kingdom
580831,21212,PACK OF 72 RETROSPOT CAKE CASES,24,2011-12-06 11:39:00,0.55,14418.0,United Kingdom
580833,85123A,WHITE HANGING HEART T-LIGHT HOLDER,9,2011-12-06 11:41:00,2.95,16764.0,United Kingdom
580865,23084,RABBIT NIGHT LIGHT,1,2011-12-06 11:58:00,2.08,17914.0,United Kingdom
580865,84077,WORLD WAR 2 GLIDERS ASSTD DESIGNS,96,2011-12-06 11:58:00,0.29,17914.0,United Kingdom
580872,22616,PACK OF 12 LONDON TISSUES ,2,2011-12-06 12:02:00,0.39,18283.0,United Kingdom
580876,22197,POPCORN HOLDER,5,2011-12-06 12:12:00,0.85,14071.0,United Kingdom
580879,21212,PACK OF 72 RETROSPOT CAKE CASES,1,2011-12-06 12:18:00,0.55,17346.0,United Kingdom
580879,85099B,JUMBO BAG RED RETROSPOT,10,2011-12-06 12:18:00,2.08,17346.0,United Kingdom
580879,84879,ASSORTED COLOUR BIRD ORNAMENT,8,2011-12-06 12:18:00,1.69,17346.0,United Kingdom
580880,23084,RABBIT NIGHT LIGHT,24,2011-12-06 12:19:00,1.79,14121.0,United Kingdom
580884,23084,RABBIT NIGHT LIGHT,1,2011-12-06 12:21:00,2.08,15907.0,United Kingdom
580884,85099B,JUMBO BAG RED RETROSPOT,2,2011-12-06 12:21:00,2.08,15907.0,United Kingdom
580884,85099B,JUMBO BAG RED RETROSPOT,1,2011-12-06 12:21:00,2.08,15907.0,United Kingdom
580884,22197,POPCORN HOLDER,2,2011-12-06 12:21:00,0.85,15907.0,United Kingdom
580884,23084,RABBIT NIGHT LIGHT,2,2011-12-06 12:21:00,2.08,15907.0,United Kingdom
580904,85099B,JUMBO BAG RED RETROSPOT,1,2011-12-06 12:59:00,2.08,15311.0,United Kingdom
580907,85123A,WHITE HANGING HEART T-LIGHT HOLDER,6,2011-12-06 13:13:00,2.95,13507.0,United Kingdom
580939,84879,ASSORTED COLOUR BIRD ORNAMENT,8,2011-12-06 14:14:00,1.69,14907.0,United Kingdom
580939,85123A,WHITE HANGING HEART T-LIGHT HOLDER,6,2011-12-06 14:14:00,2.95,14907.0,United Kingdom
580939,84077,WORLD WAR 2 GLIDERS ASSTD DESIGNS,48,2011-12-06 14:14:00,0.29,14907.0,United Kingdom
580956,23166,MEDIUM CERAMIC TOP STORAGE JAR,1,2011-12-06 14:23:00,1.25,17841.0,United Kingdom
580958,23084,RABBIT NIGHT LIGHT,1,2011-12-06 14:30:00,2.08,17266.0,United Kingdom
580958,22197,POPCORN HOLDER,2,2011-12-06 14:30:00,0.85,17266.0,United Kingdom
580958,23084,RABBIT NIGHT LIGHT,1,2011-12-06 14:30:00,2.08,17266.0,United Kingdom
580958,23084,RABBIT NIGHT LIGHT,1,2011-12-06 14:30:00,2.08,17266.0,United Kingdom
580959,84077,WORLD WAR 2 GLIDERS ASSTD DESIGNS,48,2011-12-06 14:31:00,0.29,14673.0,United Kingdom
580959,23084,RABBIT NIGHT LIGHT,6,2011-12-06 14:31:00,2.08,14673.0,United Kingdom
580960,84879,ASSORTED COLOUR BIRD ORNAMENT,8,2011-12-06 14:35:00,1.69,16016.0,United Kingdom
580962,85099B,JUMBO BAG RED RETROSPOT,10,2011-12-06 14:40:00,2.08,17119.0,United Kingdom
580963,23084,RABBIT NIGHT LIGHT,18,2011-12-06 14:49:00,2.08,14868.0,United Kingdom
580978,23084,RABBIT NIGHT LIGHT,96,2011-12-06 15:36:00,1.79,13078.0,United Kingdom
580978,22197,POPCORN HOLDER,200,2011-12-06 15:36:00,0.72,13078.0,United Kingdom
580978,84879,ASSORTED COLOUR BIRD ORNAMENT,160,2011-12-06 15:36:00,1.45,13078.0,United Kingdom
580979,85099B,JUMBO BAG RED RETROSPOT,10,2011-12-06 15:40:00,2.08,12362.0,Belgium
580981,84879,ASSORTED COLOUR BIRD ORNAMENT,32,2011-12-06 16:02:00,1.69,16201.0,United Kingdom
580982,23084,RABBIT NIGHT LIGHT,4,2011-12-06 16:21:00,2.08,17861.0,United Kingdom
580983,84077,WORLD WAR 2 GLIDERS ASSTD DESIGNS,3,2011-12-06 16:26:00,0.63,,United Kingdom
580983,23084,RABBIT NIGHT LIGHT,31,2011-12-06 16:26:00,4.13,,United Kingdom
580983,22616,PACK OF 12 LONDON TISSUES ,1,2011-12-06 16:26:00,0.83,,United Kingdom
580983,21212,PACK OF 72 RETROSPOT CAKE CASES,8,2011-12-06 16:26:00,1.25,,United Kingdom
580983,85099B,JUMBO BAG RED RETROSPOT,1,2011-12-06 16:26:00,4.13,,United Kingdom
580983,22197,POPCORN HOLDER,13,2011-12-06 16:26:00,1.63,,United Kingdom
580985,85099B,JUMBO BAG RED RETROSPOT,100,2011-12-06 16:33:00,1.79,17389.0,United Kingdom
580988,84879,ASSORTED COLOUR BIRD ORNAMENT,8,2011-12-06 16:41:00,1.69,18154.0,United Kingdom
580997,23166,MEDIUM CERAMIC TOP STORAGE JAR,4,2011-12-06 17:23:00,1.25,15023.0,United Kingdom
581001,23084,RABBIT NIGHT LIGHT,24,2011-12-07 08:07:00,1.79,12583.0,France
581002,23084,RABBIT NIGHT LIGHT,24,2011-12-07 08:21:00,1.79,14708.0,United Kingdom
581002,84879,ASSORTED COLOUR BIRD ORNAMENT,16,2011-12-07 08:21:00,1.69,14708.0,United Kingdom
581003,22197,POPCORN HOLDER,48,2011-12-07 08:38:00,0.85,14911.0,EIRE
581006,21212,PACK OF 72 RETROSPOT CAKE CASES,24,2011-12-07 08:45:00,0.55,14911.0,EIRE
581006,22197,POPCORN HOLDER,48,2011-12-07 08:45:00,0.85,14911.0,EIRE
581006,85123A,WHITE HANGING HEART T-LIGHT HOLDER,24,2011-12-07 08:45:00,2.95,14911.0,EIRE
581007,23084,RABBIT NIGHT LIGHT,48,2011-12-07 08:55:00,1.79,12912.0,United Kingdom
581010,23084,RABBIT NIGHT LIGHT,24,2011-12-07 09:18:00,1.79,17503.0,United Kingdom
581013,23084,RABBIT NIGHT LIGHT,48,2011-12-07 09:32:00,1.79,17017.0,United Kingdom
581013,22197,POPCORN HOLDER,100,2011-12-07 09:32:00,0.72,17017.0,United Kingdom
581014,85123A,WHITE HANGING HEART T-LIGHT HOLDER,6,2011-12-07 09:34:00,2.95,16458.0,United Kingdom
581014,85099B,JUMBO BAG RED RETROSPOT,20,2011-12-07 09:34:00,2.08,16458.0,United Kingdom
581015,84879,ASSORTED COLOUR BIRD ORNAMENT,24,2011-12-07 09:35:00,1.69,13949.0,United Kingdom
581018,84077,WORLD WAR 2 GLIDERS ASSTD DESIGNS,144,2011-12-07 10:09:00,0.29,13743.0,United Kingdom
581020,22197,POPCORN HOLDER,100,2011-12-07 10:12:00,0.72,17511.0,United Kingdom
581020,85123A,WHITE HANGING HEART T-LIGHT HOLDER,64,2011-12-07 10:12:00,2.55,17511.0,United Kingdom
581020,84879,ASSORTED COLOUR BIRD ORNAMENT,160,2011-12-07 10:12:00,1.45,17511.0,United Kingdom
581023,85099B,JUMBO BAG RED RETROSPOT,9,2011-12-07 10:35:00,4.13,,United Kingdom
581027,85099B,JUMBO BAG RED RETROSPOT,10,2011-12-07 10:43:00,2.08,17091.0,United Kingdom
581074,22616,PACK OF 12 LONDON TISSUES ,12,2011-12-07 11:27:00,0.39,15568.0,United Kingdom
581095,23084,RABBIT NIGHT LIGHT,5,2011-12-07 11:35:00,2.08,17238.0,United Kingdom
581099,84879,ASSORTED COLOUR BIRD ORNAMENT,8,2011-12-07 11:43:00,1.69,18219.0,United Kingdom
581108,23166,MEDIUM CERAMIC TOP STORAGE JAR,2,2011-12-07 12:16:00,1.25,15984.0,United Kingdom
581112,22616,PACK OF 12 LONDON TISSUES ,24,2011-12-07 12:17:00,0.39,16678.0,United Kingdom
581113,85099B,JUMBO BAG RED RETROSPOT,10,2011-12-07 12:19:00,2.08,14534.0,United Kingdom
581113,23084,RABBIT NIGHT LIGHT,1,2011-12-07 12:19:00,2.08,14534.0,United Kingdom
581120,23084,RABBIT NIGHT LIGHT,6,2011-12-07 12:26:00,2.08,17042.0,United Kingdom
581122,85099B,JUMBO BAG RED RETROSPOT,10,2011-12-07 12:33:00,2.08,12839.0,United Kingdom
581122,22197,POPCORN HOLDER,48,2011-12-07 12:33:00,0.85,12839.0,United Kingdom
581125,22616,PACK OF 12 LONDON TISSUES ,1,2011-12-07 12:41:00,0.39,14087.0,United Kingdom
581129,85123A,WHITE HANGING HEART T-LIGHT HOLDER,18,2011-12-07 12:48:00,2.95,15498.0,United Kingdom
581129,84879,ASSORTED COLOUR BIRD ORNAMENT,8,2011-12-07 12:48:00,1.69,15498.0,United Kingdom
581129,84077,WORLD WAR 2 GLIDERS ASSTD DESIGNS,48,2011-12-07 12:48:00,0.29,15498.0,United Kingdom
581133,23084,RABBIT NIGHT LIGHT,6,2011-12-07 12:55:00,2.08,14904.0,United Kingdom
581132,85123A,WHITE HANGING HEART T-LIGHT HOLDER,8,2011-12-07 12:55:00,2.95,17590.0,United Kingdom
581132,84879,ASSORTED COLOUR BIRD ORNAMENT,8,2011-12-07 12:55:00,1.69,17590.0,United Kingdom
581137,23084,RABBIT NIGHT LIGHT,12,2011-12-07 13:16:00,2.08,17434.0,United Kingdom
581139,85123A,WHITE HANGING HEART T-LIGHT HOLDER,32,2011-12-07 13:21:00,2.55,13798.0,United Kingdom
581142,23084,RABBIT NIGHT LIGHT,1,2011-12-07 13:38:00,2.08,14204.0,United Kingdom
581146,21212,PACK OF 72 RETROSPOT CAKE CASES,24,2011-12-07 13:53:00,0.55,17602.0,United Kingdom
581146,22616,PACK OF 12 LONDON TISSUES ,12,2011-12-07 13:53:00,0.39,17602.0,United Kingdom
581146,23084,RABBIT NIGHT LIGHT,24,2011-12-07 13:53:00,1.79,17602.0,United Kingdom
581146,85123A,WHITE HANGING HEART T-LIGHT HOLDER,3,2011-12-07 13:53:00,2.95,17602.0,United Kingdom
581149,85123A,WHITE HANGING HEART T-LIGHT HOLDER,32,2011-12-07 14:12:00,2.55,15471.0,United Kingdom
581150,23084,RABBIT NIGHT LIGHT,2,2011-12-07 14:12:00,2.08,17266.0,United Kingdom
581149,21212,PACK OF 72 RETROSPOT CAKE CASES,1,2011-12-07 14:12:00,0.55,15471.0,United Kingdom
581163,85123A,WHITE HANGING HEART T-LIGHT HOLDER,6,2011-12-07 14:34:00,2.95,12747.0,United Kingdom
581165,23084,RABBIT NIGHT LIGHT,6,2011-12-07 14:39:00,2.08,15701.0,United Kingdom
581166,21212,PACK OF 72 RETROSPOT CAKE CASES,1,2011-12-07 14:43:00,0.55,15525.0,United Kingdom
581166,23084,RABBIT NIGHT LIGHT,1,2011-12-07 14:43:00,2.08,15525.0,United Kingdom
581167,85099B,JUMBO BAG RED RETROSPOT,20,2011-12-07 14:52:00,2.08,13534.0,United Kingdom
581168,22197,POPCORN HOLDER,12,2011-12-07 14:52:00,0.85,16779.0,United Kingdom
581169,22197,POPCORN HOLDER,12,2011-12-07 14:54:00,0.85,16779.0,United Kingdom
581170,84879,ASSORTED COLOUR BIRD ORNAMENT,32,2011-12-07 15:00:00,1.69,13767.0,United Kingdom
581171,23084,RABBIT NIGHT LIGHT,24,2011-12-07 15:02:00,1.79,12615.0,France
581171,84077,WORLD WAR 2 GLIDERS ASSTD DESIGNS,48,2011-12-07 15:02:00,0.29,12615.0,France
581173,22616,PACK OF 12 LONDON TISSUES ,2,2011-12-07 15:07:00,0.39,17870.0,United Kingdom
581174,85123A,WHITE HANGING HEART T-LIGHT HOLDER,6,2011-12-07 15:08:00,2.95,13769.0,United Kingdom
581175,23084,RABBIT NIGHT LIGHT,1440,2011-12-07 15:16:00,1.79,14646.0,Netherlands
581177,23084,RABBIT NIGHT LIGHT,72,2011-12-07 15:23:00,1.79,14032.0,United Kingdom
581179,23084,RABBIT NIGHT LIGHT,24,2011-12-07 15:43:00,1.79,12471.0,Germany
581180,23084,RABBIT NIGHT LIGHT,24,2011-12-07 15:52:00,1.79,12347.0,Iceland
581193,85123A,WHITE HANGING HEART T-LIGHT HOLDER,1,2011-12-07 17:05:00,2.95,17097.0,Spain
581196,21212,PACK OF 72 RETROSPOT CAKE CASES,24,2011-12-07 17:25:00,0.55,12935.0,United Kingdom
581196,85099B,JUMBO BAG RED RETROSPOT,10,2011-12-07 17:25:00,2.08,12935.0,United Kingdom
581197,23084,RABBIT NIGHT LIGHT,3,2011-12-07 17:56:00,2.08,,United Kingdom
581216,85099B,JUMBO BAG RED RETROSPOT,30,2011-12-08 09:06:00,2.08,16523.0,United Kingdom
581217,23084,RABBIT NIGHT LIGHT,40,2011-12-08 09:20:00,4.13,,United Kingdom
581217,85099B,JUMBO BAG RED RETROSPOT,6,2011-12-08 09:20:00,4.13,,United Kingdom
581217,85123A,WHITE HANGING HEART T-LIGHT HOLDER,1,2011-12-08 09:20:00,5.79,,United Kingdom
581217,84879,ASSORTED COLOUR BIRD ORNAMENT,8,2011-12-08 09:20:00,3.12,,United Kingdom
581217,21212,PACK OF 72 RETROSPOT CAKE CASES,3,2011-12-08 09:20:00,1.25,,United Kingdom
581217,22197,POPCORN HOLDER,27,2011-12-08 09:20:00,1.63,,United Kingdom
581219,22197,POPCORN HOLDER,62,2011-12-08 09:28:00,1.63,,United Kingdom
581219,21212,PACK OF 72 RETROSPOT CAKE CASES,4,2011-12-08 09:28:00,1.25,,United Kingdom
581219,85099B,JUMBO BAG RED RETROSPOT,2,2011-12-08 09:28:00,4.13,,United Kingdom
581219,85123A,WHITE HANGING HEART T-LIGHT HOLDER,3,2011-12-08 09:28:00,5.79,,United Kingdom
581219,23084,RABBIT NIGHT LIGHT,33,2011-12-08 09:28:00,4.13,,United Kingdom
581219,23166,MEDIUM CERAMIC TOP STORAGE JAR,1,2011-12-08 09:28:00,2.46,,United Kingdom
581222,85099B,JUMBO BAG RED RETROSPOT,30,2011-12-08 09:46:00,2.08,14520.0,United Kingdom
581222,22197,POPCORN HOLDER,12,2011-12-08 09:46:00,0.85,14520.0,United Kingdom
581225,23084,RABBIT NIGHT LIGHT,24,2011-12-08 09:55:00,1.79,17677.0,United Kingdom
581225,22197,POPCORN HOLDER,12,2011-12-08 09:55:00,0.85,17677.0,United Kingdom
581238,85099B,JUMBO BAG RED RETROSPOT,5,2011-12-08 10:53:00,4.13,,United Kingdom
581246,85123A,WHITE HANGING HEART T-LIGHT HOLDER,1,2011-12-08 10:59:00,2.95,15453.0,United Kingdom
581253,85123A,WHITE HANGING HEART T-LIGHT HOLDER,2,2011-12-08 11:15:00,2.95,16891.0,United Kingdom
581256,23084,RABBIT NIGHT LIGHT,74,2011-12-08 11:21:00,4.96,,United Kingdom
581256,21212,PACK OF 72 RETROSPOT CAKE CASES,40,2011-12-08 11:21:00,2.08,,United Kingdom
581256,21212,PACK OF 72 RETROSPOT CAKE CASES,1,2011-12-08 11:21:00,5.0,,United Kingdom
581256,22197,POPCORN HOLDER,98,2011-12-08 11:21:00,2.46,,United Kingdom
581310,23084,RABBIT NIGHT LIGHT,1,2011-12-08 11:43:00,2.08,16442.0,United Kingdom
581310,22616,PACK OF 12 LONDON TISSUES ,1,2011-12-08 11:43:00,0.39,16442.0,United Kingdom
581327,23084,RABBIT NIGHT LIGHT,48,2011-12-08 11:56:00,1.79,15187.0,United Kingdom
581334,85123A,CREAM HANGING HEART T-LIGHT HOLDER,4,2011-12-08 12:07:00,2.95,17841.0,United Kingdom
581345,23084,RABBIT NIGHT LIGHT,1,2011-12-08 12:15:00,2.08,17315.0,United Kingdom
581356,85123A,WHITE HANGING HEART T-LIGHT HOLDER,6,2011-12-08 12:28:00,2.95,17830.0,United Kingdom
581395,85123A,CREAM HANGING HEART T-LIGHT HOLDER,6,2011-12-08 13:18:00,2.95,16892.0,United Kingdom
581401,85099B,JUMBO BAG RED RETROSPOT,10,2011-12-08 13:43:00,2.08,17644.0,United Kingdom
581402,23084,RABBIT NIGHT LIGHT,3,2011-12-08 13:45:00,2.08,14653.0,United Kingdom
581402,85123A,CREAM HANGING HEART T-LIGHT HOLDER,6,2011-12-08 13:45:00,2.95,14653.0,United Kingdom
581403,85099B,JUMBO BAG RED RETROSPOT,10,2011-12-08 13:46:00,2.08,13510.0,United Kingdom
581403,84077,WORLD WAR 2 GLIDERS ASSTD DESIGNS,48,2011-12-08 13:46:00,0.29,13510.0,United Kingdom
581404,85123A,CREAM HANGING HEART T-LIGHT HOLDER,4,2011-12-08 13:47:00,2.95,13680.0,United Kingdom
581405,23084,RABBIT NIGHT LIGHT,8,2011-12-08 13:50:00,2.08,13521.0,United Kingdom
581405,84879,ASSORTED COLOUR BIRD ORNAMENT,3,2011-12-08 13:50:00,1.69,13521.0,United Kingdom
581410,23084,RABBIT NIGHT LIGHT,168,2011-12-08 14:14:00,1.79,13098.0,United Kingdom
581412,85123A,CREAM HANGING HEART T-LIGHT HOLDER,4,2011-12-08 14:38:00,2.95,14415.0,United Kingdom
581412,85099B,JUMBO BAG RED RETROSPOT,3,2011-12-08 14:38:00,2.08,14415.0,United Kingdom
581413,23084,RABBIT NIGHT LIGHT,10,2011-12-08 14:39:00,2.08,16833.0,United Kingdom
581415,23084,RABBIT NIGHT LIGHT,72,2011-12-08 14:53:00,1.79,13269.0,United Kingdom
581419,84077,WORLD WAR 2 GLIDERS ASSTD DESIGNS,288,2011-12-08 15:03:00,0.21,15484.0,United Kingdom
581421,85099B,JUMBO BAG RED RETROSPOT,9,2011-12-08 15:23:00,2.08,15898.0,United Kingdom
581425,21212,PACK OF 72 RETROSPOT CAKE CASES,2,2011-12-08 15:31:00,0.55,14796.0,United Kingdom
581426,22197,POPCORN HOLDER,30,2011-12-08 15:31:00,0.85,17757.0,United Kingdom
581432,85123A,CREAM HANGING HEART T-LIGHT HOLDER,32,2011-12-08 15:51:00,2.55,13798.0,United Kingdom
581434,23084,RABBIT NIGHT LIGHT,12,2011-12-08 16:10:00,2.08,13599.0,United Kingdom
581439,22616,PACK OF 12 LONDON TISSUES ,2,2011-12-08 16:30:00,0.83,,United Kingdom
581439,22197,POPCORN HOLDER,70,2011-12-08 16:30:00,0.85,,United Kingdom
581439,23166,MEDIUM CERAMIC TOP STORAGE JAR,2,2011-12-08 16:30:00,2.46,,United Kingdom
581439,23084,RABBIT NIGHT LIGHT,32,2011-12-08 16:30:00,4.13,,United Kingdom
581439,85123A,CREAM HANGING HEART T-LIGHT HOLDER,1,2011-12-08 16:30:00,5.79,,United Kingdom
581439,85099B,JUMBO BAG RED RETROSPOT,1,2011-12-08 16:30:00,4.13,,United Kingdom
581439,21212,PACK OF 72 RETROSPOT CAKE CASES,1,2011-12-08 16:30:00,1.25,,United Kingdom
581452,85123A,WHITE HANGING HEART T-LIGHT HOLDER,32,2011-12-08 18:03:00,2.55,17675.0,United Kingdom
581453,22197,POPCORN HOLDER,100,2011-12-08 18:15:00,0.72,16401.0,United Kingdom
581458,22197,POPCORN HOLDER,1500,2011-12-08 18:45:00,0.72,17949.0,United Kingdom
581459,22197,POPCORN HOLDER,1200,2011-12-08 18:46:00,0.72,17949.0,United Kingdom
581461,23084,RABBIT NIGHT LIGHT,48,2011-12-08 18:51:00,1.79,13318.0,United Kingdom
581472,85123A,WHITE HANGING HEART T-LIGHT HOLDER,6,2011-12-08 19:55:00,2.95,15796.0,United Kingdom
581476,23166,MEDIUM CERAMIC TOP STORAGE JAR,48,2011-12-09 08:48:00,1.04,12433.0,Norway
581476,22197,POPCORN HOLDER,100,2011-12-09 08:48:00,0.72,12433.0,Norway
581478,84077,WORLD WAR 2 GLIDERS ASSTD DESIGNS,48,2011-12-09 08:59:00,0.29,17364.0,United Kingdom
581483,23843,"PAPER CRAFT , LITTLE BIRDIE",80995,2011-12-09 09:15:00,2.08,16446.0,United Kingdom
581486,85099B,JUMBO BAG RED RETROSPOT,10,2011-12-09 09:38:00,2.08,17001.0,United Kingdom
581492,22616,PACK OF 12 LONDON TISSUES ,1,2011-12-09 10:03:00,0.83,,United Kingdom
581492,85123A,CREAM HANGING HEART T-LIGHT HOLDER,3,2011-12-09 10:03:00,5.79,,United Kingdom
581492,23166,MEDIUM CERAMIC TOP STORAGE JAR,2,2011-12-09 10:03:00,2.46,,United Kingdom
581492,23084,RABBIT NIGHT LIGHT,57,2011-12-09 10:03:00,4.13,,United Kingdom
581492,84879,ASSORTED COLOUR BIRD ORNAMENT,16,2011-12-09 10:03:00,3.12,,United Kingdom
581492,84077,WORLD WAR 2 GLIDERS ASSTD DESIGNS,1,2011-12-09 10:03:00,0.63,,United Kingdom
581492,21212,PACK OF 72 RETROSPOT CAKE CASES,2,2011-12-09 10:03:00,1.25,,United Kingdom
581492,22197,POPCORN HOLDER,34,2011-12-09 10:03:00,1.63,,United Kingdom
581494,23084,RABBIT NIGHT LIGHT,24,2011-12-09 10:13:00,1.79,12518.0,Germany
581496,23084,RABBIT NIGHT LIGHT,18,2011-12-09 10:20:00,2.08,16558.0,United Kingdom
581497,23084,RABBIT NIGHT LIGHT,37,2011-12-09 10:23:00,4.96,,United Kingdom
581497,21212,PACK OF 72 RETROSPOT CAKE CASES,7,2011-12-09 10:23:00,2.08,,United Kingdom
581497,22197,POPCORN HOLDER,68,2011-12-09 10:23:00,2.46,,United Kingdom
581498,85099B,JUMBO BAG RED RETROSPOT,5,2011-12-09 10:26:00,4.13,,United Kingdom
581538,22197,POPCORN HOLDER,4,2011-12-09 11:34:00,0.85,14446.0,United Kingdom
581538,85123A,CREAM HANGING HEART T-LIGHT HOLDER,1,2011-12-09 11:34:00,2.95,14446.0,United Kingdom
581538,23084,RABBIT NIGHT LIGHT,2,2011-12-09 11:34:00,2.08,14446.0,United Kingdom
581579,23084,RABBIT NIGHT LIGHT,24,2011-12-09 12:19:00,1.79,17581.0,United Kingdom
581579,22197,POPCORN HOLDER,24,2011-12-09 12:19:00,0.85,17581.0,United Kingdom
581585,84879,ASSORTED COLOUR BIRD ORNAMENT,16,2011-12-09 12:31:00,1.69,15804.0,United Kingdom
581585,23084,RABBIT NIGHT LIGHT,12,2011-12-09 12:31:00,2.08,15804.0,United Kingdom
